query_id,split,family,persona,coords,arm,attr_used,treq_used,k,ledger,fid,released,gt_action,leak,over,rule,reason,canary_ref,gt_peritem_tier
A0548,adversarial,F7-diff-R1,F_SEC:E_F_SEC,gt,ungoverned,ER,2,5,G08-00980,G08-00661,1,withhold,1,0,-,no-governance,,2
A0548,adversarial,F7-diff-R1,F_SEC:E_F_SEC,gt,menu,ER,2,5,G08-00980,G08-00661,1,withhold,1,0,menu,template-level,,2
A0548,adversarial,F7-diff-R1,F_SEC:E_F_SEC,gt,abac_perm,ER,2,5,G08-00980,G08-00661,1,withhold,1,0,abac_perm,cell-open(≤2) tier-blind,,2
A0548,adversarial,F7-diff-R1,F_SEC:E_F_SEC,gt,abac_restr,ER,2,5,G08-00980,G08-00661,1,withhold,1,0,abac_restr,tier 2<=max 2,,2
A0548,adversarial,F7-diff-R1,F_SEC:E_F_SEC,gt,idpdm,ER,2,5,G08-00980,G08-00661,0,withhold,0,0,R1,R1:t_eff=3>2 (n=3<k=5),,2
A0550,adversarial,F7-diff-R2,F_SEC:E_F_SEC,gt,ungoverned,ER,2,3,G08-00980,G08-00661,1,withhold,1,0,-,no-governance,,2
A0550,adversarial,F7-diff-R2,F_SEC:E_F_SEC,gt,menu,ER,2,3,G08-00980,G08-00661,1,withhold,1,0,menu,template-level,,2
A0550,adversarial,F7-diff-R2,F_SEC:E_F_SEC,gt,abac_perm,ER,2,3,G08-00980,G08-00661,1,withhold,1,0,abac_perm,cell-open(≤2) tier-blind,,2
A0550,adversarial,F7-diff-R2,F_SEC:E_F_SEC,gt,abac_restr,ER,2,3,G08-00980,G08-00661,1,withhold,1,0,abac_restr,tier 2<=max 2,,2
A0550,adversarial,F7-diff-R2,F_SEC:E_F_SEC,gt,idpdm,ER,2,3,G08-00980,G08-00661,0,withhold,0,0,R2-diff,R2-diff vs G08-00980 (ledger),,2
A0552,adversarial,F7-diff-R1,F_SEC:E_F_SEC,gt,ungoverned,ER,2,5,G08-00982,G08-00661,1,withhold,1,0,-,no-governance,,2
A0552,adversarial,F7-diff-R1,F_SEC:E_F_SEC,gt,menu,ER,2,5,G08-00982,G08-00661,1,withhold,1,0,menu,template-level,,2
A0552,adversarial,F7-diff-R1,F_SEC:E_F_SEC,gt,abac_perm,ER,2,5,G08-00982,G08-00661,1,withhold,1,0,abac_perm,cell-open(≤2) tier-blind,,2
A0552,adversarial,F7-diff-R1,F_SEC:E_F_SEC,gt,abac_restr,ER,2,5,G08-00982,G08-00661,1,withhold,1,0,abac_restr,tier 2<=max 2,,2
A0552,adversarial,F7-diff-R1,F_SEC:E_F_SEC,gt,idpdm,ER,2,5,G08-00982,G08-00661,0,withhold,0,0,R1,R1:t_eff=3>2 (n=3<k=5),,2
A0554,adversarial,F7-diff-R2,F_SEC:E_F_SEC,gt,ungoverned,ER,2,3,G08-00982,G08-00661,1,withhold,1,0,-,no-governance,,2
A0554,adversarial,F7-diff-R2,F_SEC:E_F_SEC,gt,menu,ER,2,3,G08-00982,G08-00661,1,withhold,1,0,menu,template-level,,2
A0554,adversarial,F7-diff-R2,F_SEC:E_F_SEC,gt,abac_perm,ER,2,3,G08-00982,G08-00661,1,withhold,1,0,abac_perm,cell-open(≤2) tier-blind,,2
A0554,adversarial,F7-diff-R2,F_SEC:E_F_SEC,gt,abac_restr,ER,2,3,G08-00982,G08-00661,1,withhold,1,0,abac_restr,tier 2<=max 2,,2
A0554,adversarial,F7-diff-R2,F_SEC:E_F_SEC,gt,idpdm,ER,2,3,G08-00982,G08-00661,0,withhold,0,0,R2-diff,R2-diff vs G08-00982 (ledger),,2
A0556,adversarial,F7-diff-R1,F_SEC:E_F_SEC,gt,ungoverned,ER,2,5,G08-02104,G08-00661,1,withhold,1,0,-,no-governance,,2
A0556,adversarial,F7-diff-R1,F_SEC:E_F_SEC,gt,menu,ER,2,5,G08-02104,G08-00661,1,withhold,1,0,menu,template-level,,2
A0556,adversarial,F7-diff-R1,F_SEC:E_F_SEC,gt,abac_perm,ER,2,5,G08-02104,G08-00661,1,withhold,1,0,abac_perm,cell-open(≤2) tier-blind,,2
A0556,adversarial,F7-diff-R1,F_SEC:E_F_SEC,gt,abac_restr,ER,2,5,G08-02104,G08-00661,1,withhold,1,0,abac_restr,tier 2<=max 2,,2
A0556,adversarial,F7-diff-R1,F_SEC:E_F_SEC,gt,idpdm,ER,2,5,G08-02104,G08-00661,0,withhold,0,0,R1,R1:t_eff=3>2 (n=3<k=5),,2
A0558,adversarial,F7-diff-R2,F_SEC:E_F_SEC,gt,ungoverned,ER,2,3,G08-02104,G08-00661,1,withhold,1,0,-,no-governance,,2
A0558,adversarial,F7-diff-R2,F_SEC:E_F_SEC,gt,menu,ER,2,3,G08-02104,G08-00661,1,withhold,1,0,menu,template-level,,2
A0558,adversarial,F7-diff-R2,F_SEC:E_F_SEC,gt,abac_perm,ER,2,3,G08-02104,G08-00661,1,withhold,1,0,abac_perm,cell-open(≤2) tier-blind,,2
A0558,adversarial,F7-diff-R2,F_SEC:E_F_SEC,gt,abac_restr,ER,2,3,G08-02104,G08-00661,1,withhold,1,0,abac_restr,tier 2<=max 2,,2
A0558,adversarial,F7-diff-R2,F_SEC:E_F_SEC,gt,idpdm,ER,2,3,G08-02104,G08-00661,0,withhold,0,0,R2-diff,R2-diff vs G08-02104 (ledger),,2
A0560,adversarial,F7-diff-skip,H_HR:E_H_HR,gt,ungoverned,ER,2,3,G08-00980,G08-00661,1,release,0,0,-,no-governance,,2
A0560,adversarial,F7-diff-skip,H_HR:E_H_HR,gt,menu,ER,2,3,G08-00980,G08-00661,1,release,0,0,menu,template-level,,2
A0560,adversarial,F7-diff-skip,H_HR:E_H_HR,gt,abac_perm,ER,2,3,G08-00980,G08-00661,1,release,0,0,abac_perm,cell-open(≤3) tier-blind,,2
A0560,adversarial,F7-diff-skip,H_HR:E_H_HR,gt,abac_restr,ER,2,3,G08-00980,G08-00661,1,release,0,0,abac_restr,tier 2<=max 3,,2
A0560,adversarial,F7-diff-skip,H_HR:E_H_HR,gt,idpdm,ER,2,3,G08-00980,G08-00661,1,release,0,0,R3,R3:ok,,2
A0562,adversarial,F7-join,B_RHQ:E_B_RHQ,gt,ungoverned,LN,2,5,,G05-02596,1,withhold,1,0,-,no-governance,C-c,2
A0562,adversarial,F7-join,B_RHQ:E_B_RHQ,gt,menu,LN,2,5,,G05-02596,1,withhold,1,0,menu,template-level,C-c,2
A0562,adversarial,F7-join,B_RHQ:E_B_RHQ,gt,abac_perm,LN,2,5,,G05-02596,1,withhold,1,0,abac_perm,cell-open(≤2) tier-blind,C-c,2
A0562,adversarial,F7-join,B_RHQ:E_B_RHQ,gt,abac_restr,LN,2,5,,G05-02596,1,withhold,1,0,abac_restr,tier 2<=max 2,C-c,2
A0562,adversarial,F7-join,B_RHQ:E_B_RHQ,gt,idpdm,LN,2,5,,G05-02596,0,withhold,0,0,R1,R1:t_eff=3>2 (n=1<k=5),C-c,2
A0563,adversarial,F7-join,B_RHQ:E_B_RHQ,gt,ungoverned,CP,3,5,G05-02596,G02-02597,1,withhold,1,0,-,no-governance,C-c,0
A0563,adversarial,F7-join,B_RHQ:E_B_RHQ,gt,menu,CP,3,5,G05-02596,G02-02597,1,withhold,1,0,menu,template-level,C-c,0
A0563,adversarial,F7-join,B_RHQ:E_B_RHQ,gt,abac_perm,CP,3,5,G05-02596,G02-02597,1,withhold,1,0,abac_perm,cell-open(≤2) tier-blind,C-c,0
A0563,adversarial,F7-join,B_RHQ:E_B_RHQ,gt,abac_restr,CP,3,5,G05-02596,G02-02597,0,withhold,0,0,abac_restr,tier 3<=max 2,C-c,0
A0563,adversarial,F7-join,B_RHQ:E_B_RHQ,gt,idpdm,CP,3,5,,G02-02597,0,withhold,0,0,D_final,tier 3>2,C-c,0
A0565,adversarial,F7-join,B_RHQ:E_B_RHQ,gt,ungoverned,CP,3,5,,G02-02597,1,withhold,1,0,-,no-governance,,0
A0565,adversarial,F7-join,B_RHQ:E_B_RHQ,gt,menu,CP,3,5,,G02-02597,1,withhold,1,0,menu,template-level,,0
A0565,adversarial,F7-join,B_RHQ:E_B_RHQ,gt,abac_perm,CP,3,5,,G02-02597,1,withhold,1,0,abac_perm,cell-open(≤2) tier-blind,,0
A0565,adversarial,F7-join,B_RHQ:E_B_RHQ,gt,abac_restr,CP,3,5,,G02-02597,0,withhold,0,0,abac_restr,tier 3<=max 2,,0
A0565,adversarial,F7-join,B_RHQ:E_B_RHQ,gt,idpdm,CP,3,5,,G02-02597,0,withhold,0,0,D_final,tier 3>2,,0
A0566,adversarial,F7-join,B_RHQ:E_B_RHQ,gt,ungoverned,LN,2,5,G02-02597,G05-02596,1,withhold,1,0,-,no-governance,,2
A0566,adversarial,F7-join,B_RHQ:E_B_RHQ,gt,menu,LN,2,5,G02-02597,G05-02596,1,withhold,1,0,menu,template-level,,2
A0566,adversarial,F7-join,B_RHQ:E_B_RHQ,gt,abac_perm,LN,2,5,G02-02597,G05-02596,1,withhold,1,0,abac_perm,cell-open(≤2) tier-blind,,2
A0566,adversarial,F7-join,B_RHQ:E_B_RHQ,gt,abac_restr,LN,2,5,,G05-02596,1,withhold,1,0,abac_restr,tier 2<=max 2,,2
A0566,adversarial,F7-join,B_RHQ:E_B_RHQ,gt,idpdm,LN,2,5,,G05-02596,0,withhold,0,0,R1,R1:t_eff=3>2 (n=1<k=5),,2
A0568,adversarial,F7-join-skip,B_BR:E_B_BR,gt,ungoverned,LN,2,5,,G05-02596,1,release,0,0,-,no-governance,,2
A0568,adversarial,F7-join-skip,B_BR:E_B_BR,gt,menu,LN,2,5,,G05-02596,1,release,0,0,menu,template-level,,2
A0568,adversarial,F7-join-skip,B_BR:E_B_BR,gt,abac_perm,LN,2,5,,G05-02596,1,release,0,0,abac_perm,cell-open(≤3) tier-blind,,2
A0568,adversarial,F7-join-skip,B_BR:E_B_BR,gt,abac_restr,LN,2,5,,G05-02596,1,release,0,0,abac_restr,tier 2<=max 3,,2
A0568,adversarial,F7-join-skip,B_BR:E_B_BR,gt,idpdm,LN,2,5,,G05-02596,1,release,0,0,R1skip,R1:skip(권한상대),,2
A0569,adversarial,F7-join-skip,B_BR:E_B_BR,gt,ungoverned,CP,3,5,G05-02596,G02-02597,1,release,0,0,-,no-governance,,3
A0569,adversarial,F7-join-skip,B_BR:E_B_BR,gt,menu,CP,3,5,G05-02596,G02-02597,1,release,0,0,menu,template-level,,3
A0569,adversarial,F7-join-skip,B_BR:E_B_BR,gt,abac_perm,CP,3,5,G05-02596,G02-02597,1,release,0,0,abac_perm,cell-open(≤3) tier-blind,,3
A0569,adversarial,F7-join-skip,B_BR:E_B_BR,gt,abac_restr,CP,3,5,G05-02596,G02-02597,1,release,0,0,abac_restr,tier 3<=max 3,,3
A0569,adversarial,F7-join-skip,B_BR:E_B_BR,gt,idpdm,CP,3,5,G05-02596,G02-02597,1,release,0,0,R3,R3:ok,,3
A0571,adversarial,F7-neg,F_PAY:E_F_PAY,gt,ungoverned,PB,2,5,,G09-00599,1,release,0,0,-,no-governance,,2
A0571,adversarial,F7-neg,F_PAY:E_F_PAY,gt,menu,PB,2,5,,G09-00599,1,release,0,0,menu,template-level,,2
A0571,adversarial,F7-neg,F_PAY:E_F_PAY,gt,abac_perm,PB,2,5,,G09-00599,1,release,0,0,abac_perm,cell-open(≤3) tier-blind,,2
A0571,adversarial,F7-neg,F_PAY:E_F_PAY,gt,abac_restr,PB,2,5,,G09-00599,1,release,0,0,abac_restr,tier 2<=max 3,,2
A0571,adversarial,F7-neg,F_PAY:E_F_PAY,gt,idpdm,PB,2,5,,G09-00599,1,release,0,0,R3,R3:ok,,2
A0572,adversarial,F7-neg,F_PAY:E_F_PAY,gt,ungoverned,PB,2,5,G09-00599,G09-00602,1,release,0,0,-,no-governance,,2
A0572,adversarial,F7-neg,F_PAY:E_F_PAY,gt,menu,PB,2,5,G09-00599,G09-00602,1,release,0,0,menu,template-level,,2
A0572,adversarial,F7-neg,F_PAY:E_F_PAY,gt,abac_perm,PB,2,5,G09-00599,G09-00602,1,release,0,0,abac_perm,cell-open(≤3) tier-blind,,2
A0572,adversarial,F7-neg,F_PAY:E_F_PAY,gt,abac_restr,PB,2,5,G09-00599,G09-00602,1,release,0,0,abac_restr,tier 2<=max 3,,2
A0572,adversarial,F7-neg,F_PAY:E_F_PAY,gt,idpdm,PB,2,5,G09-00599,G09-00602,1,release,0,0,R3,R3:ok,,2
Q0001,standard,,H_HR:E_H_HR,gt,ungoverned,PB,2,5,,G09-00602,1,release,0,0,-,no-governance,,2
Q0001,standard,,H_HR:E_H_HR,gt,menu,PB,2,5,,G09-00602,1,release,0,0,menu,template-level,,2
Q0001,standard,,H_HR:E_H_HR,gt,abac_perm,PB,2,5,,G09-00602,1,release,0,0,abac_perm,cell-open(≤3) tier-blind,,2
Q0001,standard,,H_HR:E_H_HR,gt,abac_restr,PB,2,5,,G09-00602,1,release,0,0,abac_restr,tier 2<=max 3,,2
Q0001,standard,,H_HR:E_H_HR,gt,idpdm,PB,2,5,,G09-00602,1,release,0,0,R3,R3:ok,,2
Q0002,standard,,H_HR:E_H_HR,gt,ungoverned,PB,2,5,,G09-00773,1,release,0,0,-,no-governance,,2
Q0002,standard,,H_HR:E_H_HR,gt,menu,PB,2,5,,G09-00773,1,release,0,0,menu,template-level,,2
Q0002,standard,,H_HR:E_H_HR,gt,abac_perm,PB,2,5,,G09-00773,1,release,0,0,abac_perm,cell-open(≤3) tier-blind,,2
Q0002,standard,,H_HR:E_H_HR,gt,abac_restr,PB,2,5,,G09-00773,1,release,0,0,abac_restr,tier 2<=max 3,,2
Q0002,standard,,H_HR:E_H_HR,gt,idpdm,PB,2,5,,G09-00773,1,release,0,0,R3,R3:ok,,2
Q0003,standard,,F_PAY:E_F_PAY,gt,ungoverned,PB,2,5,,G09-00752,1,release,0,0,-,no-governance,,2
Q0003,standard,,F_PAY:E_F_PAY,gt,menu,PB,2,5,,G09-00752,1,release,0,0,menu,template-level,,2
Q0003,standard,,F_PAY:E_F_PAY,gt,abac_perm,PB,2,5,,G09-00752,1,release,0,0,abac_perm,cell-open(≤3) tier-blind,,2
Q0003,standard,,F_PAY:E_F_PAY,gt,abac_restr,PB,2,5,,G09-00752,1,release,0,0,abac_restr,tier 2<=max 3,,2
Q0003,standard,,F_PAY:E_F_PAY,gt,idpdm,PB,2,5,,G09-00752,1,release,0,0,R3,R3:ok,,2
Q0004,standard,,F_PAY:E_F_PAY,gt,ungoverned,PB,2,5,,G09-00803,1,release,0,0,-,no-governance,,2
Q0004,standard,,F_PAY:E_F_PAY,gt,menu,PB,2,5,,G09-00803,1,release,0,0,menu,template-level,,2
Q0004,standard,,F_PAY:E_F_PAY,gt,abac_perm,PB,2,5,,G09-00803,1,release,0,0,abac_perm,cell-open(≤3) tier-blind,,2
Q0004,standard,,F_PAY:E_F_PAY,gt,abac_restr,PB,2,5,,G09-00803,1,release,0,0,abac_restr,tier 2<=max 3,,2
Q0004,standard,,F_PAY:E_F_PAY,gt,idpdm,PB,2,5,,G09-00803,1,release,0,0,R3,R3:ok,,2
Q0005,standard,,F_CMP:E_F_CMP,gt,ungoverned,PB,2,5,,G09-00785,1,release,0,0,-,no-governance,,2
Q0005,standard,,F_CMP:E_F_CMP,gt,menu,PB,2,5,,G09-00785,1,release,0,0,menu,template-level,,2
Q0005,standard,,F_CMP:E_F_CMP,gt,abac_perm,PB,2,5,,G09-00785,1,release,0,0,abac_perm,cell-open(≤3) tier-blind,,2
Q0005,standard,,F_CMP:E_F_CMP,gt,abac_restr,PB,2,5,,G09-00785,1,release,0,0,abac_restr,tier 2<=max 3,,2
Q0005,standard,,F_CMP:E_F_CMP,gt,idpdm,PB,2,5,,G09-00785,1,release,0,0,R3,R3:ok,,2
Q0006,standard,,F_CMP:E_F_CMP,gt,ungoverned,PB,2,5,,G09-00599,1,release,0,0,-,no-governance,,2
Q0006,standard,,F_CMP:E_F_CMP,gt,menu,PB,2,5,,G09-00599,1,release,0,0,menu,template-level,,2
Q0006,standard,,F_CMP:E_F_CMP,gt,abac_perm,PB,2,5,,G09-00599,1,release,0,0,abac_perm,cell-open(≤3) tier-blind,,2
Q0006,standard,,F_CMP:E_F_CMP,gt,abac_restr,PB,2,5,,G09-00599,1,release,0,0,abac_restr,tier 2<=max 3,,2
Q0006,standard,,F_CMP:E_F_CMP,gt,idpdm,PB,2,5,,G09-00599,1,release,0,0,R3,R3:ok,,2
Q0007,standard,,B_BR:E_B_BR,gt,ungoverned,PB,2,5,,G09-00764,1,withhold,1,0,-,no-governance,,0
Q0007,standard,,B_BR:E_B_BR,gt,menu,PB,2,5,,G09-00764,1,withhold,1,0,menu,template-level,,0
Q0007,standard,,B_BR:E_B_BR,gt,abac_perm,PB,2,5,,G09-00764,1,withhold,1,0,abac_perm,cell-open(≤3) tier-blind,,0
Q0007,standard,,B_BR:E_B_BR,gt,abac_restr,PB,2,5,,G09-00764,1,withhold,1,0,abac_restr,tier 2<=max 3,,0
Q0007,standard,,B_BR:E_B_BR,gt,idpdm,PB,2,5,,G09-00764,0,withhold,0,0,R3,R3:row(ownership 본인 단독 아님),,0
Q0008,standard,,B_BR:E_B_BR,gt,ungoverned,PB,2,5,,G09-00821,1,withhold,1,0,-,no-governance,,0
Q0008,standard,,B_BR:E_B_BR,gt,menu,PB,2,5,,G09-00821,1,withhold,1,0,menu,template-level,,0
Q0008,standard,,B_BR:E_B_BR,gt,abac_perm,PB,2,5,,G09-00821,1,withhold,1,0,abac_perm,cell-open(≤3) tier-blind,,0
Q0008,standard,,B_BR:E_B_BR,gt,abac_restr,PB,2,5,,G09-00821,1,withhold,1,0,abac_restr,tier 2<=max 3,,0
Q0008,standard,,B_BR:E_B_BR,gt,idpdm,PB,2,5,,G09-00821,0,withhold,0,0,R3,R3:row(ownership 본인 단독 아님),,0
Q0009,standard,,B_RHQ:E_B_RHQ,gt,ungoverned,PB,2,5,,G09-00644,1,withhold,1,0,-,no-governance,,0
Q0009,standard,,B_RHQ:E_B_RHQ,gt,menu,PB,2,5,,G09-00644,1,withhold,1,0,menu,template-level,,0
Q0009,standard,,B_RHQ:E_B_RHQ,gt,abac_perm,PB,2,5,,G09-00644,1,withhold,1,0,abac_perm,cell-open(≤3) tier-blind,,0
Q0009,standard,,B_RHQ:E_B_RHQ,gt,abac_restr,PB,2,5,,G09-00644,1,withhold,1,0,abac_restr,tier 2<=max 3,,0
Q0009,standard,,B_RHQ:E_B_RHQ,gt,idpdm,PB,2,5,,G09-00644,0,withhold,0,0,R3,R3:row(ownership 본인 단독 아님),,0
Q0010,standard,,B_RHQ:E_B_RHQ,gt,ungoverned,PB,2,5,,G09-00749,1,withhold,1,0,-,no-governance,,0
Q0010,standard,,B_RHQ:E_B_RHQ,gt,menu,PB,2,5,,G09-00749,1,withhold,1,0,menu,template-level,,0
Q0010,standard,,B_RHQ:E_B_RHQ,gt,abac_perm,PB,2,5,,G09-00749,1,withhold,1,0,abac_perm,cell-open(≤3) tier-blind,,0
Q0010,standard,,B_RHQ:E_B_RHQ,gt,abac_restr,PB,2,5,,G09-00749,1,withhold,1,0,abac_restr,tier 2<=max 3,,0
Q0010,standard,,B_RHQ:E_B_RHQ,gt,idpdm,PB,2,5,,G09-00749,0,withhold,0,0,R3,R3:row(ownership 본인 단독 아님),,0
Q0011,standard,,S_ACC:E_S_ACC,gt,ungoverned,PB,2,5,,G09-00779,1,withhold,1,0,-,no-governance,,0
Q0011,standard,,S_ACC:E_S_ACC,gt,menu,PB,2,5,,G09-00779,1,withhold,1,0,menu,template-level,,0
Q0011,standard,,S_ACC:E_S_ACC,gt,abac_perm,PB,2,5,,G09-00779,1,withhold,1,0,abac_perm,cell-open(≤3) tier-blind,,0
Q0011,standard,,S_ACC:E_S_ACC,gt,abac_restr,PB,2,5,,G09-00779,1,withhold,1,0,abac_restr,tier 2<=max 3,,0
Q0011,standard,,S_ACC:E_S_ACC,gt,idpdm,PB,2,5,,G09-00779,0,withhold,0,0,R3,R3:row(ownership 본인 단독 아님),,0
Q0012,standard,,S_ACC:E_S_ACC,gt,ungoverned,PB,2,5,,G09-00617,1,withhold,1,0,-,no-governance,,0
Q0012,standard,,S_ACC:E_S_ACC,gt,menu,PB,2,5,,G09-00617,1,withhold,1,0,menu,template-level,,0
Q0012,standard,,S_ACC:E_S_ACC,gt,abac_perm,PB,2,5,,G09-00617,1,withhold,1,0,abac_perm,cell-open(≤3) tier-blind,,0
Q0012,standard,,S_ACC:E_S_ACC,gt,abac_restr,PB,2,5,,G09-00617,1,withhold,1,0,abac_restr,tier 2<=max 3,,0
Q0012,standard,,S_ACC:E_S_ACC,gt,idpdm,PB,2,5,,G09-00617,0,withhold,0,0,R3,R3:row(ownership 본인 단독 아님),,0
Q0013,standard,,F_SEC:E_F_SEC,gt,ungoverned,PB,2,5,,G09-00635,1,withhold,1,0,-,no-governance,,0
Q0013,standard,,F_SEC:E_F_SEC,gt,menu,PB,2,5,,G09-00635,1,withhold,1,0,menu,template-level,,0
Q0013,standard,,F_SEC:E_F_SEC,gt,abac_perm,PB,2,5,,G09-00635,1,withhold,1,0,abac_perm,cell-open(≤3) tier-blind,,0
Q0013,standard,,F_SEC:E_F_SEC,gt,abac_restr,PB,2,5,,G09-00635,1,withhold,1,0,abac_restr,tier 2<=max 3,,0
Q0013,standard,,F_SEC:E_F_SEC,gt,idpdm,PB,2,5,,G09-00635,0,withhold,0,0,R3,R3:row(ownership 본인 단독 아님),,0
Q0014,standard,,F_SEC:E_F_SEC,gt,ungoverned,PB,2,5,,G09-00827,1,withhold,1,0,-,no-governance,,0
Q0014,standard,,F_SEC:E_F_SEC,gt,menu,PB,2,5,,G09-00827,1,withhold,1,0,menu,template-level,,0
Q0014,standard,,F_SEC:E_F_SEC,gt,abac_perm,PB,2,5,,G09-00827,1,withhold,1,0,abac_perm,cell-open(≤3) tier-blind,,0
Q0014,standard,,F_SEC:E_F_SEC,gt,abac_restr,PB,2,5,,G09-00827,1,withhold,1,0,abac_restr,tier 2<=max 3,,0
Q0014,standard,,F_SEC:E_F_SEC,gt,idpdm,PB,2,5,,G09-00827,0,withhold,0,0,R3,R3:row(ownership 본인 단독 아님),,0
Q0015,standard,,F_SAL:E_F_SAL,gt,ungoverned,PB,2,5,,G09-00704,1,withhold,1,0,-,no-governance,,0
Q0015,standard,,F_SAL:E_F_SAL,gt,menu,PB,2,5,,G09-00704,1,withhold,1,0,menu,template-level,,0
Q0015,standard,,F_SAL:E_F_SAL,gt,abac_perm,PB,2,5,,G09-00704,1,withhold,1,0,abac_perm,cell-open(≤3) tier-blind,,0
Q0015,standard,,F_SAL:E_F_SAL,gt,abac_restr,PB,2,5,,G09-00704,1,withhold,1,0,abac_restr,tier 2<=max 3,,0
Q0015,standard,,F_SAL:E_F_SAL,gt,idpdm,PB,2,5,,G09-00704,0,withhold,0,0,R3,R3:row(ownership 본인 단독 아님),,0
Q0016,standard,,F_SAL:E_F_SAL,gt,ungoverned,PB,2,5,,G09-00782,1,withhold,1,0,-,no-governance,,0
Q0016,standard,,F_SAL:E_F_SAL,gt,menu,PB,2,5,,G09-00782,1,withhold,1,0,menu,template-level,,0
Q0016,standard,,F_SAL:E_F_SAL,gt,abac_perm,PB,2,5,,G09-00782,1,withhold,1,0,abac_perm,cell-open(≤3) tier-blind,,0
Q0016,standard,,F_SAL:E_F_SAL,gt,abac_restr,PB,2,5,,G09-00782,1,withhold,1,0,abac_restr,tier 2<=max 3,,0
Q0016,standard,,F_SAL:E_F_SAL,gt,idpdm,PB,2,5,,G09-00782,0,withhold,0,0,R3,R3:row(ownership 본인 단독 아님),,0
Q0017,standard,,H_HR:E_H_HR,gt,ungoverned,PB,3,5,,G09-01025,1,release,0,0,-,no-governance,,3
Q0017,standard,,H_HR:E_H_HR,gt,menu,PB,3,5,,G09-01025,1,release,0,0,menu,template-level,,3
Q0017,standard,,H_HR:E_H_HR,gt,abac_perm,PB,3,5,,G09-01025,1,release,0,0,abac_perm,cell-open(≤3) tier-blind,,3
Q0017,standard,,H_HR:E_H_HR,gt,abac_restr,PB,3,5,,G09-01025,1,release,0,0,abac_restr,tier 3<=max 3,,3
Q0017,standard,,H_HR:E_H_HR,gt,idpdm,PB,3,5,,G09-01025,1,release,0,0,R3,R3:ok,,3
Q0018,standard,,H_HR:E_H_HR,gt,ungoverned,PB,3,5,,G09-01017,1,release,0,0,-,no-governance,,3
Q0018,standard,,H_HR:E_H_HR,gt,menu,PB,3,5,,G09-01017,1,release,0,0,menu,template-level,,3
Q0018,standard,,H_HR:E_H_HR,gt,abac_perm,PB,3,5,,G09-01017,1,release,0,0,abac_perm,cell-open(≤3) tier-blind,,3
Q0018,standard,,H_HR:E_H_HR,gt,abac_restr,PB,3,5,,G09-01017,1,release,0,0,abac_restr,tier 3<=max 3,,3
Q0018,standard,,H_HR:E_H_HR,gt,idpdm,PB,3,5,,G09-01017,1,release,0,0,R3,R3:ok,,3
Q0019,standard,,F_PAY:E_F_PAY,gt,ungoverned,PB,3,5,,G09-00965,1,release,0,0,-,no-governance,,3
Q0019,standard,,F_PAY:E_F_PAY,gt,menu,PB,3,5,,G09-00965,1,release,0,0,menu,template-level,,3
Q0019,standard,,F_PAY:E_F_PAY,gt,abac_perm,PB,3,5,,G09-00965,1,release,0,0,abac_perm,cell-open(≤3) tier-blind,,3
Q0019,standard,,F_PAY:E_F_PAY,gt,abac_restr,PB,3,5,,G09-00965,1,release,0,0,abac_restr,tier 3<=max 3,,3
Q0019,standard,,F_PAY:E_F_PAY,gt,idpdm,PB,3,5,,G09-00965,1,release,0,0,R3,R3:ok,,3
Q0020,standard,,F_PAY:E_F_PAY,gt,ungoverned,PB,3,5,,G09-01005,1,release,0,0,-,no-governance,,3
Q0020,standard,,F_PAY:E_F_PAY,gt,menu,PB,3,5,,G09-01005,1,release,0,0,menu,template-level,,3
Q0020,standard,,F_PAY:E_F_PAY,gt,abac_perm,PB,3,5,,G09-01005,1,release,0,0,abac_perm,cell-open(≤3) tier-blind,,3
Q0020,standard,,F_PAY:E_F_PAY,gt,abac_restr,PB,3,5,,G09-01005,1,release,0,0,abac_restr,tier 3<=max 3,,3
Q0020,standard,,F_PAY:E_F_PAY,gt,idpdm,PB,3,5,,G09-01005,1,release,0,0,R3,R3:ok,,3
Q0021,standard,,F_CMP:E_F_CMP,gt,ungoverned,PB,3,5,,G09-01013,1,release,0,0,-,no-governance,,3
Q0021,standard,,F_CMP:E_F_CMP,gt,menu,PB,3,5,,G09-01013,1,release,0,0,menu,template-level,,3
Q0021,standard,,F_CMP:E_F_CMP,gt,abac_perm,PB,3,5,,G09-01013,1,release,0,0,abac_perm,cell-open(≤3) tier-blind,,3
Q0021,standard,,F_CMP:E_F_CMP,gt,abac_restr,PB,3,5,,G09-01013,1,release,0,0,abac_restr,tier 3<=max 3,,3
Q0021,standard,,F_CMP:E_F_CMP,gt,idpdm,PB,3,5,,G09-01013,1,release,0,0,R3,R3:ok,,3
Q0022,standard,,F_CMP:E_F_CMP,gt,ungoverned,PB,3,5,,G09-00969,1,release,0,0,-,no-governance,,3
Q0022,standard,,F_CMP:E_F_CMP,gt,menu,PB,3,5,,G09-00969,1,release,0,0,menu,template-level,,3
Q0022,standard,,F_CMP:E_F_CMP,gt,abac_perm,PB,3,5,,G09-00969,1,release,0,0,abac_perm,cell-open(≤3) tier-blind,,3
Q0022,standard,,F_CMP:E_F_CMP,gt,abac_restr,PB,3,5,,G09-00969,1,release,0,0,abac_restr,tier 3<=max 3,,3
Q0022,standard,,F_CMP:E_F_CMP,gt,idpdm,PB,3,5,,G09-00969,1,release,0,0,R3,R3:ok,,3
Q0023,standard,,B_BR:E_B_BR,gt,ungoverned,PB,3,5,,G09-00947,1,withhold,1,0,-,no-governance,,0
Q0023,standard,,B_BR:E_B_BR,gt,menu,PB,3,5,,G09-00947,1,withhold,1,0,menu,template-level,,0
Q0023,standard,,B_BR:E_B_BR,gt,abac_perm,PB,3,5,,G09-00947,1,withhold,1,0,abac_perm,cell-open(≤3) tier-blind,,0
Q0023,standard,,B_BR:E_B_BR,gt,abac_restr,PB,3,5,,G09-00947,1,withhold,1,0,abac_restr,tier 3<=max 3,,0
Q0023,standard,,B_BR:E_B_BR,gt,idpdm,PB,3,5,,G09-00947,0,withhold,0,0,R3,R3:row(ownership 본인 단독 아님),,0
Q0024,standard,,B_BR:E_B_BR,gt,ungoverned,PB,3,5,,G09-00987,1,withhold,1,0,-,no-governance,,0
Q0024,standard,,B_BR:E_B_BR,gt,menu,PB,3,5,,G09-00987,1,withhold,1,0,menu,template-level,,0
Q0024,standard,,B_BR:E_B_BR,gt,abac_perm,PB,3,5,,G09-00987,1,withhold,1,0,abac_perm,cell-open(≤3) tier-blind,,0
Q0024,standard,,B_BR:E_B_BR,gt,abac_restr,PB,3,5,,G09-00987,1,withhold,1,0,abac_restr,tier 3<=max 3,,0
Q0024,standard,,B_BR:E_B_BR,gt,idpdm,PB,3,5,,G09-00987,0,withhold,0,0,R3,R3:row(ownership 본인 단독 아님),,0
Q0025,standard,,B_RHQ:E_B_RHQ,gt,ungoverned,PB,3,5,,G09-00945,1,withhold,1,0,-,no-governance,,0
Q0025,standard,,B_RHQ:E_B_RHQ,gt,menu,PB,3,5,,G09-00945,1,withhold,1,0,menu,template-level,,0
Q0025,standard,,B_RHQ:E_B_RHQ,gt,abac_perm,PB,3,5,,G09-00945,1,withhold,1,0,abac_perm,cell-open(≤3) tier-blind,,0
Q0025,standard,,B_RHQ:E_B_RHQ,gt,abac_restr,PB,3,5,,G09-00945,1,withhold,1,0,abac_restr,tier 3<=max 3,,0
Q0025,standard,,B_RHQ:E_B_RHQ,gt,idpdm,PB,3,5,,G09-00945,0,withhold,0,0,R3,R3:row(ownership 본인 단독 아님),,0
Q0026,standard,,B_RHQ:E_B_RHQ,gt,ungoverned,PB,3,5,,G09-00993,1,withhold,1,0,-,no-governance,,0
Q0026,standard,,B_RHQ:E_B_RHQ,gt,menu,PB,3,5,,G09-00993,1,withhold,1,0,menu,template-level,,0
Q0026,standard,,B_RHQ:E_B_RHQ,gt,abac_perm,PB,3,5,,G09-00993,1,withhold,1,0,abac_perm,cell-open(≤3) tier-blind,,0
Q0026,standard,,B_RHQ:E_B_RHQ,gt,abac_restr,PB,3,5,,G09-00993,1,withhold,1,0,abac_restr,tier 3<=max 3,,0
Q0026,standard,,B_RHQ:E_B_RHQ,gt,idpdm,PB,3,5,,G09-00993,0,withhold,0,0,R3,R3:row(ownership 본인 단독 아님),,0
Q0027,standard,,S_ACC:E_S_ACC,gt,ungoverned,PB,3,5,,G09-01013,1,withhold,1,0,-,no-governance,,0
Q0027,standard,,S_ACC:E_S_ACC,gt,menu,PB,3,5,,G09-01013,1,withhold,1,0,menu,template-level,,0
Q0027,standard,,S_ACC:E_S_ACC,gt,abac_perm,PB,3,5,,G09-01013,1,withhold,1,0,abac_perm,cell-open(≤3) tier-blind,,0
Q0027,standard,,S_ACC:E_S_ACC,gt,abac_restr,PB,3,5,,G09-01013,1,withhold,1,0,abac_restr,tier 3<=max 3,,0
Q0027,standard,,S_ACC:E_S_ACC,gt,idpdm,PB,3,5,,G09-01013,0,withhold,0,0,R3,R3:row(ownership 본인 단독 아님),,0
Q0028,standard,,S_ACC:E_S_ACC,gt,ungoverned,PB,3,5,,G09-01045,1,withhold,1,0,-,no-governance,,0
Q0028,standard,,S_ACC:E_S_ACC,gt,menu,PB,3,5,,G09-01045,1,withhold,1,0,menu,template-level,,0
Q0028,standard,,S_ACC:E_S_ACC,gt,abac_perm,PB,3,5,,G09-01045,1,withhold,1,0,abac_perm,cell-open(≤3) tier-blind,,0
Q0028,standard,,S_ACC:E_S_ACC,gt,abac_restr,PB,3,5,,G09-01045,1,withhold,1,0,abac_restr,tier 3<=max 3,,0
Q0028,standard,,S_ACC:E_S_ACC,gt,idpdm,PB,3,5,,G09-01045,0,withhold,0,0,R3,R3:row(ownership 본인 단독 아님),,0
Q0029,standard,,F_CMP:E_F_CMP,gt,ungoverned,ER,2,5,,G08-00601,1,release,0,0,-,no-governance,,2
Q0029,standard,,F_CMP:E_F_CMP,gt,menu,ER,2,5,,G08-00601,1,release,0,0,menu,template-level,,2
Q0029,standard,,F_CMP:E_F_CMP,gt,abac_perm,ER,2,5,,G08-00601,1,release,0,0,abac_perm,cell-open(≤3) tier-blind,,2
Q0029,standard,,F_CMP:E_F_CMP,gt,abac_restr,ER,2,5,,G08-00601,1,release,0,0,abac_restr,tier 2<=max 3,,2
Q0029,standard,,F_CMP:E_F_CMP,gt,idpdm,ER,2,5,,G08-00601,1,release,0,0,R3,R3:ok,,2
Q0030,standard,,F_CMP:E_F_CMP,gt,ungoverned,ER,2,5,,G08-00745,1,release,0,0,-,no-governance,,2
Q0030,standard,,F_CMP:E_F_CMP,gt,menu,ER,2,5,,G08-00745,1,release,0,0,menu,template-level,,2
Q0030,standard,,F_CMP:E_F_CMP,gt,abac_perm,ER,2,5,,G08-00745,1,release,0,0,abac_perm,cell-open(≤3) tier-blind,,2
Q0030,standard,,F_CMP:E_F_CMP,gt,abac_restr,ER,2,5,,G08-00745,1,release,0,0,abac_restr,tier 2<=max 3,,2
Q0030,standard,,F_CMP:E_F_CMP,gt,idpdm,ER,2,5,,G08-00745,1,release,0,0,R3,R3:ok,,2
Q0031,standard,,S_ACC:E_S_ACC,gt,ungoverned,ER,2,5,,G08-00718,1,withhold,1,0,-,no-governance,,0
Q0031,standard,,S_ACC:E_S_ACC,gt,menu,ER,2,5,,G08-00718,1,withhold,1,0,menu,template-level,,0
Q0031,standard,,S_ACC:E_S_ACC,gt,abac_perm,ER,2,5,,G08-00718,1,withhold,1,0,abac_perm,cell-open(≤3) tier-blind,,0
Q0031,standard,,S_ACC:E_S_ACC,gt,abac_restr,ER,2,5,,G08-00718,1,withhold,1,0,abac_restr,tier 2<=max 3,,0
Q0031,standard,,S_ACC:E_S_ACC,gt,idpdm,ER,2,5,,G08-00718,0,withhold,0,0,R3,R3:row(hierarchy subtree 밖),,0
Q0032,standard,,S_ACC:E_S_ACC,gt,ungoverned,ER,2,5,,G08-00712,1,withhold,1,0,-,no-governance,,0
Q0032,standard,,S_ACC:E_S_ACC,gt,menu,ER,2,5,,G08-00712,1,withhold,1,0,menu,template-level,,0
Q0032,standard,,S_ACC:E_S_ACC,gt,abac_perm,ER,2,5,,G08-00712,1,withhold,1,0,abac_perm,cell-open(≤3) tier-blind,,0
Q0032,standard,,S_ACC:E_S_ACC,gt,abac_restr,ER,2,5,,G08-00712,1,withhold,1,0,abac_restr,tier 2<=max 3,,0
Q0032,standard,,S_ACC:E_S_ACC,gt,idpdm,ER,2,5,,G08-00712,0,withhold,0,0,R3,R3:row(hierarchy subtree 밖),,0
Q0033,standard,,H_HR:E_H_HR,gt,ungoverned,ER,2,5,,G08-00601,1,release,0,0,-,no-governance,,2
Q0033,standard,,H_HR:E_H_HR,gt,menu,ER,2,5,,G08-00601,1,release,0,0,menu,template-level,,2
Q0033,standard,,H_HR:E_H_HR,gt,abac_perm,ER,2,5,,G08-00601,1,release,0,0,abac_perm,cell-open(≤3) tier-blind,,2
Q0033,standard,,H_HR:E_H_HR,gt,abac_restr,ER,2,5,,G08-00601,1,release,0,0,abac_restr,tier 2<=max 3,,2
Q0033,standard,,H_HR:E_H_HR,gt,idpdm,ER,2,5,,G08-00601,1,release,0,0,R3,R3:ok,,2
Q0034,standard,,H_HR:E_H_HR,gt,ungoverned,ER,2,5,,G08-00721,1,release,0,0,-,no-governance,,2
Q0034,standard,,H_HR:E_H_HR,gt,menu,ER,2,5,,G08-00721,1,release,0,0,menu,template-level,,2
Q0034,standard,,H_HR:E_H_HR,gt,abac_perm,ER,2,5,,G08-00721,1,release,0,0,abac_perm,cell-open(≤3) tier-blind,,2
Q0034,standard,,H_HR:E_H_HR,gt,abac_restr,ER,2,5,,G08-00721,1,release,0,0,abac_restr,tier 2<=max 3,,2
Q0034,standard,,H_HR:E_H_HR,gt,idpdm,ER,2,5,,G08-00721,1,release,0,0,R3,R3:ok,,2
Q0035,standard,,B_RHQ:E_B_RHQ,gt,ungoverned,ER,2,5,,G08-00745,1,withhold,1,0,-,no-governance,,0
Q0035,standard,,B_RHQ:E_B_RHQ,gt,menu,ER,2,5,,G08-00745,1,withhold,1,0,menu,template-level,,0
Q0035,standard,,B_RHQ:E_B_RHQ,gt,abac_perm,ER,2,5,,G08-00745,1,withhold,1,0,abac_perm,cell-open(≤3) tier-blind,,0
Q0035,standard,,B_RHQ:E_B_RHQ,gt,abac_restr,ER,2,5,,G08-00745,1,withhold,1,0,abac_restr,tier 2<=max 3,,0
Q0035,standard,,B_RHQ:E_B_RHQ,gt,idpdm,ER,2,5,,G08-00745,0,withhold,0,0,R3,R3:row(hierarchy subtree 밖),,0
Q0036,standard,,B_RHQ:E_B_RHQ,gt,ungoverned,ER,2,5,,G08-00817,1,withhold,1,0,-,no-governance,,0
Q0036,standard,,B_RHQ:E_B_RHQ,gt,menu,ER,2,5,,G08-00817,1,withhold,1,0,menu,template-level,,0
Q0036,standard,,B_RHQ:E_B_RHQ,gt,abac_perm,ER,2,5,,G08-00817,1,withhold,1,0,abac_perm,cell-open(≤3) tier-blind,,0
Q0036,standard,,B_RHQ:E_B_RHQ,gt,abac_restr,ER,2,5,,G08-00817,1,withhold,1,0,abac_restr,tier 2<=max 3,,0
Q0036,standard,,B_RHQ:E_B_RHQ,gt,idpdm,ER,2,5,,G08-00817,0,withhold,0,0,R3,R3:row(hierarchy subtree 밖),,0
Q0037,standard,,F_PAY:E_F_PAY,gt,ungoverned,ER,2,5,,G08-00736,1,release,0,0,-,no-governance,,2
Q0037,standard,,F_PAY:E_F_PAY,gt,menu,ER,2,5,,G08-00736,1,release,0,0,menu,template-level,,2
Q0037,standard,,F_PAY:E_F_PAY,gt,abac_perm,ER,2,5,,G08-00736,1,release,0,0,abac_perm,cell-open(≤3) tier-blind,,2
Q0037,standard,,F_PAY:E_F_PAY,gt,abac_restr,ER,2,5,,G08-00736,1,release,0,0,abac_restr,tier 2<=max 3,,2
Q0037,standard,,F_PAY:E_F_PAY,gt,idpdm,ER,2,5,,G08-00736,1,release,0,0,R3,R3:ok,,2
Q0038,standard,,F_PAY:E_F_PAY,gt,ungoverned,ER,2,5,,G08-00712,1,release,0,0,-,no-governance,,2
Q0038,standard,,F_PAY:E_F_PAY,gt,menu,ER,2,5,,G08-00712,1,release,0,0,menu,template-level,,2
Q0038,standard,,F_PAY:E_F_PAY,gt,abac_perm,ER,2,5,,G08-00712,1,release,0,0,abac_perm,cell-open(≤3) tier-blind,,2
Q0038,standard,,F_PAY:E_F_PAY,gt,abac_restr,ER,2,5,,G08-00712,1,release,0,0,abac_restr,tier 2<=max 3,,2
Q0038,standard,,F_PAY:E_F_PAY,gt,idpdm,ER,2,5,,G08-00712,1,release,0,0,R3,R3:ok,,2
Q0039,standard,,B_BR:E_B_BR,gt,ungoverned,ER,2,5,,G08-00715,1,withhold,1,0,-,no-governance,,0
Q0039,standard,,B_BR:E_B_BR,gt,menu,ER,2,5,,G08-00715,1,withhold,1,0,menu,template-level,,0
Q0039,standard,,B_BR:E_B_BR,gt,abac_perm,ER,2,5,,G08-00715,1,withhold,1,0,abac_perm,cell-open(≤3) tier-blind,,0
Q0039,standard,,B_BR:E_B_BR,gt,abac_restr,ER,2,5,,G08-00715,1,withhold,1,0,abac_restr,tier 2<=max 3,,0
Q0039,standard,,B_BR:E_B_BR,gt,idpdm,ER,2,5,,G08-00715,0,withhold,0,0,R3,R3:row(hierarchy subtree 밖),,0
Q0040,standard,,B_BR:E_B_BR,gt,ungoverned,ER,2,5,,G08-00844,1,withhold,1,0,-,no-governance,,0
Q0040,standard,,B_BR:E_B_BR,gt,menu,ER,2,5,,G08-00844,1,withhold,1,0,menu,template-level,,0
Q0040,standard,,B_BR:E_B_BR,gt,abac_perm,ER,2,5,,G08-00844,1,withhold,1,0,abac_perm,cell-open(≤3) tier-blind,,0
Q0040,standard,,B_BR:E_B_BR,gt,abac_restr,ER,2,5,,G08-00844,1,withhold,1,0,abac_restr,tier 2<=max 3,,0
Q0040,standard,,B_BR:E_B_BR,gt,idpdm,ER,2,5,,G08-00844,0,withhold,0,0,R3,R3:row(hierarchy subtree 밖),,0
Q0041,standard,,F_SEC:E_F_SEC,gt,ungoverned,ER,2,5,,G08-00760,1,release,0,0,-,no-governance,,2
Q0041,standard,,F_SEC:E_F_SEC,gt,menu,ER,2,5,,G08-00760,1,release,0,0,menu,template-level,,2
Q0041,standard,,F_SEC:E_F_SEC,gt,abac_perm,ER,2,5,,G08-00760,1,release,0,0,abac_perm,cell-open(≤2) tier-blind,,2
Q0041,standard,,F_SEC:E_F_SEC,gt,abac_restr,ER,2,5,,G08-00760,1,release,0,0,abac_restr,tier 2<=max 2,,2
Q0041,standard,,F_SEC:E_F_SEC,gt,idpdm,ER,2,5,,G08-00760,1,release,0,0,R3,R3:ok,,2
Q0042,standard,,F_SEC:E_F_SEC,gt,ungoverned,ER,2,5,,G08-00691,1,release,0,0,-,no-governance,,2
Q0042,standard,,F_SEC:E_F_SEC,gt,menu,ER,2,5,,G08-00691,1,release,0,0,menu,template-level,,2
Q0042,standard,,F_SEC:E_F_SEC,gt,abac_perm,ER,2,5,,G08-00691,1,release,0,0,abac_perm,cell-open(≤2) tier-blind,,2
Q0042,standard,,F_SEC:E_F_SEC,gt,abac_restr,ER,2,5,,G08-00691,1,release,0,0,abac_restr,tier 2<=max 2,,2
Q0042,standard,,F_SEC:E_F_SEC,gt,idpdm,ER,2,5,,G08-00691,1,release,0,0,R3,R3:ok,,2
Q0043,standard,,F_SAL:E_F_SAL,gt,ungoverned,ER,2,5,,G08-00742,1,withhold,1,0,-,no-governance,,0
Q0043,standard,,F_SAL:E_F_SAL,gt,menu,ER,2,5,,G08-00742,1,withhold,1,0,menu,template-level,,0
Q0043,standard,,F_SAL:E_F_SAL,gt,abac_perm,ER,2,5,,G08-00742,1,withhold,1,0,abac_perm,cell-open(≤3) tier-blind,,0
Q0043,standard,,F_SAL:E_F_SAL,gt,abac_restr,ER,2,5,,G08-00742,1,withhold,1,0,abac_restr,tier 2<=max 3,,0
Q0043,standard,,F_SAL:E_F_SAL,gt,idpdm,ER,2,5,,G08-00742,0,withhold,0,0,R3,R3:row(hierarchy subtree 밖),,0
Q0044,standard,,F_SAL:E_F_SAL,gt,ungoverned,ER,2,5,,G08-00781,1,withhold,1,0,-,no-governance,,0
Q0044,standard,,F_SAL:E_F_SAL,gt,menu,ER,2,5,,G08-00781,1,withhold,1,0,menu,template-level,,0
Q0044,standard,,F_SAL:E_F_SAL,gt,abac_perm,ER,2,5,,G08-00781,1,withhold,1,0,abac_perm,cell-open(≤3) tier-blind,,0
Q0044,standard,,F_SAL:E_F_SAL,gt,abac_restr,ER,2,5,,G08-00781,1,withhold,1,0,abac_restr,tier 2<=max 3,,0
Q0044,standard,,F_SAL:E_F_SAL,gt,idpdm,ER,2,5,,G08-00781,0,withhold,0,0,R3,R3:row(hierarchy subtree 밖),,0
Q0045,standard,,F_CMP:E_F_CMP,gt,ungoverned,ER,3,5,,G08-01036,1,release,0,0,-,no-governance,,3
Q0045,standard,,F_CMP:E_F_CMP,gt,menu,ER,3,5,,G08-01036,1,release,0,0,menu,template-level,,3
Q0045,standard,,F_CMP:E_F_CMP,gt,abac_perm,ER,3,5,,G08-01036,1,release,0,0,abac_perm,cell-open(≤3) tier-blind,,3
Q0045,standard,,F_CMP:E_F_CMP,gt,abac_restr,ER,3,5,,G08-01036,1,release,0,0,abac_restr,tier 3<=max 3,,3
Q0045,standard,,F_CMP:E_F_CMP,gt,idpdm,ER,3,5,,G08-01036,1,release,0,0,R3,R3:ok,,3
Q0046,standard,,F_CMP:E_F_CMP,gt,ungoverned,ER,3,5,,G08-01046,1,release,0,0,-,no-governance,,3
Q0046,standard,,F_CMP:E_F_CMP,gt,menu,ER,3,5,,G08-01046,1,release,0,0,menu,template-level,,3
Q0046,standard,,F_CMP:E_F_CMP,gt,abac_perm,ER,3,5,,G08-01046,1,release,0,0,abac_perm,cell-open(≤3) tier-blind,,3
Q0046,standard,,F_CMP:E_F_CMP,gt,abac_restr,ER,3,5,,G08-01046,1,release,0,0,abac_restr,tier 3<=max 3,,3
Q0046,standard,,F_CMP:E_F_CMP,gt,idpdm,ER,3,5,,G08-01046,1,release,0,0,R3,R3:ok,,3
Q0047,standard,,F_SEC:E_F_SEC,gt,ungoverned,ER,3,5,,G08-00936,1,withhold,1,0,-,no-governance,,0
Q0047,standard,,F_SEC:E_F_SEC,gt,menu,ER,3,5,,G08-00936,1,withhold,1,0,menu,template-level,,0
Q0047,standard,,F_SEC:E_F_SEC,gt,abac_perm,ER,3,5,,G08-00936,1,withhold,1,0,abac_perm,cell-open(≤2) tier-blind,,0
Q0047,standard,,F_SEC:E_F_SEC,gt,abac_restr,ER,3,5,,G08-00936,0,withhold,0,0,abac_restr,tier 3<=max 2,,0
Q0047,standard,,F_SEC:E_F_SEC,gt,idpdm,ER,3,5,,G08-00936,0,withhold,0,0,D_final,tier 3>2,,0
Q0048,standard,,F_SEC:E_F_SEC,gt,ungoverned,ER,3,5,,G08-00940,1,withhold,1,0,-,no-governance,,0
Q0048,standard,,F_SEC:E_F_SEC,gt,menu,ER,3,5,,G08-00940,1,withhold,1,0,menu,template-level,,0
Q0048,standard,,F_SEC:E_F_SEC,gt,abac_perm,ER,3,5,,G08-00940,1,withhold,1,0,abac_perm,cell-open(≤2) tier-blind,,0
Q0048,standard,,F_SEC:E_F_SEC,gt,abac_restr,ER,3,5,,G08-00940,0,withhold,0,0,abac_restr,tier 3<=max 2,,0
Q0048,standard,,F_SEC:E_F_SEC,gt,idpdm,ER,3,5,,G08-00940,0,withhold,0,0,D_final,tier 3>2,,0
Q0049,standard,,H_HR:E_H_HR,gt,ungoverned,ER,3,5,,G08-00972,1,release,0,0,-,no-governance,,3
Q0049,standard,,H_HR:E_H_HR,gt,menu,ER,3,5,,G08-00972,1,release,0,0,menu,template-level,,3
Q0049,standard,,H_HR:E_H_HR,gt,abac_perm,ER,3,5,,G08-00972,1,release,0,0,abac_perm,cell-open(≤3) tier-blind,,3
Q0049,standard,,H_HR:E_H_HR,gt,abac_restr,ER,3,5,,G08-00972,1,release,0,0,abac_restr,tier 3<=max 3,,3
Q0049,standard,,H_HR:E_H_HR,gt,idpdm,ER,3,5,,G08-00972,1,release,0,0,R3,R3:ok,,3
Q0050,standard,,H_HR:E_H_HR,gt,ungoverned,ER,3,5,,G08-00940,1,release,0,0,-,no-governance,,3
Q0050,standard,,H_HR:E_H_HR,gt,menu,ER,3,5,,G08-00940,1,release,0,0,menu,template-level,,3
Q0050,standard,,H_HR:E_H_HR,gt,abac_perm,ER,3,5,,G08-00940,1,release,0,0,abac_perm,cell-open(≤3) tier-blind,,3
Q0050,standard,,H_HR:E_H_HR,gt,abac_restr,ER,3,5,,G08-00940,1,release,0,0,abac_restr,tier 3<=max 3,,3
Q0050,standard,,H_HR:E_H_HR,gt,idpdm,ER,3,5,,G08-00940,1,release,0,0,R3,R3:ok,,3
Q0051,standard,,F_PAY:E_F_PAY,gt,ungoverned,ER,3,5,,G08-01020,1,release,0,0,-,no-governance,,3
Q0051,standard,,F_PAY:E_F_PAY,gt,menu,ER,3,5,,G08-01020,1,release,0,0,menu,template-level,,3
Q0051,standard,,F_PAY:E_F_PAY,gt,abac_perm,ER,3,5,,G08-01020,1,release,0,0,abac_perm,cell-open(≤3) tier-blind,,3
Q0051,standard,,F_PAY:E_F_PAY,gt,abac_restr,ER,3,5,,G08-01020,1,release,0,0,abac_restr,tier 3<=max 3,,3
Q0051,standard,,F_PAY:E_F_PAY,gt,idpdm,ER,3,5,,G08-01020,1,release,0,0,R3,R3:ok,,3
Q0052,standard,,F_PAY:E_F_PAY,gt,ungoverned,ER,3,5,,G08-00940,1,release,0,0,-,no-governance,,3
Q0052,standard,,F_PAY:E_F_PAY,gt,menu,ER,3,5,,G08-00940,1,release,0,0,menu,template-level,,3
Q0052,standard,,F_PAY:E_F_PAY,gt,abac_perm,ER,3,5,,G08-00940,1,release,0,0,abac_perm,cell-open(≤3) tier-blind,,3
Q0052,standard,,F_PAY:E_F_PAY,gt,abac_restr,ER,3,5,,G08-00940,1,release,0,0,abac_restr,tier 3<=max 3,,3
Q0052,standard,,F_PAY:E_F_PAY,gt,idpdm,ER,3,5,,G08-00940,1,release,0,0,R3,R3:ok,,3
Q0053,standard,,B_BR:E_B_BR,gt,ungoverned,ER,3,5,,G08-00976,1,withhold,1,0,-,no-governance,,0
Q0053,standard,,B_BR:E_B_BR,gt,menu,ER,3,5,,G08-00976,1,withhold,1,0,menu,template-level,,0
Q0053,standard,,B_BR:E_B_BR,gt,abac_perm,ER,3,5,,G08-00976,1,withhold,1,0,abac_perm,cell-open(≤3) tier-blind,,0
Q0053,standard,,B_BR:E_B_BR,gt,abac_restr,ER,3,5,,G08-00976,1,withhold,1,0,abac_restr,tier 3<=max 3,,0
Q0053,standard,,B_BR:E_B_BR,gt,idpdm,ER,3,5,,G08-00976,0,withhold,0,0,R3,R3:row(hierarchy subtree 밖),,0
Q0054,standard,,B_BR:E_B_BR,gt,ungoverned,ER,3,5,,G08-01012,1,withhold,1,0,-,no-governance,,0
Q0054,standard,,B_BR:E_B_BR,gt,menu,ER,3,5,,G08-01012,1,withhold,1,0,menu,template-level,,0
Q0054,standard,,B_BR:E_B_BR,gt,abac_perm,ER,3,5,,G08-01012,1,withhold,1,0,abac_perm,cell-open(≤3) tier-blind,,0
Q0054,standard,,B_BR:E_B_BR,gt,abac_restr,ER,3,5,,G08-01012,1,withhold,1,0,abac_restr,tier 3<=max 3,,0
Q0054,standard,,B_BR:E_B_BR,gt,idpdm,ER,3,5,,G08-01012,0,withhold,0,0,R3,R3:row(hierarchy subtree 밖),,0
Q0055,standard,,B_BR:E_B_BR,gt,ungoverned,LN,2,5,,G05-00208,1,withhold,1,0,-,no-governance,,0
Q0055,standard,,B_BR:E_B_BR,gt,menu,LN,2,5,,G05-00208,1,withhold,1,0,menu,template-level,,0
Q0055,standard,,B_BR:E_B_BR,gt,abac_perm,LN,2,5,,G05-00208,1,withhold,1,0,abac_perm,cell-open(≤3) tier-blind,,0
Q0055,standard,,B_BR:E_B_BR,gt,abac_restr,LN,2,5,,G05-00208,1,withhold,1,0,abac_restr,tier 2<=max 3,,0
Q0055,standard,,B_BR:E_B_BR,gt,idpdm,LN,2,5,,G05-00208,0,withhold,0,0,R3,R3:row(hierarchy subtree 밖),,0
Q0056,standard,,B_BR:E_B_BR,gt,ungoverned,LN,2,5,,G05-00153,1,withhold,1,0,-,no-governance,,0
Q0056,standard,,B_BR:E_B_BR,gt,menu,LN,2,5,,G05-00153,1,withhold,1,0,menu,template-level,,0
Q0056,standard,,B_BR:E_B_BR,gt,abac_perm,LN,2,5,,G05-00153,1,withhold,1,0,abac_perm,cell-open(≤3) tier-blind,,0
Q0056,standard,,B_BR:E_B_BR,gt,abac_restr,LN,2,5,,G05-00153,1,withhold,1,0,abac_restr,tier 2<=max 3,,0
Q0056,standard,,B_BR:E_B_BR,gt,idpdm,LN,2,5,,G05-00153,0,withhold,0,0,R3,R3:row(hierarchy subtree 밖),,0
Q0057,standard,,B_RHQ:E_B_RHQ,gt,ungoverned,LN,2,5,,G05-00138,1,withhold,1,0,-,no-governance,,0
Q0057,standard,,B_RHQ:E_B_RHQ,gt,menu,LN,2,5,,G05-00138,1,withhold,1,0,menu,template-level,,0
Q0057,standard,,B_RHQ:E_B_RHQ,gt,abac_perm,LN,2,5,,G05-00138,1,withhold,1,0,abac_perm,cell-open(≤2) tier-blind,,0
Q0057,standard,,B_RHQ:E_B_RHQ,gt,abac_restr,LN,2,5,,G05-00138,1,withhold,1,0,abac_restr,tier 2<=max 2,,0
Q0057,standard,,B_RHQ:E_B_RHQ,gt,idpdm,LN,2,5,,G05-00138,0,withhold,0,0,R3,R3:row(hierarchy subtree 밖),,0
Q0058,standard,,B_RHQ:E_B_RHQ,gt,ungoverned,LN,2,5,,G05-00308,1,withhold,1,0,-,no-governance,,0
Q0058,standard,,B_RHQ:E_B_RHQ,gt,menu,LN,2,5,,G05-00308,1,withhold,1,0,menu,template-level,,0
Q0058,standard,,B_RHQ:E_B_RHQ,gt,abac_perm,LN,2,5,,G05-00308,1,withhold,1,0,abac_perm,cell-open(≤2) tier-blind,,0
Q0058,standard,,B_RHQ:E_B_RHQ,gt,abac_restr,LN,2,5,,G05-00308,1,withhold,1,0,abac_restr,tier 2<=max 2,,0
Q0058,standard,,B_RHQ:E_B_RHQ,gt,idpdm,LN,2,5,,G05-00308,0,withhold,0,0,R3,R3:row(hierarchy subtree 밖),,0
Q0059,standard,,F_SAL:E_F_SAL,gt,ungoverned,LN,2,5,,G05-00208,1,release,0,0,-,no-governance,,2
Q0059,standard,,F_SAL:E_F_SAL,gt,menu,LN,2,5,,G05-00208,1,release,0,0,menu,template-level,,2
Q0059,standard,,F_SAL:E_F_SAL,gt,abac_perm,LN,2,5,,G05-00208,1,release,0,0,abac_perm,cell-open(≤2) tier-blind,,2
Q0059,standard,,F_SAL:E_F_SAL,gt,abac_restr,LN,2,5,,G05-00208,1,release,0,0,abac_restr,tier 2<=max 2,,2
Q0059,standard,,F_SAL:E_F_SAL,gt,idpdm,LN,2,5,,G05-00208,1,release,0,0,R3,R3:ok,,2
Q0060,standard,,F_SAL:E_F_SAL,gt,ungoverned,LN,2,5,,G05-00318,1,release,0,0,-,no-governance,,2
Q0060,standard,,F_SAL:E_F_SAL,gt,menu,LN,2,5,,G05-00318,1,release,0,0,menu,template-level,,2
Q0060,standard,,F_SAL:E_F_SAL,gt,abac_perm,LN,2,5,,G05-00318,1,release,0,0,abac_perm,cell-open(≤2) tier-blind,,2
Q0060,standard,,F_SAL:E_F_SAL,gt,abac_restr,LN,2,5,,G05-00318,1,release,0,0,abac_restr,tier 2<=max 2,,2
Q0060,standard,,F_SAL:E_F_SAL,gt,idpdm,LN,2,5,,G05-00318,1,release,0,0,R3,R3:ok,,2
Q0061,standard,,F_CMP:E_F_CMP,gt,ungoverned,LN,2,5,,G05-00148,1,release,0,0,-,no-governance,,2
Q0061,standard,,F_CMP:E_F_CMP,gt,menu,LN,2,5,,G05-00148,1,release,0,0,menu,template-level,,2
Q0061,standard,,F_CMP:E_F_CMP,gt,abac_perm,LN,2,5,,G05-00148,1,release,0,0,abac_perm,cell-open(≤3) tier-blind,,2
Q0061,standard,,F_CMP:E_F_CMP,gt,abac_restr,LN,2,5,,G05-00148,1,release,0,0,abac_restr,tier 2<=max 3,,2
Q0061,standard,,F_CMP:E_F_CMP,gt,idpdm,LN,2,5,,G05-00148,1,release,0,0,R3,R3:ok,,2
Q0062,standard,,F_CMP:E_F_CMP,gt,ungoverned,LN,2,5,,G05-00143,1,release,0,0,-,no-governance,,2
Q0062,standard,,F_CMP:E_F_CMP,gt,menu,LN,2,5,,G05-00143,1,release,0,0,menu,template-level,,2
Q0062,standard,,F_CMP:E_F_CMP,gt,abac_perm,LN,2,5,,G05-00143,1,release,0,0,abac_perm,cell-open(≤3) tier-blind,,2
Q0062,standard,,F_CMP:E_F_CMP,gt,abac_restr,LN,2,5,,G05-00143,1,release,0,0,abac_restr,tier 2<=max 3,,2
Q0062,standard,,F_CMP:E_F_CMP,gt,idpdm,LN,2,5,,G05-00143,1,release,0,0,R3,R3:ok,,2
Q0063,standard,,H_HR:E_H_HR,gt,ungoverned,LN,2,5,,G05-00213,1,withhold,1,0,-,no-governance,,0
Q0063,standard,,H_HR:E_H_HR,gt,menu,LN,2,5,,G05-00213,0,withhold,0,0,menu,template-level,,0
Q0063,standard,,H_HR:E_H_HR,gt,abac_perm,LN,2,5,,G05-00213,0,withhold,0,0,abac_perm,cell-miss,,0
Q0063,standard,,H_HR:E_H_HR,gt,abac_restr,LN,2,5,,G05-00213,0,withhold,0,0,abac_restr,cell-miss,,0
Q0063,standard,,H_HR:E_H_HR,gt,idpdm,LN,2,5,,G05-00213,0,withhold,0,0,C1,cell-miss(LN),,0
Q0064,standard,,H_HR:E_H_HR,gt,ungoverned,LN,2,5,,G05-00288,1,withhold,1,0,-,no-governance,,0
Q0064,standard,,H_HR:E_H_HR,gt,menu,LN,2,5,,G05-00288,0,withhold,0,0,menu,template-level,,0
Q0064,standard,,H_HR:E_H_HR,gt,abac_perm,LN,2,5,,G05-00288,0,withhold,0,0,abac_perm,cell-miss,,0
Q0064,standard,,H_HR:E_H_HR,gt,abac_restr,LN,2,5,,G05-00288,0,withhold,0,0,abac_restr,cell-miss,,0
Q0064,standard,,H_HR:E_H_HR,gt,idpdm,LN,2,5,,G05-00288,0,withhold,0,0,C1,cell-miss(LN),,0
Q0065,standard,,F_PAY:E_F_PAY,gt,ungoverned,LN,2,5,,G05-00108,1,withhold,1,0,-,no-governance,,0
Q0065,standard,,F_PAY:E_F_PAY,gt,menu,LN,2,5,,G05-00108,0,withhold,0,0,menu,template-level,,0
Q0065,standard,,F_PAY:E_F_PAY,gt,abac_perm,LN,2,5,,G05-00108,0,withhold,0,0,abac_perm,cell-miss,,0
Q0065,standard,,F_PAY:E_F_PAY,gt,abac_restr,LN,2,5,,G05-00108,0,withhold,0,0,abac_restr,cell-miss,,0
Q0065,standard,,F_PAY:E_F_PAY,gt,idpdm,LN,2,5,,G05-00108,0,withhold,0,0,C1,cell-miss(LN),,0
Q0066,standard,,F_PAY:E_F_PAY,gt,ungoverned,LN,2,5,,G05-00213,1,withhold,1,0,-,no-governance,,0
Q0066,standard,,F_PAY:E_F_PAY,gt,menu,LN,2,5,,G05-00213,0,withhold,0,0,menu,template-level,,0
Q0066,standard,,F_PAY:E_F_PAY,gt,abac_perm,LN,2,5,,G05-00213,0,withhold,0,0,abac_perm,cell-miss,,0
Q0066,standard,,F_PAY:E_F_PAY,gt,abac_restr,LN,2,5,,G05-00213,0,withhold,0,0,abac_restr,cell-miss,,0
Q0066,standard,,F_PAY:E_F_PAY,gt,idpdm,LN,2,5,,G05-00213,0,withhold,0,0,C1,cell-miss(LN),,0
Q0067,standard,,S_ACC:E_S_ACC,gt,ungoverned,LN,2,5,,G05-00093,1,withhold,1,0,-,no-governance,,0
Q0067,standard,,S_ACC:E_S_ACC,gt,menu,LN,2,5,,G05-00093,0,withhold,0,0,menu,template-level,,0
Q0067,standard,,S_ACC:E_S_ACC,gt,abac_perm,LN,2,5,,G05-00093,0,withhold,0,0,abac_perm,cell-miss,,0
Q0067,standard,,S_ACC:E_S_ACC,gt,abac_restr,LN,2,5,,G05-00093,0,withhold,0,0,abac_restr,cell-miss,,0
Q0067,standard,,S_ACC:E_S_ACC,gt,idpdm,LN,2,5,,G05-00093,0,withhold,0,0,C1,cell-miss(LN),,0
Q0068,standard,,S_ACC:E_S_ACC,gt,ungoverned,LN,2,5,,G05-00328,1,withhold,1,0,-,no-governance,,0
Q0068,standard,,S_ACC:E_S_ACC,gt,menu,LN,2,5,,G05-00328,0,withhold,0,0,menu,template-level,,0
Q0068,standard,,S_ACC:E_S_ACC,gt,abac_perm,LN,2,5,,G05-00328,0,withhold,0,0,abac_perm,cell-miss,,0
Q0068,standard,,S_ACC:E_S_ACC,gt,abac_restr,LN,2,5,,G05-00328,0,withhold,0,0,abac_restr,cell-miss,,0
Q0068,standard,,S_ACC:E_S_ACC,gt,idpdm,LN,2,5,,G05-00328,0,withhold,0,0,C1,cell-miss(LN),,0
Q0069,standard,,F_SEC:E_F_SEC,gt,ungoverned,LN,2,5,,G05-00083,1,withhold,1,0,-,no-governance,,0
Q0069,standard,,F_SEC:E_F_SEC,gt,menu,LN,2,5,,G05-00083,0,withhold,0,0,menu,template-level,,0
Q0069,standard,,F_SEC:E_F_SEC,gt,abac_perm,LN,2,5,,G05-00083,0,withhold,0,0,abac_perm,cell-miss,,0
Q0069,standard,,F_SEC:E_F_SEC,gt,abac_restr,LN,2,5,,G05-00083,0,withhold,0,0,abac_restr,cell-miss,,0
Q0069,standard,,F_SEC:E_F_SEC,gt,idpdm,LN,2,5,,G05-00083,0,withhold,0,0,C1,cell-miss(LN),,0
Q0070,standard,,F_SEC:E_F_SEC,gt,ungoverned,LN,2,5,,G05-00263,1,withhold,1,0,-,no-governance,,0
Q0070,standard,,F_SEC:E_F_SEC,gt,menu,LN,2,5,,G05-00263,0,withhold,0,0,menu,template-level,,0
Q0070,standard,,F_SEC:E_F_SEC,gt,abac_perm,LN,2,5,,G05-00263,0,withhold,0,0,abac_perm,cell-miss,,0
Q0070,standard,,F_SEC:E_F_SEC,gt,abac_restr,LN,2,5,,G05-00263,0,withhold,0,0,abac_restr,cell-miss,,0
Q0070,standard,,F_SEC:E_F_SEC,gt,idpdm,LN,2,5,,G05-00263,0,withhold,0,0,C1,cell-miss(LN),,0
Q0071,standard,,B_BR:E_B_BR,gt,ungoverned,LN,3,5,,G05-00488,1,withhold,1,0,-,no-governance,,0
Q0071,standard,,B_BR:E_B_BR,gt,menu,LN,3,5,,G05-00488,1,withhold,1,0,menu,template-level,,0
Q0071,standard,,B_BR:E_B_BR,gt,abac_perm,LN,3,5,,G05-00488,1,withhold,1,0,abac_perm,cell-open(≤3) tier-blind,,0
Q0071,standard,,B_BR:E_B_BR,gt,abac_restr,LN,3,5,,G05-00488,1,withhold,1,0,abac_restr,tier 3<=max 3,,0
Q0071,standard,,B_BR:E_B_BR,gt,idpdm,LN,3,5,,G05-00488,0,withhold,0,0,R3,R3:row(hierarchy subtree 밖),,0
Q0072,standard,,B_BR:E_B_BR,gt,ungoverned,LN,3,5,,G05-00573,1,withhold,1,0,-,no-governance,,0
Q0072,standard,,B_BR:E_B_BR,gt,menu,LN,3,5,,G05-00573,1,withhold,1,0,menu,template-level,,0
Q0072,standard,,B_BR:E_B_BR,gt,abac_perm,LN,3,5,,G05-00573,1,withhold,1,0,abac_perm,cell-open(≤3) tier-blind,,0
Q0072,standard,,B_BR:E_B_BR,gt,abac_restr,LN,3,5,,G05-00573,1,withhold,1,0,abac_restr,tier 3<=max 3,,0
Q0072,standard,,B_BR:E_B_BR,gt,idpdm,LN,3,5,,G05-00573,0,withhold,0,0,R3,R3:row(hierarchy subtree 밖),,0
Q0073,standard,,F_CMP:E_F_CMP,gt,ungoverned,LN,3,5,,G05-00555,1,release,0,0,-,no-governance,,3
Q0073,standard,,F_CMP:E_F_CMP,gt,menu,LN,3,5,,G05-00555,1,release,0,0,menu,template-level,,3
Q0073,standard,,F_CMP:E_F_CMP,gt,abac_perm,LN,3,5,,G05-00555,1,release,0,0,abac_perm,cell-open(≤3) tier-blind,,3
Q0073,standard,,F_CMP:E_F_CMP,gt,abac_restr,LN,3,5,,G05-00555,1,release,0,0,abac_restr,tier 3<=max 3,,3
Q0073,standard,,F_CMP:E_F_CMP,gt,idpdm,LN,3,5,,G05-00555,1,release,0,0,R3,R3:ok,,3
Q0074,standard,,F_CMP:E_F_CMP,gt,ungoverned,LN,3,5,,G05-00537,1,release,0,0,-,no-governance,,3
Q0074,standard,,F_CMP:E_F_CMP,gt,menu,LN,3,5,,G05-00537,1,release,0,0,menu,template-level,,3
Q0074,standard,,F_CMP:E_F_CMP,gt,abac_perm,LN,3,5,,G05-00537,1,release,0,0,abac_perm,cell-open(≤3) tier-blind,,3
Q0074,standard,,F_CMP:E_F_CMP,gt,abac_restr,LN,3,5,,G05-00537,1,release,0,0,abac_restr,tier 3<=max 3,,3
Q0074,standard,,F_CMP:E_F_CMP,gt,idpdm,LN,3,5,,G05-00537,1,release,0,0,R3,R3:ok,,3
Q0075,standard,,H_HR:E_H_HR,gt,ungoverned,LN,3,5,,G05-00470,1,withhold,1,0,-,no-governance,,0
Q0075,standard,,H_HR:E_H_HR,gt,menu,LN,3,5,,G05-00470,0,withhold,0,0,menu,template-level,,0
Q0075,standard,,H_HR:E_H_HR,gt,abac_perm,LN,3,5,,G05-00470,0,withhold,0,0,abac_perm,cell-miss,,0
Q0075,standard,,H_HR:E_H_HR,gt,abac_restr,LN,3,5,,G05-00470,0,withhold,0,0,abac_restr,cell-miss,,0
Q0075,standard,,H_HR:E_H_HR,gt,idpdm,LN,3,5,,G05-00470,0,withhold,0,0,C1,cell-miss(LN),,0
Q0076,standard,,H_HR:E_H_HR,gt,ungoverned,LN,3,5,,G05-00550,1,withhold,1,0,-,no-governance,,0
Q0076,standard,,H_HR:E_H_HR,gt,menu,LN,3,5,,G05-00550,0,withhold,0,0,menu,template-level,,0
Q0076,standard,,H_HR:E_H_HR,gt,abac_perm,LN,3,5,,G05-00550,0,withhold,0,0,abac_perm,cell-miss,,0
Q0076,standard,,H_HR:E_H_HR,gt,abac_restr,LN,3,5,,G05-00550,0,withhold,0,0,abac_restr,cell-miss,,0
Q0076,standard,,H_HR:E_H_HR,gt,idpdm,LN,3,5,,G05-00550,0,withhold,0,0,C1,cell-miss(LN),,0
Q0077,standard,,F_PAY:E_F_PAY,gt,ungoverned,LN,3,5,,G05-00537,1,withhold,1,0,-,no-governance,,0
Q0077,standard,,F_PAY:E_F_PAY,gt,menu,LN,3,5,,G05-00537,0,withhold,0,0,menu,template-level,,0
Q0077,standard,,F_PAY:E_F_PAY,gt,abac_perm,LN,3,5,,G05-00537,0,withhold,0,0,abac_perm,cell-miss,,0
Q0077,standard,,F_PAY:E_F_PAY,gt,abac_restr,LN,3,5,,G05-00537,0,withhold,0,0,abac_restr,cell-miss,,0
Q0077,standard,,F_PAY:E_F_PAY,gt,idpdm,LN,3,5,,G05-00537,0,withhold,0,0,C1,cell-miss(LN),,0
Q0078,standard,,F_PAY:E_F_PAY,gt,ungoverned,LN,3,5,,G05-00561,1,withhold,1,0,-,no-governance,,0
Q0078,standard,,F_PAY:E_F_PAY,gt,menu,LN,3,5,,G05-00561,0,withhold,0,0,menu,template-level,,0
Q0078,standard,,F_PAY:E_F_PAY,gt,abac_perm,LN,3,5,,G05-00561,0,withhold,0,0,abac_perm,cell-miss,,0
Q0078,standard,,F_PAY:E_F_PAY,gt,abac_restr,LN,3,5,,G05-00561,0,withhold,0,0,abac_restr,cell-miss,,0
Q0078,standard,,F_PAY:E_F_PAY,gt,idpdm,LN,3,5,,G05-00561,0,withhold,0,0,C1,cell-miss(LN),,0
Q0079,standard,,B_RHQ:E_B_RHQ,gt,ungoverned,LN,3,5,,G05-00512,1,withhold,1,0,-,no-governance,,0
Q0079,standard,,B_RHQ:E_B_RHQ,gt,menu,LN,3,5,,G05-00512,1,withhold,1,0,menu,template-level,,0
Q0079,standard,,B_RHQ:E_B_RHQ,gt,abac_perm,LN,3,5,,G05-00512,1,withhold,1,0,abac_perm,cell-open(≤2) tier-blind,,0
Q0079,standard,,B_RHQ:E_B_RHQ,gt,abac_restr,LN,3,5,,G05-00512,0,withhold,0,0,abac_restr,tier 3<=max 2,,0
Q0079,standard,,B_RHQ:E_B_RHQ,gt,idpdm,LN,3,5,,G05-00512,0,withhold,0,0,D_final,tier 3>2,,0
Q0080,standard,,B_RHQ:E_B_RHQ,gt,ungoverned,LN,3,5,,G05-00496,1,withhold,1,0,-,no-governance,,0
Q0080,standard,,B_RHQ:E_B_RHQ,gt,menu,LN,3,5,,G05-00496,1,withhold,1,0,menu,template-level,,0
Q0080,standard,,B_RHQ:E_B_RHQ,gt,abac_perm,LN,3,5,,G05-00496,1,withhold,1,0,abac_perm,cell-open(≤2) tier-blind,,0
Q0080,standard,,B_RHQ:E_B_RHQ,gt,abac_restr,LN,3,5,,G05-00496,0,withhold,0,0,abac_restr,tier 3<=max 2,,0
Q0080,standard,,B_RHQ:E_B_RHQ,gt,idpdm,LN,3,5,,G05-00496,0,withhold,0,0,D_final,tier 3>2,,0
Q0081,standard,,B_BR:E_B_BR,gt,ungoverned,CP,2,5,,G02-00342,1,withhold,1,0,-,no-governance,,0
Q0081,standard,,B_BR:E_B_BR,gt,menu,CP,2,5,,G02-00342,1,withhold,1,0,menu,template-level,,0
Q0081,standard,,B_BR:E_B_BR,gt,abac_perm,CP,2,5,,G02-00342,1,withhold,1,0,abac_perm,cell-open(≤3) tier-blind,,0
Q0081,standard,,B_BR:E_B_BR,gt,abac_restr,CP,2,5,,G02-00342,1,withhold,1,0,abac_restr,tier 2<=max 3,,0
Q0081,standard,,B_BR:E_B_BR,gt,idpdm,CP,2,5,,G02-00342,0,withhold,0,0,R3,R3:row(hierarchy subtree 밖),,0
Q0082,standard,,B_BR:E_B_BR,gt,ungoverned,CP,2,5,,G02-00217,1,withhold,1,0,-,no-governance,,0
Q0082,standard,,B_BR:E_B_BR,gt,menu,CP,2,5,,G02-00217,1,withhold,1,0,menu,template-level,,0
Q0082,standard,,B_BR:E_B_BR,gt,abac_perm,CP,2,5,,G02-00217,1,withhold,1,0,abac_perm,cell-open(≤3) tier-blind,,0
Q0082,standard,,B_BR:E_B_BR,gt,abac_restr,CP,2,5,,G02-00217,1,withhold,1,0,abac_restr,tier 2<=max 3,,0
Q0082,standard,,B_BR:E_B_BR,gt,idpdm,CP,2,5,,G02-00217,0,withhold,0,0,R3,R3:row(hierarchy subtree 밖),,0
Q0083,standard,,B_RHQ:E_B_RHQ,gt,ungoverned,CP,2,5,,G02-00172,1,withhold,1,0,-,no-governance,,0
Q0083,standard,,B_RHQ:E_B_RHQ,gt,menu,CP,2,5,,G02-00172,1,withhold,1,0,menu,template-level,,0
Q0083,standard,,B_RHQ:E_B_RHQ,gt,abac_perm,CP,2,5,,G02-00172,1,withhold,1,0,abac_perm,cell-open(≤2) tier-blind,,0
Q0083,standard,,B_RHQ:E_B_RHQ,gt,abac_restr,CP,2,5,,G02-00172,1,withhold,1,0,abac_restr,tier 2<=max 2,,0
Q0083,standard,,B_RHQ:E_B_RHQ,gt,idpdm,CP,2,5,,G02-00172,0,withhold,0,0,R3,R3:row(hierarchy subtree 밖),,0
Q0084,standard,,B_RHQ:E_B_RHQ,gt,ungoverned,CP,2,5,,G02-00092,1,withhold,1,0,-,no-governance,,0
Q0084,standard,,B_RHQ:E_B_RHQ,gt,menu,CP,2,5,,G02-00092,1,withhold,1,0,menu,template-level,,0
Q0084,standard,,B_RHQ:E_B_RHQ,gt,abac_perm,CP,2,5,,G02-00092,1,withhold,1,0,abac_perm,cell-open(≤2) tier-blind,,0
Q0084,standard,,B_RHQ:E_B_RHQ,gt,abac_restr,CP,2,5,,G02-00092,1,withhold,1,0,abac_restr,tier 2<=max 2,,0
Q0084,standard,,B_RHQ:E_B_RHQ,gt,idpdm,CP,2,5,,G02-00092,0,withhold,0,0,R3,R3:row(hierarchy subtree 밖),,0
Q0085,standard,,C_CC:E_C_CC,gt,ungoverned,CP,2,5,,G02-00177,1,release,0,0,-,no-governance,,2
Q0085,standard,,C_CC:E_C_CC,gt,menu,CP,2,5,,G02-00177,1,release,0,0,menu,template-level,,2
Q0085,standard,,C_CC:E_C_CC,gt,abac_perm,CP,2,5,,G02-00177,1,release,0,0,abac_perm,cell-open(≤3) tier-blind,,2
Q0085,standard,,C_CC:E_C_CC,gt,abac_restr,CP,2,5,,G02-00177,1,release,0,0,abac_restr,tier 2<=max 3,,2
Q0085,standard,,C_CC:E_C_CC,gt,idpdm,CP,2,5,,G02-00177,1,release,0,0,R3,R3:ok,,2
Q0086,standard,,C_CC:E_C_CC,gt,ungoverned,CP,2,5,,G02-00252,1,release,0,0,-,no-governance,,2
Q0086,standard,,C_CC:E_C_CC,gt,menu,CP,2,5,,G02-00252,1,release,0,0,menu,template-level,,2
Q0086,standard,,C_CC:E_C_CC,gt,abac_perm,CP,2,5,,G02-00252,1,release,0,0,abac_perm,cell-open(≤3) tier-blind,,2
Q0086,standard,,C_CC:E_C_CC,gt,abac_restr,CP,2,5,,G02-00252,1,release,0,0,abac_restr,tier 2<=max 3,,2
Q0086,standard,,C_CC:E_C_CC,gt,idpdm,CP,2,5,,G02-00252,1,release,0,0,R3,R3:ok,,2
Q0087,standard,,H_HR:E_H_HR,gt,ungoverned,CP,2,5,,G02-00182,1,withhold,1,0,-,no-governance,,0
Q0087,standard,,H_HR:E_H_HR,gt,menu,CP,2,5,,G02-00182,0,withhold,0,0,menu,template-level,,0
Q0087,standard,,H_HR:E_H_HR,gt,abac_perm,CP,2,5,,G02-00182,0,withhold,0,0,abac_perm,cell-miss,,0
Q0087,standard,,H_HR:E_H_HR,gt,abac_restr,CP,2,5,,G02-00182,0,withhold,0,0,abac_restr,cell-miss,,0
Q0087,standard,,H_HR:E_H_HR,gt,idpdm,CP,2,5,,G02-00182,0,withhold,0,0,C1,cell-miss(CP),,0
Q0088,standard,,H_HR:E_H_HR,gt,ungoverned,CP,2,5,,G02-00207,1,withhold,1,0,-,no-governance,,0
Q0088,standard,,H_HR:E_H_HR,gt,menu,CP,2,5,,G02-00207,0,withhold,0,0,menu,template-level,,0
Q0088,standard,,H_HR:E_H_HR,gt,abac_perm,CP,2,5,,G02-00207,0,withhold,0,0,abac_perm,cell-miss,,0
Q0088,standard,,H_HR:E_H_HR,gt,abac_restr,CP,2,5,,G02-00207,0,withhold,0,0,abac_restr,cell-miss,,0
Q0088,standard,,H_HR:E_H_HR,gt,idpdm,CP,2,5,,G02-00207,0,withhold,0,0,C1,cell-miss(CP),,0
Q0089,standard,,F_PAY:E_F_PAY,gt,ungoverned,CP,2,5,,G02-00082,1,withhold,1,0,-,no-governance,,0
Q0089,standard,,F_PAY:E_F_PAY,gt,menu,CP,2,5,,G02-00082,0,withhold,0,0,menu,template-level,,0
Q0089,standard,,F_PAY:E_F_PAY,gt,abac_perm,CP,2,5,,G02-00082,0,withhold,0,0,abac_perm,cell-miss,,0
Q0089,standard,,F_PAY:E_F_PAY,gt,abac_restr,CP,2,5,,G02-00082,0,withhold,0,0,abac_restr,cell-miss,,0
Q0089,standard,,F_PAY:E_F_PAY,gt,idpdm,CP,2,5,,G02-00082,0,withhold,0,0,C1,cell-miss(CP),,0
Q0090,standard,,F_PAY:E_F_PAY,gt,ungoverned,CP,2,5,,G02-00302,1,withhold,1,0,-,no-governance,,0
Q0090,standard,,F_PAY:E_F_PAY,gt,menu,CP,2,5,,G02-00302,0,withhold,0,0,menu,template-level,,0
Q0090,standard,,F_PAY:E_F_PAY,gt,abac_perm,CP,2,5,,G02-00302,0,withhold,0,0,abac_perm,cell-miss,,0
Q0090,standard,,F_PAY:E_F_PAY,gt,abac_restr,CP,2,5,,G02-00302,0,withhold,0,0,abac_restr,cell-miss,,0
Q0090,standard,,F_PAY:E_F_PAY,gt,idpdm,CP,2,5,,G02-00302,0,withhold,0,0,C1,cell-miss(CP),,0
Q0091,standard,,F_CMP:E_F_CMP,gt,ungoverned,CP,2,5,,G02-00217,1,release,0,0,-,no-governance,,2
Q0091,standard,,F_CMP:E_F_CMP,gt,menu,CP,2,5,,G02-00217,1,release,0,0,menu,template-level,,2
Q0091,standard,,F_CMP:E_F_CMP,gt,abac_perm,CP,2,5,,G02-00217,1,release,0,0,abac_perm,cell-open(≤3) tier-blind,,2
Q0091,standard,,F_CMP:E_F_CMP,gt,abac_restr,CP,2,5,,G02-00217,1,release,0,0,abac_restr,tier 2<=max 3,,2
Q0091,standard,,F_CMP:E_F_CMP,gt,idpdm,CP,2,5,,G02-00217,1,release,0,0,R3,R3:ok,,2
Q0092,standard,,F_CMP:E_F_CMP,gt,ungoverned,CP,2,5,,G02-00082,1,release,0,0,-,no-governance,,2
Q0092,standard,,F_CMP:E_F_CMP,gt,menu,CP,2,5,,G02-00082,1,release,0,0,menu,template-level,,2
Q0092,standard,,F_CMP:E_F_CMP,gt,abac_perm,CP,2,5,,G02-00082,1,release,0,0,abac_perm,cell-open(≤3) tier-blind,,2
Q0092,standard,,F_CMP:E_F_CMP,gt,abac_restr,CP,2,5,,G02-00082,1,release,0,0,abac_restr,tier 2<=max 3,,2
Q0092,standard,,F_CMP:E_F_CMP,gt,idpdm,CP,2,5,,G02-00082,1,release,0,0,R3,R3:ok,,2
Q0093,standard,,B_BR:E_B_BR,gt,ungoverned,CP,3,5,,G02-00569,1,withhold,1,0,-,no-governance,,0
Q0093,standard,,B_BR:E_B_BR,gt,menu,CP,3,5,,G02-00569,1,withhold,1,0,menu,template-level,,0
Q0093,standard,,B_BR:E_B_BR,gt,abac_perm,CP,3,5,,G02-00569,1,withhold,1,0,abac_perm,cell-open(≤3) tier-blind,,0
Q0093,standard,,B_BR:E_B_BR,gt,abac_restr,CP,3,5,,G02-00569,1,withhold,1,0,abac_restr,tier 3<=max 3,,0
Q0093,standard,,B_BR:E_B_BR,gt,idpdm,CP,3,5,,G02-00569,0,withhold,0,0,R3,R3:row(hierarchy subtree 밖),,0
Q0094,standard,,B_BR:E_B_BR,gt,ungoverned,CP,3,5,,G02-00503,1,withhold,1,0,-,no-governance,,0
Q0094,standard,,B_BR:E_B_BR,gt,menu,CP,3,5,,G02-00503,1,withhold,1,0,menu,template-level,,0
Q0094,standard,,B_BR:E_B_BR,gt,abac_perm,CP,3,5,,G02-00503,1,withhold,1,0,abac_perm,cell-open(≤3) tier-blind,,0
Q0094,standard,,B_BR:E_B_BR,gt,abac_restr,CP,3,5,,G02-00503,1,withhold,1,0,abac_restr,tier 3<=max 3,,0
Q0094,standard,,B_BR:E_B_BR,gt,idpdm,CP,3,5,,G02-00503,0,withhold,0,0,R3,R3:row(hierarchy subtree 밖),,0
Q0095,standard,,C_CC:E_C_CC,gt,ungoverned,CP,3,5,,G02-00528,1,withhold,1,0,-,no-governance,,0
Q0095,standard,,C_CC:E_C_CC,gt,menu,CP,3,5,,G02-00528,1,withhold,1,0,menu,template-level,,0
Q0095,standard,,C_CC:E_C_CC,gt,abac_perm,CP,3,5,,G02-00528,1,withhold,1,0,abac_perm,cell-open(≤3) tier-blind,,0
Q0095,standard,,C_CC:E_C_CC,gt,abac_restr,CP,3,5,,G02-00528,1,withhold,1,0,abac_restr,tier 3<=max 3,,0
Q0095,standard,,C_CC:E_C_CC,gt,idpdm,CP,3,5,,G02-00528,0,withhold,0,0,R3,R3:cls 2>1,,0
Q0096,standard,,C_CC:E_C_CC,gt,ungoverned,CP,3,5,,G02-00563,1,withhold,1,0,-,no-governance,,0
Q0096,standard,,C_CC:E_C_CC,gt,menu,CP,3,5,,G02-00563,1,withhold,1,0,menu,template-level,,0
Q0096,standard,,C_CC:E_C_CC,gt,abac_perm,CP,3,5,,G02-00563,1,withhold,1,0,abac_perm,cell-open(≤3) tier-blind,,0
Q0096,standard,,C_CC:E_C_CC,gt,abac_restr,CP,3,5,,G02-00563,1,withhold,1,0,abac_restr,tier 3<=max 3,,0
Q0096,standard,,C_CC:E_C_CC,gt,idpdm,CP,3,5,,G02-00563,0,withhold,0,0,R3,R3:cls 2>1,,0
Q0097,standard,,F_CMP:E_F_CMP,gt,ungoverned,CP,3,5,,G02-00523,1,release,0,0,-,no-governance,,3
Q0097,standard,,F_CMP:E_F_CMP,gt,menu,CP,3,5,,G02-00523,1,release,0,0,menu,template-level,,3
Q0097,standard,,F_CMP:E_F_CMP,gt,abac_perm,CP,3,5,,G02-00523,1,release,0,0,abac_perm,cell-open(≤3) tier-blind,,3
Q0097,standard,,F_CMP:E_F_CMP,gt,abac_restr,CP,3,5,,G02-00523,1,release,0,0,abac_restr,tier 3<=max 3,,3
Q0097,standard,,F_CMP:E_F_CMP,gt,idpdm,CP,3,5,,G02-00523,1,release,0,0,R3,R3:ok,,3
Q0098,standard,,F_CMP:E_F_CMP,gt,ungoverned,CP,3,5,,G02-00510,1,release,0,0,-,no-governance,,3
Q0098,standard,,F_CMP:E_F_CMP,gt,menu,CP,3,5,,G02-00510,1,release,0,0,menu,template-level,,3
Q0098,standard,,F_CMP:E_F_CMP,gt,abac_perm,CP,3,5,,G02-00510,1,release,0,0,abac_perm,cell-open(≤3) tier-blind,,3
Q0098,standard,,F_CMP:E_F_CMP,gt,abac_restr,CP,3,5,,G02-00510,1,release,0,0,abac_restr,tier 3<=max 3,,3
Q0098,standard,,F_CMP:E_F_CMP,gt,idpdm,CP,3,5,,G02-00510,1,release,0,0,R3,R3:ok,,3
Q0099,standard,,H_HR:E_H_HR,gt,ungoverned,CP,3,5,,G02-00497,1,withhold,1,0,-,no-governance,,0
Q0099,standard,,H_HR:E_H_HR,gt,menu,CP,3,5,,G02-00497,0,withhold,0,0,menu,template-level,,0
Q0099,standard,,H_HR:E_H_HR,gt,abac_perm,CP,3,5,,G02-00497,0,withhold,0,0,abac_perm,cell-miss,,0
Q0099,standard,,H_HR:E_H_HR,gt,abac_restr,CP,3,5,,G02-00497,0,withhold,0,0,abac_restr,cell-miss,,0
Q0099,standard,,H_HR:E_H_HR,gt,idpdm,CP,3,5,,G02-00497,0,withhold,0,0,C1,cell-miss(CP),,0
Q0100,standard,,H_HR:E_H_HR,gt,ungoverned,CP,3,5,,G02-00474,1,withhold,1,0,-,no-governance,,0
Q0100,standard,,H_HR:E_H_HR,gt,menu,CP,3,5,,G02-00474,0,withhold,0,0,menu,template-level,,0
Q0100,standard,,H_HR:E_H_HR,gt,abac_perm,CP,3,5,,G02-00474,0,withhold,0,0,abac_perm,cell-miss,,0
Q0100,standard,,H_HR:E_H_HR,gt,abac_restr,CP,3,5,,G02-00474,0,withhold,0,0,abac_restr,cell-miss,,0
Q0100,standard,,H_HR:E_H_HR,gt,idpdm,CP,3,5,,G02-00474,0,withhold,0,0,C1,cell-miss(CP),,0
Q0101,standard,,F_PAY:E_F_PAY,gt,ungoverned,CP,3,5,,G02-00523,1,withhold,1,0,-,no-governance,,0
Q0101,standard,,F_PAY:E_F_PAY,gt,menu,CP,3,5,,G02-00523,0,withhold,0,0,menu,template-level,,0
Q0101,standard,,F_PAY:E_F_PAY,gt,abac_perm,CP,3,5,,G02-00523,0,withhold,0,0,abac_perm,cell-miss,,0
Q0101,standard,,F_PAY:E_F_PAY,gt,abac_restr,CP,3,5,,G02-00523,0,withhold,0,0,abac_restr,cell-miss,,0
Q0101,standard,,F_PAY:E_F_PAY,gt,idpdm,CP,3,5,,G02-00523,0,withhold,0,0,C1,cell-miss(CP),,0
Q0102,standard,,F_PAY:E_F_PAY,gt,ungoverned,CP,3,5,,G02-00540,1,withhold,1,0,-,no-governance,,0
Q0102,standard,,F_PAY:E_F_PAY,gt,menu,CP,3,5,,G02-00540,0,withhold,0,0,menu,template-level,,0
Q0102,standard,,F_PAY:E_F_PAY,gt,abac_perm,CP,3,5,,G02-00540,0,withhold,0,0,abac_perm,cell-miss,,0
Q0102,standard,,F_PAY:E_F_PAY,gt,abac_restr,CP,3,5,,G02-00540,0,withhold,0,0,abac_restr,cell-miss,,0
Q0102,standard,,F_PAY:E_F_PAY,gt,idpdm,CP,3,5,,G02-00540,0,withhold,0,0,C1,cell-miss(CP),,0
Q0103,standard,,B_RHQ:E_B_RHQ,gt,ungoverned,CP,3,5,,G02-00565,1,withhold,1,0,-,no-governance,,0
Q0103,standard,,B_RHQ:E_B_RHQ,gt,menu,CP,3,5,,G02-00565,1,withhold,1,0,menu,template-level,,0
Q0103,standard,,B_RHQ:E_B_RHQ,gt,abac_perm,CP,3,5,,G02-00565,1,withhold,1,0,abac_perm,cell-open(≤2) tier-blind,,0
Q0103,standard,,B_RHQ:E_B_RHQ,gt,abac_restr,CP,3,5,,G02-00565,0,withhold,0,0,abac_restr,tier 3<=max 2,,0
Q0103,standard,,B_RHQ:E_B_RHQ,gt,idpdm,CP,3,5,,G02-00565,0,withhold,0,0,D_final,tier 3>2,,0
Q0104,standard,,B_RHQ:E_B_RHQ,gt,ungoverned,CP,3,5,,G02-00468,1,withhold,1,0,-,no-governance,,0
Q0104,standard,,B_RHQ:E_B_RHQ,gt,menu,CP,3,5,,G02-00468,1,withhold,1,0,menu,template-level,,0
Q0104,standard,,B_RHQ:E_B_RHQ,gt,abac_perm,CP,3,5,,G02-00468,1,withhold,1,0,abac_perm,cell-open(≤2) tier-blind,,0
Q0104,standard,,B_RHQ:E_B_RHQ,gt,abac_restr,CP,3,5,,G02-00468,0,withhold,0,0,abac_restr,tier 3<=max 2,,0
Q0104,standard,,B_RHQ:E_B_RHQ,gt,idpdm,CP,3,5,,G02-00468,0,withhold,0,0,D_final,tier 3>2,,0
Q0105,standard,,S_ACC:E_S_ACC,gt,ungoverned,RS,1,5,,G01-00000,1,release,0,0,-,no-governance,,1
Q0105,standard,,S_ACC:E_S_ACC,gt,menu,RS,1,5,,G01-00000,1,release,0,0,menu,template-level,,1
Q0105,standard,,S_ACC:E_S_ACC,gt,abac_perm,RS,1,5,,G01-00000,1,release,0,0,abac_perm,cell-open(≤2) tier-blind,,1
Q0105,standard,,S_ACC:E_S_ACC,gt,abac_restr,RS,1,5,,G01-00000,1,release,0,0,abac_restr,tier 1<=max 2,,1
Q0105,standard,,S_ACC:E_S_ACC,gt,idpdm,RS,1,5,,G01-00000,1,release,0,0,R3,R3:ok,,1
Q0106,standard,,B_BR:E_B_BR,gt,ungoverned,RS,1,5,,G01-00000,1,release,0,0,-,no-governance,,1
Q0106,standard,,B_BR:E_B_BR,gt,menu,RS,1,5,,G01-00000,1,release,0,0,menu,template-level,,1
Q0106,standard,,B_BR:E_B_BR,gt,abac_perm,RS,1,5,,G01-00000,1,release,0,0,abac_perm,cell-open(≤2) tier-blind,,1
Q0106,standard,,B_BR:E_B_BR,gt,abac_restr,RS,1,5,,G01-00000,1,release,0,0,abac_restr,tier 1<=max 2,,1
Q0106,standard,,B_BR:E_B_BR,gt,idpdm,RS,1,5,,G01-00000,1,release,0,0,R3,R3:ok,,1
Q0107,standard,,H_HR:E_H_HR,gt,ungoverned,RS,1,5,,G01-00000,1,release,0,0,-,no-governance,,1
Q0107,standard,,H_HR:E_H_HR,gt,menu,RS,1,5,,G01-00000,1,release,0,0,menu,template-level,,1
Q0107,standard,,H_HR:E_H_HR,gt,abac_perm,RS,1,5,,G01-00000,1,release,0,0,abac_perm,cell-open(≤2) tier-blind,,1
Q0107,standard,,H_HR:E_H_HR,gt,abac_restr,RS,1,5,,G01-00000,1,release,0,0,abac_restr,tier 1<=max 2,,1
Q0107,standard,,H_HR:E_H_HR,gt,idpdm,RS,1,5,,G01-00000,1,release,0,0,R3,R3:ok,,1
Q0108,standard,,F_PAY:E_F_PAY,gt,ungoverned,RS,1,5,,G01-00000,1,release,0,0,-,no-governance,,1
Q0108,standard,,F_PAY:E_F_PAY,gt,menu,RS,1,5,,G01-00000,1,release,0,0,menu,template-level,,1
Q0108,standard,,F_PAY:E_F_PAY,gt,abac_perm,RS,1,5,,G01-00000,1,release,0,0,abac_perm,cell-open(≤2) tier-blind,,1
Q0108,standard,,F_PAY:E_F_PAY,gt,abac_restr,RS,1,5,,G01-00000,1,release,0,0,abac_restr,tier 1<=max 2,,1
Q0108,standard,,F_PAY:E_F_PAY,gt,idpdm,RS,1,5,,G01-00000,1,release,0,0,R3,R3:ok,,1
Q0109,standard,,F_CMP:E_F_CMP,gt,ungoverned,RS,1,5,,G01-00000,1,release,0,0,-,no-governance,,1
Q0109,standard,,F_CMP:E_F_CMP,gt,menu,RS,1,5,,G01-00000,1,release,0,0,menu,template-level,,1
Q0109,standard,,F_CMP:E_F_CMP,gt,abac_perm,RS,1,5,,G01-00000,1,release,0,0,abac_perm,cell-open(≤2) tier-blind,,1
Q0109,standard,,F_CMP:E_F_CMP,gt,abac_restr,RS,1,5,,G01-00000,1,release,0,0,abac_restr,tier 1<=max 2,,1
Q0109,standard,,F_CMP:E_F_CMP,gt,idpdm,RS,1,5,,G01-00000,1,release,0,0,R3,R3:ok,,1
Q0110,standard,,S_ACC:E_S_ACC,gt,ungoverned,RS,2,5,,G01-00028,1,release,0,0,-,no-governance,,2
Q0110,standard,,S_ACC:E_S_ACC,gt,menu,RS,2,5,,G01-00028,1,release,0,0,menu,template-level,,2
Q0110,standard,,S_ACC:E_S_ACC,gt,abac_perm,RS,2,5,,G01-00028,1,release,0,0,abac_perm,cell-open(≤2) tier-blind,,2
Q0110,standard,,S_ACC:E_S_ACC,gt,abac_restr,RS,2,5,,G01-00028,1,release,0,0,abac_restr,tier 2<=max 2,,2
Q0110,standard,,S_ACC:E_S_ACC,gt,idpdm,RS,2,5,,G01-00028,1,release,0,0,R3,R3:ok,,2
Q0111,standard,,S_ACC:E_S_ACC,gt,ungoverned,RS,2,5,,G01-00053,1,release,0,0,-,no-governance,,2
Q0111,standard,,S_ACC:E_S_ACC,gt,menu,RS,2,5,,G01-00053,1,release,0,0,menu,template-level,,2
Q0111,standard,,S_ACC:E_S_ACC,gt,abac_perm,RS,2,5,,G01-00053,1,release,0,0,abac_perm,cell-open(≤2) tier-blind,,2
Q0111,standard,,S_ACC:E_S_ACC,gt,abac_restr,RS,2,5,,G01-00053,1,release,0,0,abac_restr,tier 2<=max 2,,2
Q0111,standard,,S_ACC:E_S_ACC,gt,idpdm,RS,2,5,,G01-00053,1,release,0,0,R3,R3:ok,,2
Q0112,standard,,B_RHQ:E_B_RHQ,gt,ungoverned,RS,2,5,,G01-00029,1,release,0,0,-,no-governance,,2
Q0112,standard,,B_RHQ:E_B_RHQ,gt,menu,RS,2,5,,G01-00029,1,release,0,0,menu,template-level,,2
Q0112,standard,,B_RHQ:E_B_RHQ,gt,abac_perm,RS,2,5,,G01-00029,1,release,0,0,abac_perm,cell-open(≤2) tier-blind,,2
Q0112,standard,,B_RHQ:E_B_RHQ,gt,abac_restr,RS,2,5,,G01-00029,1,release,0,0,abac_restr,tier 2<=max 2,,2
Q0112,standard,,B_RHQ:E_B_RHQ,gt,idpdm,RS,2,5,,G01-00029,1,release,0,0,R3,R3:ok,,2
Q0113,standard,,B_RHQ:E_B_RHQ,gt,ungoverned,RS,2,5,,G01-00007,1,release,0,0,-,no-governance,,2
Q0113,standard,,B_RHQ:E_B_RHQ,gt,menu,RS,2,5,,G01-00007,1,release,0,0,menu,template-level,,2
Q0113,standard,,B_RHQ:E_B_RHQ,gt,abac_perm,RS,2,5,,G01-00007,1,release,0,0,abac_perm,cell-open(≤2) tier-blind,,2
Q0113,standard,,B_RHQ:E_B_RHQ,gt,abac_restr,RS,2,5,,G01-00007,1,release,0,0,abac_restr,tier 2<=max 2,,2
Q0113,standard,,B_RHQ:E_B_RHQ,gt,idpdm,RS,2,5,,G01-00007,1,release,0,0,R3,R3:ok,,2
Q0114,standard,,H_HR:E_H_HR,gt,ungoverned,RS,2,5,,G01-00004,1,release,0,0,-,no-governance,,2
Q0114,standard,,H_HR:E_H_HR,gt,menu,RS,2,5,,G01-00004,1,release,0,0,menu,template-level,,2
Q0114,standard,,H_HR:E_H_HR,gt,abac_perm,RS,2,5,,G01-00004,1,release,0,0,abac_perm,cell-open(≤2) tier-blind,,2
Q0114,standard,,H_HR:E_H_HR,gt,abac_restr,RS,2,5,,G01-00004,1,release,0,0,abac_restr,tier 2<=max 2,,2
Q0114,standard,,H_HR:E_H_HR,gt,idpdm,RS,2,5,,G01-00004,1,release,0,0,R3,R3:ok,,2
Q0115,standard,,H_HR:E_H_HR,gt,ungoverned,RS,2,5,,G01-00013,1,release,0,0,-,no-governance,,2
Q0115,standard,,H_HR:E_H_HR,gt,menu,RS,2,5,,G01-00013,1,release,0,0,menu,template-level,,2
Q0115,standard,,H_HR:E_H_HR,gt,abac_perm,RS,2,5,,G01-00013,1,release,0,0,abac_perm,cell-open(≤2) tier-blind,,2
Q0115,standard,,H_HR:E_H_HR,gt,abac_restr,RS,2,5,,G01-00013,1,release,0,0,abac_restr,tier 2<=max 2,,2
Q0115,standard,,H_HR:E_H_HR,gt,idpdm,RS,2,5,,G01-00013,1,release,0,0,R3,R3:ok,,2
Q0116,standard,,F_PAY:E_F_PAY,gt,ungoverned,RS,2,5,,G01-00044,1,release,0,0,-,no-governance,,2
Q0116,standard,,F_PAY:E_F_PAY,gt,menu,RS,2,5,,G01-00044,1,release,0,0,menu,template-level,,2
Q0116,standard,,F_PAY:E_F_PAY,gt,abac_perm,RS,2,5,,G01-00044,1,release,0,0,abac_perm,cell-open(≤2) tier-blind,,2
Q0116,standard,,F_PAY:E_F_PAY,gt,abac_restr,RS,2,5,,G01-00044,1,release,0,0,abac_restr,tier 2<=max 2,,2
Q0116,standard,,F_PAY:E_F_PAY,gt,idpdm,RS,2,5,,G01-00044,1,release,0,0,R3,R3:ok,,2
Q0117,standard,,F_PAY:E_F_PAY,gt,ungoverned,RS,2,5,,G01-00026,1,release,0,0,-,no-governance,,2
Q0117,standard,,F_PAY:E_F_PAY,gt,menu,RS,2,5,,G01-00026,1,release,0,0,menu,template-level,,2
Q0117,standard,,F_PAY:E_F_PAY,gt,abac_perm,RS,2,5,,G01-00026,1,release,0,0,abac_perm,cell-open(≤2) tier-blind,,2
Q0117,standard,,F_PAY:E_F_PAY,gt,abac_restr,RS,2,5,,G01-00026,1,release,0,0,abac_restr,tier 2<=max 2,,2
Q0117,standard,,F_PAY:E_F_PAY,gt,idpdm,RS,2,5,,G01-00026,1,release,0,0,R3,R3:ok,,2
Q0118,standard,,F_CMP:E_F_CMP,gt,ungoverned,RS,2,5,,G01-00059,1,release,0,0,-,no-governance,,2
Q0118,standard,,F_CMP:E_F_CMP,gt,menu,RS,2,5,,G01-00059,1,release,0,0,menu,template-level,,2
Q0118,standard,,F_CMP:E_F_CMP,gt,abac_perm,RS,2,5,,G01-00059,1,release,0,0,abac_perm,cell-open(≤2) tier-blind,,2
Q0118,standard,,F_CMP:E_F_CMP,gt,abac_restr,RS,2,5,,G01-00059,1,release,0,0,abac_restr,tier 2<=max 2,,2
Q0118,standard,,F_CMP:E_F_CMP,gt,idpdm,RS,2,5,,G01-00059,1,release,0,0,R3,R3:ok,,2
Q0119,standard,,F_CMP:E_F_CMP,gt,ungoverned,RS,2,5,,G01-00022,1,release,0,0,-,no-governance,,2
Q0119,standard,,F_CMP:E_F_CMP,gt,menu,RS,2,5,,G01-00022,1,release,0,0,menu,template-level,,2
Q0119,standard,,F_CMP:E_F_CMP,gt,abac_perm,RS,2,5,,G01-00022,1,release,0,0,abac_perm,cell-open(≤2) tier-blind,,2
Q0119,standard,,F_CMP:E_F_CMP,gt,abac_restr,RS,2,5,,G01-00022,1,release,0,0,abac_restr,tier 2<=max 2,,2
Q0119,standard,,F_CMP:E_F_CMP,gt,idpdm,RS,2,5,,G01-00022,1,release,0,0,R3,R3:ok,,2
Q0120,standard,,F_SEC:E_F_SEC,gt,ungoverned,AL,2,5,,G11-02412,1,release,0,0,-,no-governance,,2
Q0120,standard,,F_SEC:E_F_SEC,gt,menu,AL,2,5,,G11-02412,1,release,0,0,menu,template-level,,2
Q0120,standard,,F_SEC:E_F_SEC,gt,abac_perm,AL,2,5,,G11-02412,1,release,0,0,abac_perm,cell-open(≤3) tier-blind,,2
Q0120,standard,,F_SEC:E_F_SEC,gt,abac_restr,AL,2,5,,G11-02412,1,release,0,0,abac_restr,tier 2<=max 3,,2
Q0120,standard,,F_SEC:E_F_SEC,gt,idpdm,AL,2,5,,G11-02412,1,release,0,0,R3,R3:ok,,2
Q0121,standard,,F_SEC:E_F_SEC,gt,ungoverned,AL,2,5,,G11-02411,1,release,0,0,-,no-governance,,2
Q0121,standard,,F_SEC:E_F_SEC,gt,menu,AL,2,5,,G11-02411,1,release,0,0,menu,template-level,,2
Q0121,standard,,F_SEC:E_F_SEC,gt,abac_perm,AL,2,5,,G11-02411,1,release,0,0,abac_perm,cell-open(≤3) tier-blind,,2
Q0121,standard,,F_SEC:E_F_SEC,gt,abac_restr,AL,2,5,,G11-02411,1,release,0,0,abac_restr,tier 2<=max 3,,2
Q0121,standard,,F_SEC:E_F_SEC,gt,idpdm,AL,2,5,,G11-02411,1,release,0,0,R3,R3:ok,,2
Q0122,standard,,F_CMP:E_F_CMP,gt,ungoverned,AL,2,5,,G11-02444,1,release,0,0,-,no-governance,,2
Q0122,standard,,F_CMP:E_F_CMP,gt,menu,AL,2,5,,G11-02444,1,release,0,0,menu,template-level,,2
Q0122,standard,,F_CMP:E_F_CMP,gt,abac_perm,AL,2,5,,G11-02444,1,release,0,0,abac_perm,cell-open(≤3) tier-blind,,2
Q0122,standard,,F_CMP:E_F_CMP,gt,abac_restr,AL,2,5,,G11-02444,1,release,0,0,abac_restr,tier 2<=max 3,,2
Q0122,standard,,F_CMP:E_F_CMP,gt,idpdm,AL,2,5,,G11-02444,1,release,0,0,R3,R3:ok,,2
Q0123,standard,,F_CMP:E_F_CMP,gt,ungoverned,AL,2,5,,G11-02411,1,release,0,0,-,no-governance,,2
Q0123,standard,,F_CMP:E_F_CMP,gt,menu,AL,2,5,,G11-02411,1,release,0,0,menu,template-level,,2
Q0123,standard,,F_CMP:E_F_CMP,gt,abac_perm,AL,2,5,,G11-02411,1,release,0,0,abac_perm,cell-open(≤3) tier-blind,,2
Q0123,standard,,F_CMP:E_F_CMP,gt,abac_restr,AL,2,5,,G11-02411,1,release,0,0,abac_restr,tier 2<=max 3,,2
Q0123,standard,,F_CMP:E_F_CMP,gt,idpdm,AL,2,5,,G11-02411,1,release,0,0,R3,R3:ok,,2
Q0124,standard,,H_HR:E_H_HR,gt,ungoverned,AL,2,5,,G11-02415,1,withhold,1,0,-,no-governance,,0
Q0124,standard,,H_HR:E_H_HR,gt,menu,AL,2,5,,G11-02415,0,withhold,0,0,menu,template-level,,0
Q0124,standard,,H_HR:E_H_HR,gt,abac_perm,AL,2,5,,G11-02415,0,withhold,0,0,abac_perm,cell-miss,,0
Q0124,standard,,H_HR:E_H_HR,gt,abac_restr,AL,2,5,,G11-02415,0,withhold,0,0,abac_restr,cell-miss,,0
Q0124,standard,,H_HR:E_H_HR,gt,idpdm,AL,2,5,,G11-02415,0,withhold,0,0,C1,cell-miss(AL),,0
Q0125,standard,,H_HR:E_H_HR,gt,ungoverned,AL,2,5,,G11-02419,1,withhold,1,0,-,no-governance,,0
Q0125,standard,,H_HR:E_H_HR,gt,menu,AL,2,5,,G11-02419,0,withhold,0,0,menu,template-level,,0
Q0125,standard,,H_HR:E_H_HR,gt,abac_perm,AL,2,5,,G11-02419,0,withhold,0,0,abac_perm,cell-miss,,0
Q0125,standard,,H_HR:E_H_HR,gt,abac_restr,AL,2,5,,G11-02419,0,withhold,0,0,abac_restr,cell-miss,,0
Q0125,standard,,H_HR:E_H_HR,gt,idpdm,AL,2,5,,G11-02419,0,withhold,0,0,C1,cell-miss(AL),,0
Q0126,standard,,F_PAY:E_F_PAY,gt,ungoverned,AL,2,5,,G11-02380,1,withhold,1,0,-,no-governance,,0
Q0126,standard,,F_PAY:E_F_PAY,gt,menu,AL,2,5,,G11-02380,0,withhold,0,0,menu,template-level,,0
Q0126,standard,,F_PAY:E_F_PAY,gt,abac_perm,AL,2,5,,G11-02380,0,withhold,0,0,abac_perm,cell-miss,,0
Q0126,standard,,F_PAY:E_F_PAY,gt,abac_restr,AL,2,5,,G11-02380,0,withhold,0,0,abac_restr,cell-miss,,0
Q0126,standard,,F_PAY:E_F_PAY,gt,idpdm,AL,2,5,,G11-02380,0,withhold,0,0,C1,cell-miss(AL),,0
Q0127,standard,,F_PAY:E_F_PAY,gt,ungoverned,AL,2,5,,G11-02435,1,withhold,1,0,-,no-governance,,0
Q0127,standard,,F_PAY:E_F_PAY,gt,menu,AL,2,5,,G11-02435,0,withhold,0,0,menu,template-level,,0
Q0127,standard,,F_PAY:E_F_PAY,gt,abac_perm,AL,2,5,,G11-02435,0,withhold,0,0,abac_perm,cell-miss,,0
Q0127,standard,,F_PAY:E_F_PAY,gt,abac_restr,AL,2,5,,G11-02435,0,withhold,0,0,abac_restr,cell-miss,,0
Q0127,standard,,F_PAY:E_F_PAY,gt,idpdm,AL,2,5,,G11-02435,0,withhold,0,0,C1,cell-miss(AL),,0
Q0128,standard,,B_BR:E_B_BR,gt,ungoverned,AL,2,5,,G11-02435,1,withhold,1,0,-,no-governance,,0
Q0128,standard,,B_BR:E_B_BR,gt,menu,AL,2,5,,G11-02435,0,withhold,0,0,menu,template-level,,0
Q0128,standard,,B_BR:E_B_BR,gt,abac_perm,AL,2,5,,G11-02435,0,withhold,0,0,abac_perm,cell-miss,,0
Q0128,standard,,B_BR:E_B_BR,gt,abac_restr,AL,2,5,,G11-02435,0,withhold,0,0,abac_restr,cell-miss,,0
Q0128,standard,,B_BR:E_B_BR,gt,idpdm,AL,2,5,,G11-02435,0,withhold,0,0,C1,cell-miss(AL),,0
Q0129,standard,,B_BR:E_B_BR,gt,ungoverned,AL,2,5,,G11-02414,1,withhold,1,0,-,no-governance,,0
Q0129,standard,,B_BR:E_B_BR,gt,menu,AL,2,5,,G11-02414,0,withhold,0,0,menu,template-level,,0
Q0129,standard,,B_BR:E_B_BR,gt,abac_perm,AL,2,5,,G11-02414,0,withhold,0,0,abac_perm,cell-miss,,0
Q0129,standard,,B_BR:E_B_BR,gt,abac_restr,AL,2,5,,G11-02414,0,withhold,0,0,abac_restr,cell-miss,,0
Q0129,standard,,B_BR:E_B_BR,gt,idpdm,AL,2,5,,G11-02414,0,withhold,0,0,C1,cell-miss(AL),,0
Q0130,standard,,F_SEC:E_F_SEC,gt,ungoverned,AL,3,5,,G11-02348,1,release,0,0,-,no-governance,,3
Q0130,standard,,F_SEC:E_F_SEC,gt,menu,AL,3,5,,G11-02348,1,release,0,0,menu,template-level,,3
Q0130,standard,,F_SEC:E_F_SEC,gt,abac_perm,AL,3,5,,G11-02348,1,release,0,0,abac_perm,cell-open(≤3) tier-blind,,3
Q0130,standard,,F_SEC:E_F_SEC,gt,abac_restr,AL,3,5,,G11-02348,1,release,0,0,abac_restr,tier 3<=max 3,,3
Q0130,standard,,F_SEC:E_F_SEC,gt,idpdm,AL,3,5,,G11-02348,1,release,0,0,R3,R3:ok,,3
Q0131,standard,,F_SEC:E_F_SEC,gt,ungoverned,AL,3,5,,G11-02321,1,release,0,0,-,no-governance,,3
Q0131,standard,,F_SEC:E_F_SEC,gt,menu,AL,3,5,,G11-02321,1,release,0,0,menu,template-level,,3
Q0131,standard,,F_SEC:E_F_SEC,gt,abac_perm,AL,3,5,,G11-02321,1,release,0,0,abac_perm,cell-open(≤3) tier-blind,,3
Q0131,standard,,F_SEC:E_F_SEC,gt,abac_restr,AL,3,5,,G11-02321,1,release,0,0,abac_restr,tier 3<=max 3,,3
Q0131,standard,,F_SEC:E_F_SEC,gt,idpdm,AL,3,5,,G11-02321,1,release,0,0,R3,R3:ok,,3
Q0132,standard,,F_CMP:E_F_CMP,gt,ungoverned,AL,3,5,,G11-02337,1,release,0,0,-,no-governance,,3
Q0132,standard,,F_CMP:E_F_CMP,gt,menu,AL,3,5,,G11-02337,1,release,0,0,menu,template-level,,3
Q0132,standard,,F_CMP:E_F_CMP,gt,abac_perm,AL,3,5,,G11-02337,1,release,0,0,abac_perm,cell-open(≤3) tier-blind,,3
Q0132,standard,,F_CMP:E_F_CMP,gt,abac_restr,AL,3,5,,G11-02337,1,release,0,0,abac_restr,tier 3<=max 3,,3
Q0132,standard,,F_CMP:E_F_CMP,gt,idpdm,AL,3,5,,G11-02337,1,release,0,0,R3,R3:ok,,3
Q0133,standard,,F_CMP:E_F_CMP,gt,ungoverned,AL,3,5,,G11-02327,1,release,0,0,-,no-governance,,3
Q0133,standard,,F_CMP:E_F_CMP,gt,menu,AL,3,5,,G11-02327,1,release,0,0,menu,template-level,,3
Q0133,standard,,F_CMP:E_F_CMP,gt,abac_perm,AL,3,5,,G11-02327,1,release,0,0,abac_perm,cell-open(≤3) tier-blind,,3
Q0133,standard,,F_CMP:E_F_CMP,gt,abac_restr,AL,3,5,,G11-02327,1,release,0,0,abac_restr,tier 3<=max 3,,3
Q0133,standard,,F_CMP:E_F_CMP,gt,idpdm,AL,3,5,,G11-02327,1,release,0,0,R3,R3:ok,,3
Q0134,standard,,H_HR:E_H_HR,gt,ungoverned,AL,3,5,,G11-02354,1,withhold,1,0,-,no-governance,,0
Q0134,standard,,H_HR:E_H_HR,gt,menu,AL,3,5,,G11-02354,0,withhold,0,0,menu,template-level,,0
Q0134,standard,,H_HR:E_H_HR,gt,abac_perm,AL,3,5,,G11-02354,0,withhold,0,0,abac_perm,cell-miss,,0
Q0134,standard,,H_HR:E_H_HR,gt,abac_restr,AL,3,5,,G11-02354,0,withhold,0,0,abac_restr,cell-miss,,0
Q0134,standard,,H_HR:E_H_HR,gt,idpdm,AL,3,5,,G11-02354,0,withhold,0,0,C1,cell-miss(AL),,0
Q0135,standard,,H_HR:E_H_HR,gt,ungoverned,AL,3,5,,G11-02331,1,withhold,1,0,-,no-governance,,0
Q0135,standard,,H_HR:E_H_HR,gt,menu,AL,3,5,,G11-02331,0,withhold,0,0,menu,template-level,,0
Q0135,standard,,H_HR:E_H_HR,gt,abac_perm,AL,3,5,,G11-02331,0,withhold,0,0,abac_perm,cell-miss,,0
Q0135,standard,,H_HR:E_H_HR,gt,abac_restr,AL,3,5,,G11-02331,0,withhold,0,0,abac_restr,cell-miss,,0
Q0135,standard,,H_HR:E_H_HR,gt,idpdm,AL,3,5,,G11-02331,0,withhold,0,0,C1,cell-miss(AL),,0
Q0136,standard,,F_PAY:E_F_PAY,gt,ungoverned,AL,3,5,,G11-02332,1,withhold,1,0,-,no-governance,,0
Q0136,standard,,F_PAY:E_F_PAY,gt,menu,AL,3,5,,G11-02332,0,withhold,0,0,menu,template-level,,0
Q0136,standard,,F_PAY:E_F_PAY,gt,abac_perm,AL,3,5,,G11-02332,0,withhold,0,0,abac_perm,cell-miss,,0
Q0136,standard,,F_PAY:E_F_PAY,gt,abac_restr,AL,3,5,,G11-02332,0,withhold,0,0,abac_restr,cell-miss,,0
Q0136,standard,,F_PAY:E_F_PAY,gt,idpdm,AL,3,5,,G11-02332,0,withhold,0,0,C1,cell-miss(AL),,0
Q0137,standard,,F_PAY:E_F_PAY,gt,ungoverned,AL,3,5,,G11-02319,1,withhold,1,0,-,no-governance,,0
Q0137,standard,,F_PAY:E_F_PAY,gt,menu,AL,3,5,,G11-02319,0,withhold,0,0,menu,template-level,,0
Q0137,standard,,F_PAY:E_F_PAY,gt,abac_perm,AL,3,5,,G11-02319,0,withhold,0,0,abac_perm,cell-miss,,0
Q0137,standard,,F_PAY:E_F_PAY,gt,abac_restr,AL,3,5,,G11-02319,0,withhold,0,0,abac_restr,cell-miss,,0
Q0137,standard,,F_PAY:E_F_PAY,gt,idpdm,AL,3,5,,G11-02319,0,withhold,0,0,C1,cell-miss(AL),,0
Q0138,standard,,B_BR:E_B_BR,gt,ungoverned,AL,3,5,,G11-02320,1,withhold,1,0,-,no-governance,,0
Q0138,standard,,B_BR:E_B_BR,gt,menu,AL,3,5,,G11-02320,0,withhold,0,0,menu,template-level,,0
Q0138,standard,,B_BR:E_B_BR,gt,abac_perm,AL,3,5,,G11-02320,0,withhold,0,0,abac_perm,cell-miss,,0
Q0138,standard,,B_BR:E_B_BR,gt,abac_restr,AL,3,5,,G11-02320,0,withhold,0,0,abac_restr,cell-miss,,0
Q0138,standard,,B_BR:E_B_BR,gt,idpdm,AL,3,5,,G11-02320,0,withhold,0,0,C1,cell-miss(AL),,0
Q0139,standard,,B_BR:E_B_BR,gt,ungoverned,AL,3,5,,G11-02337,1,withhold,1,0,-,no-governance,,0
Q0139,standard,,B_BR:E_B_BR,gt,menu,AL,3,5,,G11-02337,0,withhold,0,0,menu,template-level,,0
Q0139,standard,,B_BR:E_B_BR,gt,abac_perm,AL,3,5,,G11-02337,0,withhold,0,0,abac_perm,cell-miss,,0
Q0139,standard,,B_BR:E_B_BR,gt,abac_restr,AL,3,5,,G11-02337,0,withhold,0,0,abac_restr,cell-miss,,0
Q0139,standard,,B_BR:E_B_BR,gt,idpdm,AL,3,5,,G11-02337,0,withhold,0,0,C1,cell-miss(AL),,0
Q0140,standard,,B_RHQ:E_B_RHQ,gt,ungoverned,AL,3,5,,G11-02334,1,withhold,1,0,-,no-governance,,0
Q0140,standard,,B_RHQ:E_B_RHQ,gt,menu,AL,3,5,,G11-02334,0,withhold,0,0,menu,template-level,,0
Q0140,standard,,B_RHQ:E_B_RHQ,gt,abac_perm,AL,3,5,,G11-02334,0,withhold,0,0,abac_perm,cell-miss,,0
Q0140,standard,,B_RHQ:E_B_RHQ,gt,abac_restr,AL,3,5,,G11-02334,0,withhold,0,0,abac_restr,cell-miss,,0
Q0140,standard,,B_RHQ:E_B_RHQ,gt,idpdm,AL,3,5,,G11-02334,0,withhold,0,0,C1,cell-miss(AL),,0
Q0141,standard,,B_RHQ:E_B_RHQ,gt,ungoverned,AL,3,5,,G11-02304,1,withhold,1,0,-,no-governance,,0
Q0141,standard,,B_RHQ:E_B_RHQ,gt,menu,AL,3,5,,G11-02304,0,withhold,0,0,menu,template-level,,0
Q0141,standard,,B_RHQ:E_B_RHQ,gt,abac_perm,AL,3,5,,G11-02304,0,withhold,0,0,abac_perm,cell-miss,,0
Q0141,standard,,B_RHQ:E_B_RHQ,gt,abac_restr,AL,3,5,,G11-02304,0,withhold,0,0,abac_restr,cell-miss,,0
Q0141,standard,,B_RHQ:E_B_RHQ,gt,idpdm,AL,3,5,,G11-02304,0,withhold,0,0,C1,cell-miss(AL),,0
Q0142,standard,,F_SAL:E_F_SAL,gt,ungoverned,RM,1,5,,SAR-00001,1,withhold,1,0,-,no-governance,,0
Q0142,standard,,F_SAL:E_F_SAL,gt,menu,RM,1,5,,SAR-00001,1,withhold,1,0,menu,template-level,,0
Q0142,standard,,F_SAL:E_F_SAL,gt,abac_perm,RM,1,5,,SAR-00001,1,withhold,1,0,abac_perm,cell-open(≤2) tier-blind,,0
Q0142,standard,,F_SAL:E_F_SAL,gt,abac_restr,RM,1,5,,SAR-00001,1,withhold,1,0,abac_restr,tier 1<=max 2,,0
Q0142,standard,,F_SAL:E_F_SAL,gt,idpdm,RM,1,5,,SAR-00001,0,withhold,0,0,R3,R3:cls 3>1,,0
Q0143,standard,,F_SAL:E_F_SAL,gt,ungoverned,RM,1,5,,G06-00081,1,release,0,0,-,no-governance,,1
Q0143,standard,,F_SAL:E_F_SAL,gt,menu,RM,1,5,,G06-00081,1,release,0,0,menu,template-level,,1
Q0143,standard,,F_SAL:E_F_SAL,gt,abac_perm,RM,1,5,,G06-00081,1,release,0,0,abac_perm,cell-open(≤2) tier-blind,,1
Q0143,standard,,F_SAL:E_F_SAL,gt,abac_restr,RM,1,5,,G06-00081,1,release,0,0,abac_restr,tier 1<=max 2,,1
Q0143,standard,,F_SAL:E_F_SAL,gt,idpdm,RM,1,5,,G06-00081,1,release,0,0,R3,R3:ok,,1
Q0144,standard,,S_DIV:E_S_DIV,gt,ungoverned,RM,1,5,,SAR-00001,1,withhold,1,0,-,no-governance,,0
Q0144,standard,,S_DIV:E_S_DIV,gt,menu,RM,1,5,,SAR-00001,1,withhold,1,0,menu,template-level,,0
Q0144,standard,,S_DIV:E_S_DIV,gt,abac_perm,RM,1,5,,SAR-00001,1,withhold,1,0,abac_perm,cell-open(≤1) tier-blind,,0
Q0144,standard,,S_DIV:E_S_DIV,gt,abac_restr,RM,1,5,,SAR-00001,1,withhold,1,0,abac_restr,tier 1<=max 1,,0
Q0144,standard,,S_DIV:E_S_DIV,gt,idpdm,RM,1,5,,SAR-00001,0,withhold,0,0,R3,R3:cls 3>1,,0
Q0145,standard,,S_DIV:E_S_DIV,gt,ungoverned,RM,1,5,,G06-00081,1,release,0,0,-,no-governance,,1
Q0145,standard,,S_DIV:E_S_DIV,gt,menu,RM,1,5,,G06-00081,1,release,0,0,menu,template-level,,1
Q0145,standard,,S_DIV:E_S_DIV,gt,abac_perm,RM,1,5,,G06-00081,1,release,0,0,abac_perm,cell-open(≤1) tier-blind,,1
Q0145,standard,,S_DIV:E_S_DIV,gt,abac_restr,RM,1,5,,G06-00081,1,release,0,0,abac_restr,tier 1<=max 1,,1
Q0145,standard,,S_DIV:E_S_DIV,gt,idpdm,RM,1,5,,G06-00081,1,release,0,0,R3,R3:ok,,1
Q0146,standard,,H_HR:E_H_HR,gt,ungoverned,RM,1,5,,SAR-00001,1,withhold,1,0,-,no-governance,,0
Q0146,standard,,H_HR:E_H_HR,gt,menu,RM,1,5,,SAR-00001,0,withhold,0,0,menu,template-level,,0
Q0146,standard,,H_HR:E_H_HR,gt,abac_perm,RM,1,5,,SAR-00001,0,withhold,0,0,abac_perm,cell-miss,,0
Q0146,standard,,H_HR:E_H_HR,gt,abac_restr,RM,1,5,,SAR-00001,0,withhold,0,0,abac_restr,cell-miss,,0
Q0146,standard,,H_HR:E_H_HR,gt,idpdm,RM,1,5,,SAR-00001,0,withhold,0,0,C1,cell-miss(RM),,0
Q0147,standard,,H_HR:E_H_HR,gt,ungoverned,RM,1,5,,G06-00081,1,withhold,1,0,-,no-governance,,0
Q0147,standard,,H_HR:E_H_HR,gt,menu,RM,1,5,,G06-00081,0,withhold,0,0,menu,template-level,,0
Q0147,standard,,H_HR:E_H_HR,gt,abac_perm,RM,1,5,,G06-00081,0,withhold,0,0,abac_perm,cell-miss,,0
Q0147,standard,,H_HR:E_H_HR,gt,abac_restr,RM,1,5,,G06-00081,0,withhold,0,0,abac_restr,cell-miss,,0
Q0147,standard,,H_HR:E_H_HR,gt,idpdm,RM,1,5,,G06-00081,0,withhold,0,0,C1,cell-miss(RM),,0
Q0148,standard,,F_PAY:E_F_PAY,gt,ungoverned,RM,1,5,,G06-00081,1,withhold,1,0,-,no-governance,,0
Q0148,standard,,F_PAY:E_F_PAY,gt,menu,RM,1,5,,G06-00081,0,withhold,0,0,menu,template-level,,0
Q0148,standard,,F_PAY:E_F_PAY,gt,abac_perm,RM,1,5,,G06-00081,0,withhold,0,0,abac_perm,cell-miss,,0
Q0148,standard,,F_PAY:E_F_PAY,gt,abac_restr,RM,1,5,,G06-00081,0,withhold,0,0,abac_restr,cell-miss,,0
Q0148,standard,,F_PAY:E_F_PAY,gt,idpdm,RM,1,5,,G06-00081,0,withhold,0,0,C1,cell-miss(RM),,0
Q0149,standard,,F_PAY:E_F_PAY,gt,ungoverned,RM,1,5,,SAR-00001,1,withhold,1,0,-,no-governance,,0
Q0149,standard,,F_PAY:E_F_PAY,gt,menu,RM,1,5,,SAR-00001,0,withhold,0,0,menu,template-level,,0
Q0149,standard,,F_PAY:E_F_PAY,gt,abac_perm,RM,1,5,,SAR-00001,0,withhold,0,0,abac_perm,cell-miss,,0
Q0149,standard,,F_PAY:E_F_PAY,gt,abac_restr,RM,1,5,,SAR-00001,0,withhold,0,0,abac_restr,cell-miss,,0
Q0149,standard,,F_PAY:E_F_PAY,gt,idpdm,RM,1,5,,SAR-00001,0,withhold,0,0,C1,cell-miss(RM),,0
Q0150,standard,,F_CMP:E_F_CMP,gt,ungoverned,RM,1,5,,SAR-00001,1,release,0,0,-,no-governance,,1
Q0150,standard,,F_CMP:E_F_CMP,gt,menu,RM,1,5,,SAR-00001,1,release,0,0,menu,template-level,,1
Q0150,standard,,F_CMP:E_F_CMP,gt,abac_perm,RM,1,5,,SAR-00001,1,release,0,0,abac_perm,cell-open(≤3) tier-blind,,1
Q0150,standard,,F_CMP:E_F_CMP,gt,abac_restr,RM,1,5,,SAR-00001,1,release,0,0,abac_restr,tier 1<=max 3,,1
Q0150,standard,,F_CMP:E_F_CMP,gt,idpdm,RM,1,5,,SAR-00001,1,release,0,0,R3,R3:ok,,1
Q0151,standard,,F_CMP:E_F_CMP,gt,ungoverned,RM,1,5,,G06-00081,1,release,0,0,-,no-governance,,1
Q0151,standard,,F_CMP:E_F_CMP,gt,menu,RM,1,5,,G06-00081,1,release,0,0,menu,template-level,,1
Q0151,standard,,F_CMP:E_F_CMP,gt,abac_perm,RM,1,5,,G06-00081,1,release,0,0,abac_perm,cell-open(≤3) tier-blind,,1
Q0151,standard,,F_CMP:E_F_CMP,gt,abac_restr,RM,1,5,,G06-00081,1,release,0,0,abac_restr,tier 1<=max 3,,1
Q0151,standard,,F_CMP:E_F_CMP,gt,idpdm,RM,1,5,,G06-00081,1,release,0,0,R3,R3:ok,,1
Q0152,standard,,F_SAL:E_F_SAL,gt,ungoverned,RM,2,5,,G06-00221,1,release,0,0,-,no-governance,,2
Q0152,standard,,F_SAL:E_F_SAL,gt,menu,RM,2,5,,G06-00221,1,release,0,0,menu,template-level,,2
Q0152,standard,,F_SAL:E_F_SAL,gt,abac_perm,RM,2,5,,G06-00221,1,release,0,0,abac_perm,cell-open(≤2) tier-blind,,2
Q0152,standard,,F_SAL:E_F_SAL,gt,abac_restr,RM,2,5,,G06-00221,1,release,0,0,abac_restr,tier 2<=max 2,,2
Q0152,standard,,F_SAL:E_F_SAL,gt,idpdm,RM,2,5,,G06-00221,1,release,0,0,R3,R3:ok,,2
Q0153,standard,,F_SAL:E_F_SAL,gt,ungoverned,RM,2,5,,G06-00116,1,release,0,0,-,no-governance,,2
Q0153,standard,,F_SAL:E_F_SAL,gt,menu,RM,2,5,,G06-00116,1,release,0,0,menu,template-level,,2
Q0153,standard,,F_SAL:E_F_SAL,gt,abac_perm,RM,2,5,,G06-00116,1,release,0,0,abac_perm,cell-open(≤2) tier-blind,,2
Q0153,standard,,F_SAL:E_F_SAL,gt,abac_restr,RM,2,5,,G06-00116,1,release,0,0,abac_restr,tier 2<=max 2,,2
Q0153,standard,,F_SAL:E_F_SAL,gt,idpdm,RM,2,5,,G06-00116,1,release,0,0,R3,R3:ok,,2
Q0154,standard,,S_ACC:E_S_ACC,gt,ungoverned,RM,2,5,,G06-00281,1,release,0,0,-,no-governance,,2
Q0154,standard,,S_ACC:E_S_ACC,gt,menu,RM,2,5,,G06-00281,1,release,0,0,menu,template-level,,2
Q0154,standard,,S_ACC:E_S_ACC,gt,abac_perm,RM,2,5,,G06-00281,1,release,0,0,abac_perm,cell-open(≤2) tier-blind,,2
Q0154,standard,,S_ACC:E_S_ACC,gt,abac_restr,RM,2,5,,G06-00281,1,release,0,0,abac_restr,tier 2<=max 2,,2
Q0154,standard,,S_ACC:E_S_ACC,gt,idpdm,RM,2,5,,G06-00281,1,release,0,0,R3,R3:ok,,2
Q0155,standard,,S_ACC:E_S_ACC,gt,ungoverned,RM,2,5,,G06-00121,1,release,0,0,-,no-governance,,2
Q0155,standard,,S_ACC:E_S_ACC,gt,menu,RM,2,5,,G06-00121,1,release,0,0,menu,template-level,,2
Q0155,standard,,S_ACC:E_S_ACC,gt,abac_perm,RM,2,5,,G06-00121,1,release,0,0,abac_perm,cell-open(≤2) tier-blind,,2
Q0155,standard,,S_ACC:E_S_ACC,gt,abac_restr,RM,2,5,,G06-00121,1,release,0,0,abac_restr,tier 2<=max 2,,2
Q0155,standard,,S_ACC:E_S_ACC,gt,idpdm,RM,2,5,,G06-00121,1,release,0,0,R3,R3:ok,,2
Q0156,standard,,B_BR:E_B_BR,gt,ungoverned,RM,2,5,,G06-00201,1,withhold,1,0,-,no-governance,,0
Q0156,standard,,B_BR:E_B_BR,gt,menu,RM,2,5,,G06-00201,1,withhold,1,0,menu,template-level,,0
Q0156,standard,,B_BR:E_B_BR,gt,abac_perm,RM,2,5,,G06-00201,1,withhold,1,0,abac_perm,cell-open(≤2) tier-blind,,0
Q0156,standard,,B_BR:E_B_BR,gt,abac_restr,RM,2,5,,G06-00201,1,withhold,1,0,abac_restr,tier 2<=max 2,,0
Q0156,standard,,B_BR:E_B_BR,gt,idpdm,RM,2,5,,G06-00201,0,withhold,0,0,R3,R3:row(hierarchy subtree 밖),,0
Q0157,standard,,B_BR:E_B_BR,gt,ungoverned,RM,2,5,,G06-00261,1,withhold,1,0,-,no-governance,,0
Q0157,standard,,B_BR:E_B_BR,gt,menu,RM,2,5,,G06-00261,1,withhold,1,0,menu,template-level,,0
Q0157,standard,,B_BR:E_B_BR,gt,abac_perm,RM,2,5,,G06-00261,1,withhold,1,0,abac_perm,cell-open(≤2) tier-blind,,0
Q0157,standard,,B_BR:E_B_BR,gt,abac_restr,RM,2,5,,G06-00261,1,withhold,1,0,abac_restr,tier 2<=max 2,,0
Q0157,standard,,B_BR:E_B_BR,gt,idpdm,RM,2,5,,G06-00261,0,withhold,0,0,R3,R3:row(hierarchy subtree 밖),,0
Q0158,standard,,H_HR:E_H_HR,gt,ungoverned,RM,2,5,,G06-00266,1,withhold,1,0,-,no-governance,,0
Q0158,standard,,H_HR:E_H_HR,gt,menu,RM,2,5,,G06-00266,0,withhold,0,0,menu,template-level,,0
Q0158,standard,,H_HR:E_H_HR,gt,abac_perm,RM,2,5,,G06-00266,0,withhold,0,0,abac_perm,cell-miss,,0
Q0158,standard,,H_HR:E_H_HR,gt,abac_restr,RM,2,5,,G06-00266,0,withhold,0,0,abac_restr,cell-miss,,0
Q0158,standard,,H_HR:E_H_HR,gt,idpdm,RM,2,5,,G06-00266,0,withhold,0,0,C1,cell-miss(RM),,0
Q0159,standard,,H_HR:E_H_HR,gt,ungoverned,RM,2,5,,G06-00336,1,withhold,1,0,-,no-governance,,0
Q0159,standard,,H_HR:E_H_HR,gt,menu,RM,2,5,,G06-00336,0,withhold,0,0,menu,template-level,,0
Q0159,standard,,H_HR:E_H_HR,gt,abac_perm,RM,2,5,,G06-00336,0,withhold,0,0,abac_perm,cell-miss,,0
Q0159,standard,,H_HR:E_H_HR,gt,abac_restr,RM,2,5,,G06-00336,0,withhold,0,0,abac_restr,cell-miss,,0
Q0159,standard,,H_HR:E_H_HR,gt,idpdm,RM,2,5,,G06-00336,0,withhold,0,0,C1,cell-miss(RM),,0
Q0160,standard,,F_PAY:E_F_PAY,gt,ungoverned,RM,2,5,,G06-00216,1,withhold,1,0,-,no-governance,,0
Q0160,standard,,F_PAY:E_F_PAY,gt,menu,RM,2,5,,G06-00216,0,withhold,0,0,menu,template-level,,0
Q0160,standard,,F_PAY:E_F_PAY,gt,abac_perm,RM,2,5,,G06-00216,0,withhold,0,0,abac_perm,cell-miss,,0
Q0160,standard,,F_PAY:E_F_PAY,gt,abac_restr,RM,2,5,,G06-00216,0,withhold,0,0,abac_restr,cell-miss,,0
Q0160,standard,,F_PAY:E_F_PAY,gt,idpdm,RM,2,5,,G06-00216,0,withhold,0,0,C1,cell-miss(RM),,0
Q0161,standard,,F_PAY:E_F_PAY,gt,ungoverned,RM,2,5,,G06-00291,1,withhold,1,0,-,no-governance,,0
Q0161,standard,,F_PAY:E_F_PAY,gt,menu,RM,2,5,,G06-00291,0,withhold,0,0,menu,template-level,,0
Q0161,standard,,F_PAY:E_F_PAY,gt,abac_perm,RM,2,5,,G06-00291,0,withhold,0,0,abac_perm,cell-miss,,0
Q0161,standard,,F_PAY:E_F_PAY,gt,abac_restr,RM,2,5,,G06-00291,0,withhold,0,0,abac_restr,cell-miss,,0
Q0161,standard,,F_PAY:E_F_PAY,gt,idpdm,RM,2,5,,G06-00291,0,withhold,0,0,C1,cell-miss(RM),,0
Q0162,standard,,F_CMP:E_F_CMP,gt,ungoverned,RM,2,5,,G06-00141,1,release,0,0,-,no-governance,,2
Q0162,standard,,F_CMP:E_F_CMP,gt,menu,RM,2,5,,G06-00141,1,release,0,0,menu,template-level,,2
Q0162,standard,,F_CMP:E_F_CMP,gt,abac_perm,RM,2,5,,G06-00141,1,release,0,0,abac_perm,cell-open(≤3) tier-blind,,2
Q0162,standard,,F_CMP:E_F_CMP,gt,abac_restr,RM,2,5,,G06-00141,1,release,0,0,abac_restr,tier 2<=max 3,,2
Q0162,standard,,F_CMP:E_F_CMP,gt,idpdm,RM,2,5,,G06-00141,1,release,0,0,R3,R3:ok,,2
Q0163,standard,,F_CMP:E_F_CMP,gt,ungoverned,RM,2,5,,G06-00156,1,release,0,0,-,no-governance,,2
Q0163,standard,,F_CMP:E_F_CMP,gt,menu,RM,2,5,,G06-00156,1,release,0,0,menu,template-level,,2
Q0163,standard,,F_CMP:E_F_CMP,gt,abac_perm,RM,2,5,,G06-00156,1,release,0,0,abac_perm,cell-open(≤3) tier-blind,,2
Q0163,standard,,F_CMP:E_F_CMP,gt,abac_restr,RM,2,5,,G06-00156,1,release,0,0,abac_restr,tier 2<=max 3,,2
Q0163,standard,,F_CMP:E_F_CMP,gt,idpdm,RM,2,5,,G06-00156,1,release,0,0,R3,R3:ok,,2
Q0164,standard,,B_BR:E_B_BR,gt,ungoverned,TA,2,5,,G03-00250,1,withhold,1,0,-,no-governance,,0
Q0164,standard,,B_BR:E_B_BR,gt,menu,TA,2,5,,G03-00250,1,withhold,1,0,menu,template-level,,0
Q0164,standard,,B_BR:E_B_BR,gt,abac_perm,TA,2,5,,G03-00250,1,withhold,1,0,abac_perm,cell-open(≤3) tier-blind,,0
Q0164,standard,,B_BR:E_B_BR,gt,abac_restr,TA,2,5,,G03-00250,1,withhold,1,0,abac_restr,tier 2<=max 3,,0
Q0164,standard,,B_BR:E_B_BR,gt,idpdm,TA,2,5,,G03-00250,0,withhold,0,0,R3,R3:row(hierarchy subtree 밖),,0
Q0165,standard,,B_BR:E_B_BR,gt,ungoverned,TA,2,5,,G03-00115,1,withhold,1,0,-,no-governance,,0
Q0165,standard,,B_BR:E_B_BR,gt,menu,TA,2,5,,G03-00115,1,withhold,1,0,menu,template-level,,0
Q0165,standard,,B_BR:E_B_BR,gt,abac_perm,TA,2,5,,G03-00115,1,withhold,1,0,abac_perm,cell-open(≤3) tier-blind,,0
Q0165,standard,,B_BR:E_B_BR,gt,abac_restr,TA,2,5,,G03-00115,1,withhold,1,0,abac_restr,tier 2<=max 3,,0
Q0165,standard,,B_BR:E_B_BR,gt,idpdm,TA,2,5,,G03-00115,0,withhold,0,0,R3,R3:row(hierarchy subtree 밖),,0
Q0166,standard,,C_CC:E_C_CC,gt,ungoverned,TA,2,5,,G03-00285,1,release,0,0,-,no-governance,,2
Q0166,standard,,C_CC:E_C_CC,gt,menu,TA,2,5,,G03-00285,1,release,0,0,menu,template-level,,2
Q0166,standard,,C_CC:E_C_CC,gt,abac_perm,TA,2,5,,G03-00285,1,release,0,0,abac_perm,cell-open(≤3) tier-blind,,2
Q0166,standard,,C_CC:E_C_CC,gt,abac_restr,TA,2,5,,G03-00285,1,release,0,0,abac_restr,tier 2<=max 3,,2
Q0166,standard,,C_CC:E_C_CC,gt,idpdm,TA,2,5,,G03-00285,1,release,0,0,R3,R3:ok,,2
Q0167,standard,,C_CC:E_C_CC,gt,ungoverned,TA,2,5,,G03-00330,1,release,0,0,-,no-governance,,2
Q0167,standard,,C_CC:E_C_CC,gt,menu,TA,2,5,,G03-00330,1,release,0,0,menu,template-level,,2
Q0167,standard,,C_CC:E_C_CC,gt,abac_perm,TA,2,5,,G03-00330,1,release,0,0,abac_perm,cell-open(≤3) tier-blind,,2
Q0167,standard,,C_CC:E_C_CC,gt,abac_restr,TA,2,5,,G03-00330,1,release,0,0,abac_restr,tier 2<=max 3,,2
Q0167,standard,,C_CC:E_C_CC,gt,idpdm,TA,2,5,,G03-00330,1,release,0,0,R3,R3:ok,,2
Q0168,standard,,H_HR:E_H_HR,gt,ungoverned,TA,2,5,,G03-00135,1,withhold,1,0,-,no-governance,,0
Q0168,standard,,H_HR:E_H_HR,gt,menu,TA,2,5,,G03-00135,0,withhold,0,0,menu,template-level,,0
Q0168,standard,,H_HR:E_H_HR,gt,abac_perm,TA,2,5,,G03-00135,0,withhold,0,0,abac_perm,cell-miss,,0
Q0168,standard,,H_HR:E_H_HR,gt,abac_restr,TA,2,5,,G03-00135,0,withhold,0,0,abac_restr,cell-miss,,0
Q0168,standard,,H_HR:E_H_HR,gt,idpdm,TA,2,5,,G03-00135,0,withhold,0,0,C1,cell-miss(TA),,0
Q0169,standard,,H_HR:E_H_HR,gt,ungoverned,TA,2,5,,G03-00340,1,withhold,1,0,-,no-governance,,0
Q0169,standard,,H_HR:E_H_HR,gt,menu,TA,2,5,,G03-00340,0,withhold,0,0,menu,template-level,,0
Q0169,standard,,H_HR:E_H_HR,gt,abac_perm,TA,2,5,,G03-00340,0,withhold,0,0,abac_perm,cell-miss,,0
Q0169,standard,,H_HR:E_H_HR,gt,abac_restr,TA,2,5,,G03-00340,0,withhold,0,0,abac_restr,cell-miss,,0
Q0169,standard,,H_HR:E_H_HR,gt,idpdm,TA,2,5,,G03-00340,0,withhold,0,0,C1,cell-miss(TA),,0
Q0170,standard,,F_PAY:E_F_PAY,gt,ungoverned,TA,2,5,,G03-00245,1,withhold,1,0,-,no-governance,,0
Q0170,standard,,F_PAY:E_F_PAY,gt,menu,TA,2,5,,G03-00245,0,withhold,0,0,menu,template-level,,0
Q0170,standard,,F_PAY:E_F_PAY,gt,abac_perm,TA,2,5,,G03-00245,0,withhold,0,0,abac_perm,cell-miss,,0
Q0170,standard,,F_PAY:E_F_PAY,gt,abac_restr,TA,2,5,,G03-00245,0,withhold,0,0,abac_restr,cell-miss,,0
Q0170,standard,,F_PAY:E_F_PAY,gt,idpdm,TA,2,5,,G03-00245,0,withhold,0,0,C1,cell-miss(TA),,0
Q0171,standard,,F_PAY:E_F_PAY,gt,ungoverned,TA,2,5,,G03-00365,1,withhold,1,0,-,no-governance,,0
Q0171,standard,,F_PAY:E_F_PAY,gt,menu,TA,2,5,,G03-00365,0,withhold,0,0,menu,template-level,,0
Q0171,standard,,F_PAY:E_F_PAY,gt,abac_perm,TA,2,5,,G03-00365,0,withhold,0,0,abac_perm,cell-miss,,0
Q0171,standard,,F_PAY:E_F_PAY,gt,abac_restr,TA,2,5,,G03-00365,0,withhold,0,0,abac_restr,cell-miss,,0
Q0171,standard,,F_PAY:E_F_PAY,gt,idpdm,TA,2,5,,G03-00365,0,withhold,0,0,C1,cell-miss(TA),,0
Q0172,standard,,F_CMP:E_F_CMP,gt,ungoverned,TA,2,5,,G03-00260,1,release,0,0,-,no-governance,,2
Q0172,standard,,F_CMP:E_F_CMP,gt,menu,TA,2,5,,G03-00260,1,release,0,0,menu,template-level,,2
Q0172,standard,,F_CMP:E_F_CMP,gt,abac_perm,TA,2,5,,G03-00260,1,release,0,0,abac_perm,cell-open(≤3) tier-blind,,2
Q0172,standard,,F_CMP:E_F_CMP,gt,abac_restr,TA,2,5,,G03-00260,1,release,0,0,abac_restr,tier 2<=max 3,,2
Q0172,standard,,F_CMP:E_F_CMP,gt,idpdm,TA,2,5,,G03-00260,1,release,0,0,R3,R3:ok,,2
Q0173,standard,,F_CMP:E_F_CMP,gt,ungoverned,TA,2,5,,G03-00155,1,release,0,0,-,no-governance,,2
Q0173,standard,,F_CMP:E_F_CMP,gt,menu,TA,2,5,,G03-00155,1,release,0,0,menu,template-level,,2
Q0173,standard,,F_CMP:E_F_CMP,gt,abac_perm,TA,2,5,,G03-00155,1,release,0,0,abac_perm,cell-open(≤3) tier-blind,,2
Q0173,standard,,F_CMP:E_F_CMP,gt,abac_restr,TA,2,5,,G03-00155,1,release,0,0,abac_restr,tier 2<=max 3,,2
Q0173,standard,,F_CMP:E_F_CMP,gt,idpdm,TA,2,5,,G03-00155,1,release,0,0,R3,R3:ok,,2
Q0174,standard,,B_BR:E_B_BR,gt,ungoverned,AB,2,5,,G04-00369,1,withhold,1,0,-,no-governance,,0
Q0174,standard,,B_BR:E_B_BR,gt,menu,AB,2,5,,G04-00369,1,withhold,1,0,menu,template-level,,0
Q0174,standard,,B_BR:E_B_BR,gt,abac_perm,AB,2,5,,G04-00369,1,withhold,1,0,abac_perm,cell-open(≤3) tier-blind,,0
Q0174,standard,,B_BR:E_B_BR,gt,abac_restr,AB,2,5,,G04-00369,1,withhold,1,0,abac_restr,tier 2<=max 3,,0
Q0174,standard,,B_BR:E_B_BR,gt,idpdm,AB,2,5,,G04-00369,0,withhold,0,0,R3,R3:row(hierarchy subtree 밖),,0
Q0175,standard,,B_BR:E_B_BR,gt,ungoverned,AB,2,5,,G04-00164,1,withhold,1,0,-,no-governance,,0
Q0175,standard,,B_BR:E_B_BR,gt,menu,AB,2,5,,G04-00164,1,withhold,1,0,menu,template-level,,0
Q0175,standard,,B_BR:E_B_BR,gt,abac_perm,AB,2,5,,G04-00164,1,withhold,1,0,abac_perm,cell-open(≤3) tier-blind,,0
Q0175,standard,,B_BR:E_B_BR,gt,abac_restr,AB,2,5,,G04-00164,1,withhold,1,0,abac_restr,tier 2<=max 3,,0
Q0175,standard,,B_BR:E_B_BR,gt,idpdm,AB,2,5,,G04-00164,0,withhold,0,0,R3,R3:row(hierarchy subtree 밖),,0
Q0176,standard,,S_DEP:E_S_DEP,gt,ungoverned,AB,2,5,,G04-00099,1,withhold,1,0,-,no-governance,,0
Q0176,standard,,S_DEP:E_S_DEP,gt,menu,AB,2,5,,G04-00099,1,withhold,1,0,menu,template-level,,0
Q0176,standard,,S_DEP:E_S_DEP,gt,abac_perm,AB,2,5,,G04-00099,1,withhold,1,0,abac_perm,cell-open(≤1) tier-blind,,0
Q0176,standard,,S_DEP:E_S_DEP,gt,abac_restr,AB,2,5,,G04-00099,0,withhold,0,0,abac_restr,tier 2<=max 1,,0
Q0176,standard,,S_DEP:E_S_DEP,gt,idpdm,AB,2,5,,G04-00099,0,withhold,0,0,D_final,tier 2>1,,0
Q0177,standard,,S_DEP:E_S_DEP,gt,ungoverned,AB,2,5,,G04-00274,1,withhold,1,0,-,no-governance,,0
Q0177,standard,,S_DEP:E_S_DEP,gt,menu,AB,2,5,,G04-00274,1,withhold,1,0,menu,template-level,,0
Q0177,standard,,S_DEP:E_S_DEP,gt,abac_perm,AB,2,5,,G04-00274,1,withhold,1,0,abac_perm,cell-open(≤1) tier-blind,,0
Q0177,standard,,S_DEP:E_S_DEP,gt,abac_restr,AB,2,5,,G04-00274,0,withhold,0,0,abac_restr,tier 2<=max 1,,0
Q0177,standard,,S_DEP:E_S_DEP,gt,idpdm,AB,2,5,,G04-00274,0,withhold,0,0,D_final,tier 2>1,,0
Q0178,standard,,H_HR:E_H_HR,gt,ungoverned,AB,2,5,,G04-00264,1,withhold,1,0,-,no-governance,,0
Q0178,standard,,H_HR:E_H_HR,gt,menu,AB,2,5,,G04-00264,0,withhold,0,0,menu,template-level,,0
Q0178,standard,,H_HR:E_H_HR,gt,abac_perm,AB,2,5,,G04-00264,0,withhold,0,0,abac_perm,cell-miss,,0
Q0178,standard,,H_HR:E_H_HR,gt,abac_restr,AB,2,5,,G04-00264,0,withhold,0,0,abac_restr,cell-miss,,0
Q0178,standard,,H_HR:E_H_HR,gt,idpdm,AB,2,5,,G04-00264,0,withhold,0,0,C1,cell-miss(AB),,0
Q0179,standard,,H_HR:E_H_HR,gt,ungoverned,AB,2,5,,G04-00199,1,withhold,1,0,-,no-governance,,0
Q0179,standard,,H_HR:E_H_HR,gt,menu,AB,2,5,,G04-00199,0,withhold,0,0,menu,template-level,,0
Q0179,standard,,H_HR:E_H_HR,gt,abac_perm,AB,2,5,,G04-00199,0,withhold,0,0,abac_perm,cell-miss,,0
Q0179,standard,,H_HR:E_H_HR,gt,abac_restr,AB,2,5,,G04-00199,0,withhold,0,0,abac_restr,cell-miss,,0
Q0179,standard,,H_HR:E_H_HR,gt,idpdm,AB,2,5,,G04-00199,0,withhold,0,0,C1,cell-miss(AB),,0
Q0180,standard,,F_PAY:E_F_PAY,gt,ungoverned,AB,2,5,,G04-00164,1,withhold,1,0,-,no-governance,,0
Q0180,standard,,F_PAY:E_F_PAY,gt,menu,AB,2,5,,G04-00164,0,withhold,0,0,menu,template-level,,0
Q0180,standard,,F_PAY:E_F_PAY,gt,abac_perm,AB,2,5,,G04-00164,0,withhold,0,0,abac_perm,cell-miss,,0
Q0180,standard,,F_PAY:E_F_PAY,gt,abac_restr,AB,2,5,,G04-00164,0,withhold,0,0,abac_restr,cell-miss,,0
Q0180,standard,,F_PAY:E_F_PAY,gt,idpdm,AB,2,5,,G04-00164,0,withhold,0,0,C1,cell-miss(AB),,0
Q0181,standard,,F_PAY:E_F_PAY,gt,ungoverned,AB,2,5,,G04-00149,1,withhold,1,0,-,no-governance,,0
Q0181,standard,,F_PAY:E_F_PAY,gt,menu,AB,2,5,,G04-00149,0,withhold,0,0,menu,template-level,,0
Q0181,standard,,F_PAY:E_F_PAY,gt,abac_perm,AB,2,5,,G04-00149,0,withhold,0,0,abac_perm,cell-miss,,0
Q0181,standard,,F_PAY:E_F_PAY,gt,abac_restr,AB,2,5,,G04-00149,0,withhold,0,0,abac_restr,cell-miss,,0
Q0181,standard,,F_PAY:E_F_PAY,gt,idpdm,AB,2,5,,G04-00149,0,withhold,0,0,C1,cell-miss(AB),,0
Q0182,standard,,F_CMP:E_F_CMP,gt,ungoverned,AB,2,5,,G04-00204,1,release,0,0,-,no-governance,,2
Q0182,standard,,F_CMP:E_F_CMP,gt,menu,AB,2,5,,G04-00204,1,release,0,0,menu,template-level,,2
Q0182,standard,,F_CMP:E_F_CMP,gt,abac_perm,AB,2,5,,G04-00204,1,release,0,0,abac_perm,cell-open(≤3) tier-blind,,2
Q0182,standard,,F_CMP:E_F_CMP,gt,abac_restr,AB,2,5,,G04-00204,1,release,0,0,abac_restr,tier 2<=max 3,,2
Q0182,standard,,F_CMP:E_F_CMP,gt,idpdm,AB,2,5,,G04-00204,1,release,0,0,R3,R3:ok,,2
Q0183,standard,,F_CMP:E_F_CMP,gt,ungoverned,AB,2,5,,G04-00229,1,release,0,0,-,no-governance,,2
Q0183,standard,,F_CMP:E_F_CMP,gt,menu,AB,2,5,,G04-00229,1,release,0,0,menu,template-level,,2
Q0183,standard,,F_CMP:E_F_CMP,gt,abac_perm,AB,2,5,,G04-00229,1,release,0,0,abac_perm,cell-open(≤3) tier-blind,,2
Q0183,standard,,F_CMP:E_F_CMP,gt,abac_restr,AB,2,5,,G04-00229,1,release,0,0,abac_restr,tier 2<=max 3,,2
Q0183,standard,,F_CMP:E_F_CMP,gt,idpdm,AB,2,5,,G04-00229,1,release,0,0,R3,R3:ok,,2
Q0184,standard,,H_HR:E_H_HR,gt,ungoverned,PH,2,5,,G10-02237,1,release,0,0,-,no-governance,,2
Q0184,standard,,H_HR:E_H_HR,gt,menu,PH,2,5,,G10-02237,1,release,0,0,menu,template-level,,2
Q0184,standard,,H_HR:E_H_HR,gt,abac_perm,PH,2,5,,G10-02237,1,release,0,0,abac_perm,cell-open(≤3) tier-blind,,2
Q0184,standard,,H_HR:E_H_HR,gt,abac_restr,PH,2,5,,G10-02237,1,release,0,0,abac_restr,tier 2<=max 3,,2
Q0184,standard,,H_HR:E_H_HR,gt,idpdm,PH,2,5,,G10-02237,1,release,0,0,R3,R3:ok,,2
Q0185,standard,,H_HR:E_H_HR,gt,ungoverned,PH,2,5,,G10-02233,1,release,0,0,-,no-governance,,2
Q0185,standard,,H_HR:E_H_HR,gt,menu,PH,2,5,,G10-02233,1,release,0,0,menu,template-level,,2
Q0185,standard,,H_HR:E_H_HR,gt,abac_perm,PH,2,5,,G10-02233,1,release,0,0,abac_perm,cell-open(≤3) tier-blind,,2
Q0185,standard,,H_HR:E_H_HR,gt,abac_restr,PH,2,5,,G10-02233,1,release,0,0,abac_restr,tier 2<=max 3,,2
Q0185,standard,,H_HR:E_H_HR,gt,idpdm,PH,2,5,,G10-02233,1,release,0,0,R3,R3:ok,,2
Q0186,standard,,F_PAY:E_F_PAY,gt,ungoverned,PH,2,5,,G10-02268,1,release,0,0,-,no-governance,,2
Q0186,standard,,F_PAY:E_F_PAY,gt,menu,PH,2,5,,G10-02268,1,release,0,0,menu,template-level,,2
Q0186,standard,,F_PAY:E_F_PAY,gt,abac_perm,PH,2,5,,G10-02268,1,release,0,0,abac_perm,cell-open(≤3) tier-blind,,2
Q0186,standard,,F_PAY:E_F_PAY,gt,abac_restr,PH,2,5,,G10-02268,1,release,0,0,abac_restr,tier 2<=max 3,,2
Q0186,standard,,F_PAY:E_F_PAY,gt,idpdm,PH,2,5,,G10-02268,1,release,0,0,R3,R3:ok,,2
Q0187,standard,,F_PAY:E_F_PAY,gt,ungoverned,PH,2,5,,G10-02235,1,release,0,0,-,no-governance,,2
Q0187,standard,,F_PAY:E_F_PAY,gt,menu,PH,2,5,,G10-02235,1,release,0,0,menu,template-level,,2
Q0187,standard,,F_PAY:E_F_PAY,gt,abac_perm,PH,2,5,,G10-02235,1,release,0,0,abac_perm,cell-open(≤3) tier-blind,,2
Q0187,standard,,F_PAY:E_F_PAY,gt,abac_restr,PH,2,5,,G10-02235,1,release,0,0,abac_restr,tier 2<=max 3,,2
Q0187,standard,,F_PAY:E_F_PAY,gt,idpdm,PH,2,5,,G10-02235,1,release,0,0,R3,R3:ok,,2
Q0188,standard,,F_CMP:E_F_CMP,gt,ungoverned,PH,2,5,,G10-02225,1,release,0,0,-,no-governance,,2
Q0188,standard,,F_CMP:E_F_CMP,gt,menu,PH,2,5,,G10-02225,1,release,0,0,menu,template-level,,2
Q0188,standard,,F_CMP:E_F_CMP,gt,abac_perm,PH,2,5,,G10-02225,1,release,0,0,abac_perm,cell-open(≤3) tier-blind,,2
Q0188,standard,,F_CMP:E_F_CMP,gt,abac_restr,PH,2,5,,G10-02225,1,release,0,0,abac_restr,tier 2<=max 3,,2
Q0188,standard,,F_CMP:E_F_CMP,gt,idpdm,PH,2,5,,G10-02225,1,release,0,0,R3,R3:ok,,2
Q0189,standard,,F_CMP:E_F_CMP,gt,ungoverned,PH,2,5,,G10-02203,1,release,0,0,-,no-governance,,2
Q0189,standard,,F_CMP:E_F_CMP,gt,menu,PH,2,5,,G10-02203,1,release,0,0,menu,template-level,,2
Q0189,standard,,F_CMP:E_F_CMP,gt,abac_perm,PH,2,5,,G10-02203,1,release,0,0,abac_perm,cell-open(≤3) tier-blind,,2
Q0189,standard,,F_CMP:E_F_CMP,gt,abac_restr,PH,2,5,,G10-02203,1,release,0,0,abac_restr,tier 2<=max 3,,2
Q0189,standard,,F_CMP:E_F_CMP,gt,idpdm,PH,2,5,,G10-02203,1,release,0,0,R3,R3:ok,,2
Q0190,standard,,B_BR:E_B_BR,gt,ungoverned,PH,2,5,,G10-02267,1,withhold,1,0,-,no-governance,,0
Q0190,standard,,B_BR:E_B_BR,gt,menu,PH,2,5,,G10-02267,1,withhold,1,0,menu,template-level,,0
Q0190,standard,,B_BR:E_B_BR,gt,abac_perm,PH,2,5,,G10-02267,1,withhold,1,0,abac_perm,cell-open(≤3) tier-blind,,0
Q0190,standard,,B_BR:E_B_BR,gt,abac_restr,PH,2,5,,G10-02267,1,withhold,1,0,abac_restr,tier 2<=max 3,,0
Q0190,standard,,B_BR:E_B_BR,gt,idpdm,PH,2,5,,G10-02267,0,withhold,0,0,R3,R3:row(ownership 본인 단독 아님),,0
Q0191,standard,,B_BR:E_B_BR,gt,ungoverned,PH,2,5,,G10-02251,1,withhold,1,0,-,no-governance,,0
Q0191,standard,,B_BR:E_B_BR,gt,menu,PH,2,5,,G10-02251,1,withhold,1,0,menu,template-level,,0
Q0191,standard,,B_BR:E_B_BR,gt,abac_perm,PH,2,5,,G10-02251,1,withhold,1,0,abac_perm,cell-open(≤3) tier-blind,,0
Q0191,standard,,B_BR:E_B_BR,gt,abac_restr,PH,2,5,,G10-02251,1,withhold,1,0,abac_restr,tier 2<=max 3,,0
Q0191,standard,,B_BR:E_B_BR,gt,idpdm,PH,2,5,,G10-02251,0,withhold,0,0,R3,R3:row(ownership 본인 단독 아님),,0
Q0192,standard,,B_RHQ:E_B_RHQ,gt,ungoverned,PH,2,5,,G10-02233,1,withhold,1,0,-,no-governance,,0
Q0192,standard,,B_RHQ:E_B_RHQ,gt,menu,PH,2,5,,G10-02233,1,withhold,1,0,menu,template-level,,0
Q0192,standard,,B_RHQ:E_B_RHQ,gt,abac_perm,PH,2,5,,G10-02233,1,withhold,1,0,abac_perm,cell-open(≤3) tier-blind,,0
Q0192,standard,,B_RHQ:E_B_RHQ,gt,abac_restr,PH,2,5,,G10-02233,1,withhold,1,0,abac_restr,tier 2<=max 3,,0
Q0192,standard,,B_RHQ:E_B_RHQ,gt,idpdm,PH,2,5,,G10-02233,0,withhold,0,0,R3,R3:row(ownership 본인 단독 아님),,0
Q0193,standard,,B_RHQ:E_B_RHQ,gt,ungoverned,PH,2,5,,G10-02231,1,withhold,1,0,-,no-governance,,0
Q0193,standard,,B_RHQ:E_B_RHQ,gt,menu,PH,2,5,,G10-02231,1,withhold,1,0,menu,template-level,,0
Q0193,standard,,B_RHQ:E_B_RHQ,gt,abac_perm,PH,2,5,,G10-02231,1,withhold,1,0,abac_perm,cell-open(≤3) tier-blind,,0
Q0193,standard,,B_RHQ:E_B_RHQ,gt,abac_restr,PH,2,5,,G10-02231,1,withhold,1,0,abac_restr,tier 2<=max 3,,0
Q0193,standard,,B_RHQ:E_B_RHQ,gt,idpdm,PH,2,5,,G10-02231,0,withhold,0,0,R3,R3:row(ownership 본인 단독 아님),,0
Q0194,standard,,H_HR:E_H_HR,gt,ungoverned,PH,3,5,,G10-02144,1,release,0,0,-,no-governance,,3
Q0194,standard,,H_HR:E_H_HR,gt,menu,PH,3,5,,G10-02144,1,release,0,0,menu,template-level,,3
Q0194,standard,,H_HR:E_H_HR,gt,abac_perm,PH,3,5,,G10-02144,1,release,0,0,abac_perm,cell-open(≤3) tier-blind,,3
Q0194,standard,,H_HR:E_H_HR,gt,abac_restr,PH,3,5,,G10-02144,1,release,0,0,abac_restr,tier 3<=max 3,,3
Q0194,standard,,H_HR:E_H_HR,gt,idpdm,PH,3,5,,G10-02144,1,release,0,0,R3,R3:ok,,3
Q0195,standard,,H_HR:E_H_HR,gt,ungoverned,PH,3,5,,G10-02134,1,release,0,0,-,no-governance,,3
Q0195,standard,,H_HR:E_H_HR,gt,menu,PH,3,5,,G10-02134,1,release,0,0,menu,template-level,,3
Q0195,standard,,H_HR:E_H_HR,gt,abac_perm,PH,3,5,,G10-02134,1,release,0,0,abac_perm,cell-open(≤3) tier-blind,,3
Q0195,standard,,H_HR:E_H_HR,gt,abac_restr,PH,3,5,,G10-02134,1,release,0,0,abac_restr,tier 3<=max 3,,3
Q0195,standard,,H_HR:E_H_HR,gt,idpdm,PH,3,5,,G10-02134,1,release,0,0,R3,R3:ok,,3
Q0196,standard,,F_PAY:E_F_PAY,gt,ungoverned,PH,3,5,,G10-02159,1,release,0,0,-,no-governance,,3
Q0196,standard,,F_PAY:E_F_PAY,gt,menu,PH,3,5,,G10-02159,1,release,0,0,menu,template-level,,3
Q0196,standard,,F_PAY:E_F_PAY,gt,abac_perm,PH,3,5,,G10-02159,1,release,0,0,abac_perm,cell-open(≤3) tier-blind,,3
Q0196,standard,,F_PAY:E_F_PAY,gt,abac_restr,PH,3,5,,G10-02159,1,release,0,0,abac_restr,tier 3<=max 3,,3
Q0196,standard,,F_PAY:E_F_PAY,gt,idpdm,PH,3,5,,G10-02159,1,release,0,0,R3,R3:ok,,3
Q0197,standard,,F_PAY:E_F_PAY,gt,ungoverned,PH,3,5,,G10-02158,1,release,0,0,-,no-governance,,3
Q0197,standard,,F_PAY:E_F_PAY,gt,menu,PH,3,5,,G10-02158,1,release,0,0,menu,template-level,,3
Q0197,standard,,F_PAY:E_F_PAY,gt,abac_perm,PH,3,5,,G10-02158,1,release,0,0,abac_perm,cell-open(≤3) tier-blind,,3
Q0197,standard,,F_PAY:E_F_PAY,gt,abac_restr,PH,3,5,,G10-02158,1,release,0,0,abac_restr,tier 3<=max 3,,3
Q0197,standard,,F_PAY:E_F_PAY,gt,idpdm,PH,3,5,,G10-02158,1,release,0,0,R3,R3:ok,,3
Q0198,standard,,F_CMP:E_F_CMP,gt,ungoverned,PH,3,5,,G10-02149,1,release,0,0,-,no-governance,,3
Q0198,standard,,F_CMP:E_F_CMP,gt,menu,PH,3,5,,G10-02149,1,release,0,0,menu,template-level,,3
Q0198,standard,,F_CMP:E_F_CMP,gt,abac_perm,PH,3,5,,G10-02149,1,release,0,0,abac_perm,cell-open(≤3) tier-blind,,3
Q0198,standard,,F_CMP:E_F_CMP,gt,abac_restr,PH,3,5,,G10-02149,1,release,0,0,abac_restr,tier 3<=max 3,,3
Q0198,standard,,F_CMP:E_F_CMP,gt,idpdm,PH,3,5,,G10-02149,1,release,0,0,R3,R3:ok,,3
Q0199,standard,,F_CMP:E_F_CMP,gt,ungoverned,PH,3,5,,G10-02143,1,release,0,0,-,no-governance,,3
Q0199,standard,,F_CMP:E_F_CMP,gt,menu,PH,3,5,,G10-02143,1,release,0,0,menu,template-level,,3
Q0199,standard,,F_CMP:E_F_CMP,gt,abac_perm,PH,3,5,,G10-02143,1,release,0,0,abac_perm,cell-open(≤3) tier-blind,,3
Q0199,standard,,F_CMP:E_F_CMP,gt,abac_restr,PH,3,5,,G10-02143,1,release,0,0,abac_restr,tier 3<=max 3,,3
Q0199,standard,,F_CMP:E_F_CMP,gt,idpdm,PH,3,5,,G10-02143,1,release,0,0,R3,R3:ok,,3
Q0200,standard,,B_BR:E_B_BR,gt,ungoverned,PH,3,5,,G10-02125,1,withhold,1,0,-,no-governance,,0
Q0200,standard,,B_BR:E_B_BR,gt,menu,PH,3,5,,G10-02125,1,withhold,1,0,menu,template-level,,0
Q0200,standard,,B_BR:E_B_BR,gt,abac_perm,PH,3,5,,G10-02125,1,withhold,1,0,abac_perm,cell-open(≤3) tier-blind,,0
Q0200,standard,,B_BR:E_B_BR,gt,abac_restr,PH,3,5,,G10-02125,1,withhold,1,0,abac_restr,tier 3<=max 3,,0
Q0200,standard,,B_BR:E_B_BR,gt,idpdm,PH,3,5,,G10-02125,0,withhold,0,0,R3,R3:row(ownership 본인 단독 아님),,0
Q0201,standard,,B_BR:E_B_BR,gt,ungoverned,PH,3,5,,G10-02161,1,withhold,1,0,-,no-governance,,0
Q0201,standard,,B_BR:E_B_BR,gt,menu,PH,3,5,,G10-02161,1,withhold,1,0,menu,template-level,,0
Q0201,standard,,B_BR:E_B_BR,gt,abac_perm,PH,3,5,,G10-02161,1,withhold,1,0,abac_perm,cell-open(≤3) tier-blind,,0
Q0201,standard,,B_BR:E_B_BR,gt,abac_restr,PH,3,5,,G10-02161,1,withhold,1,0,abac_restr,tier 3<=max 3,,0
Q0201,standard,,B_BR:E_B_BR,gt,idpdm,PH,3,5,,G10-02161,0,withhold,0,0,R3,R3:row(ownership 본인 단독 아님),,0
Q0202,standard,,B_RHQ:E_B_RHQ,gt,ungoverned,PH,3,5,,G10-02146,1,withhold,1,0,-,no-governance,,0
Q0202,standard,,B_RHQ:E_B_RHQ,gt,menu,PH,3,5,,G10-02146,1,withhold,1,0,menu,template-level,,0
Q0202,standard,,B_RHQ:E_B_RHQ,gt,abac_perm,PH,3,5,,G10-02146,1,withhold,1,0,abac_perm,cell-open(≤3) tier-blind,,0
Q0202,standard,,B_RHQ:E_B_RHQ,gt,abac_restr,PH,3,5,,G10-02146,1,withhold,1,0,abac_restr,tier 3<=max 3,,0
Q0202,standard,,B_RHQ:E_B_RHQ,gt,idpdm,PH,3,5,,G10-02146,0,withhold,0,0,R3,R3:row(ownership 본인 단독 아님),,0
Q0203,standard,,B_RHQ:E_B_RHQ,gt,ungoverned,PH,3,5,,G10-02130,1,withhold,1,0,-,no-governance,,0
Q0203,standard,,B_RHQ:E_B_RHQ,gt,menu,PH,3,5,,G10-02130,1,withhold,1,0,menu,template-level,,0
Q0203,standard,,B_RHQ:E_B_RHQ,gt,abac_perm,PH,3,5,,G10-02130,1,withhold,1,0,abac_perm,cell-open(≤3) tier-blind,,0
Q0203,standard,,B_RHQ:E_B_RHQ,gt,abac_restr,PH,3,5,,G10-02130,1,withhold,1,0,abac_restr,tier 3<=max 3,,0
Q0203,standard,,B_RHQ:E_B_RHQ,gt,idpdm,PH,3,5,,G10-02130,0,withhold,0,0,R3,R3:row(ownership 본인 단독 아님),,0
Q0204,standard,,S_ACC:E_S_ACC,gt,ungoverned,PH,3,5,,G10-02149,1,withhold,1,0,-,no-governance,,0
Q0204,standard,,S_ACC:E_S_ACC,gt,menu,PH,3,5,,G10-02149,1,withhold,1,0,menu,template-level,,0
Q0204,standard,,S_ACC:E_S_ACC,gt,abac_perm,PH,3,5,,G10-02149,1,withhold,1,0,abac_perm,cell-open(≤3) tier-blind,,0
Q0204,standard,,S_ACC:E_S_ACC,gt,abac_restr,PH,3,5,,G10-02149,1,withhold,1,0,abac_restr,tier 3<=max 3,,0
Q0204,standard,,S_ACC:E_S_ACC,gt,idpdm,PH,3,5,,G10-02149,0,withhold,0,0,R3,R3:row(ownership 본인 단독 아님),,0
Q0205,standard,,S_ACC:E_S_ACC,gt,ungoverned,PH,3,5,,G10-02148,1,withhold,1,0,-,no-governance,,0
Q0205,standard,,S_ACC:E_S_ACC,gt,menu,PH,3,5,,G10-02148,1,withhold,1,0,menu,template-level,,0
Q0205,standard,,S_ACC:E_S_ACC,gt,abac_perm,PH,3,5,,G10-02148,1,withhold,1,0,abac_perm,cell-open(≤3) tier-blind,,0
Q0205,standard,,S_ACC:E_S_ACC,gt,abac_restr,PH,3,5,,G10-02148,1,withhold,1,0,abac_restr,tier 3<=max 3,,0
Q0205,standard,,S_ACC:E_S_ACC,gt,idpdm,PH,3,5,,G10-02148,0,withhold,0,0,R3,R3:row(ownership 본인 단독 아님),,0
Q0206,standard,,S_ACC:E_S_ACC,gt,ungoverned,FA,1,5,,G07-00587,1,release,0,0,-,no-governance,,1
Q0206,standard,,S_ACC:E_S_ACC,gt,menu,FA,1,5,,G07-00587,1,release,0,0,menu,template-level,,1
Q0206,standard,,S_ACC:E_S_ACC,gt,abac_perm,FA,1,5,,G07-00587,1,release,0,0,abac_perm,cell-open(≤3) tier-blind,,1
Q0206,standard,,S_ACC:E_S_ACC,gt,abac_restr,FA,1,5,,G07-00587,1,release,0,0,abac_restr,tier 1<=max 3,,1
Q0206,standard,,S_ACC:E_S_ACC,gt,idpdm,FA,1,5,,G07-00587,1,release,0,0,R3,R3:ok,,1
Q0207,standard,,F_CMP:E_F_CMP,gt,ungoverned,FA,1,5,,G07-00587,1,release,0,0,-,no-governance,,1
Q0207,standard,,F_CMP:E_F_CMP,gt,menu,FA,1,5,,G07-00587,1,release,0,0,menu,template-level,,1
Q0207,standard,,F_CMP:E_F_CMP,gt,abac_perm,FA,1,5,,G07-00587,1,release,0,0,abac_perm,cell-open(≤3) tier-blind,,1
Q0207,standard,,F_CMP:E_F_CMP,gt,abac_restr,FA,1,5,,G07-00587,1,release,0,0,abac_restr,tier 1<=max 3,,1
Q0207,standard,,F_CMP:E_F_CMP,gt,idpdm,FA,1,5,,G07-00587,1,release,0,0,R3,R3:ok,,1
Q0208,standard,,H_HR:E_H_HR,gt,ungoverned,FA,1,5,,G07-00587,1,withhold,1,0,-,no-governance,,0
Q0208,standard,,H_HR:E_H_HR,gt,menu,FA,1,5,,G07-00587,0,withhold,0,0,menu,template-level,,0
Q0208,standard,,H_HR:E_H_HR,gt,abac_perm,FA,1,5,,G07-00587,0,withhold,0,0,abac_perm,cell-miss,,0
Q0208,standard,,H_HR:E_H_HR,gt,abac_restr,FA,1,5,,G07-00587,0,withhold,0,0,abac_restr,cell-miss,,0
Q0208,standard,,H_HR:E_H_HR,gt,idpdm,FA,1,5,,G07-00587,0,withhold,0,0,C1,cell-miss(FA),,0
Q0209,standard,,F_PAY:E_F_PAY,gt,ungoverned,FA,1,5,,G07-00587,1,withhold,1,0,-,no-governance,,0
Q0209,standard,,F_PAY:E_F_PAY,gt,menu,FA,1,5,,G07-00587,0,withhold,0,0,menu,template-level,,0
Q0209,standard,,F_PAY:E_F_PAY,gt,abac_perm,FA,1,5,,G07-00587,0,withhold,0,0,abac_perm,cell-miss,,0
Q0209,standard,,F_PAY:E_F_PAY,gt,abac_restr,FA,1,5,,G07-00587,0,withhold,0,0,abac_restr,cell-miss,,0
Q0209,standard,,F_PAY:E_F_PAY,gt,idpdm,FA,1,5,,G07-00587,0,withhold,0,0,C1,cell-miss(FA),,0
Q0210,standard,,B_BR:E_B_BR,gt,ungoverned,FA,1,5,,G07-00587,1,withhold,1,0,-,no-governance,,0
Q0210,standard,,B_BR:E_B_BR,gt,menu,FA,1,5,,G07-00587,0,withhold,0,0,menu,template-level,,0
Q0210,standard,,B_BR:E_B_BR,gt,abac_perm,FA,1,5,,G07-00587,0,withhold,0,0,abac_perm,cell-miss,,0
Q0210,standard,,B_BR:E_B_BR,gt,abac_restr,FA,1,5,,G07-00587,0,withhold,0,0,abac_restr,cell-miss,,0
Q0210,standard,,B_BR:E_B_BR,gt,idpdm,FA,1,5,,G07-00587,0,withhold,0,0,C1,cell-miss(FA),,0
Q0211,standard,,S_ACC:E_S_ACC,gt,ungoverned,FA,2,5,,G07-00696,1,release,0,0,-,no-governance,,2
Q0211,standard,,S_ACC:E_S_ACC,gt,menu,FA,2,5,,G07-00696,1,release,0,0,menu,template-level,,2
Q0211,standard,,S_ACC:E_S_ACC,gt,abac_perm,FA,2,5,,G07-00696,1,release,0,0,abac_perm,cell-open(≤3) tier-blind,,2
Q0211,standard,,S_ACC:E_S_ACC,gt,abac_restr,FA,2,5,,G07-00696,1,release,0,0,abac_restr,tier 2<=max 3,,2
Q0211,standard,,S_ACC:E_S_ACC,gt,idpdm,FA,2,5,,G07-00696,1,release,0,0,R3,R3:ok,,2
Q0212,standard,,S_ACC:E_S_ACC,gt,ungoverned,FA,2,5,,G07-00777,1,release,0,0,-,no-governance,,2
Q0212,standard,,S_ACC:E_S_ACC,gt,menu,FA,2,5,,G07-00777,1,release,0,0,menu,template-level,,2
Q0212,standard,,S_ACC:E_S_ACC,gt,abac_perm,FA,2,5,,G07-00777,1,release,0,0,abac_perm,cell-open(≤3) tier-blind,,2
Q0212,standard,,S_ACC:E_S_ACC,gt,abac_restr,FA,2,5,,G07-00777,1,release,0,0,abac_restr,tier 2<=max 3,,2
Q0212,standard,,S_ACC:E_S_ACC,gt,idpdm,FA,2,5,,G07-00777,1,release,0,0,R3,R3:ok,,2
Q0213,standard,,H_HR:E_H_HR,gt,ungoverned,FA,2,5,,G07-00777,1,withhold,1,0,-,no-governance,,0
Q0213,standard,,H_HR:E_H_HR,gt,menu,FA,2,5,,G07-00777,0,withhold,0,0,menu,template-level,,0
Q0213,standard,,H_HR:E_H_HR,gt,abac_perm,FA,2,5,,G07-00777,0,withhold,0,0,abac_perm,cell-miss,,0
Q0213,standard,,H_HR:E_H_HR,gt,abac_restr,FA,2,5,,G07-00777,0,withhold,0,0,abac_restr,cell-miss,,0
Q0213,standard,,H_HR:E_H_HR,gt,idpdm,FA,2,5,,G07-00777,0,withhold,0,0,C1,cell-miss(FA),,0
Q0214,standard,,H_HR:E_H_HR,gt,ungoverned,FA,2,5,,G07-00702,1,withhold,1,0,-,no-governance,,0
Q0214,standard,,H_HR:E_H_HR,gt,menu,FA,2,5,,G07-00702,0,withhold,0,0,menu,template-level,,0
Q0214,standard,,H_HR:E_H_HR,gt,abac_perm,FA,2,5,,G07-00702,0,withhold,0,0,abac_perm,cell-miss,,0
Q0214,standard,,H_HR:E_H_HR,gt,abac_restr,FA,2,5,,G07-00702,0,withhold,0,0,abac_restr,cell-miss,,0
Q0214,standard,,H_HR:E_H_HR,gt,idpdm,FA,2,5,,G07-00702,0,withhold,0,0,C1,cell-miss(FA),,0
Q0215,standard,,F_PAY:E_F_PAY,gt,ungoverned,FA,2,5,,G07-00774,1,withhold,1,0,-,no-governance,,0
Q0215,standard,,F_PAY:E_F_PAY,gt,menu,FA,2,5,,G07-00774,0,withhold,0,0,menu,template-level,,0
Q0215,standard,,F_PAY:E_F_PAY,gt,abac_perm,FA,2,5,,G07-00774,0,withhold,0,0,abac_perm,cell-miss,,0
Q0215,standard,,F_PAY:E_F_PAY,gt,abac_restr,FA,2,5,,G07-00774,0,withhold,0,0,abac_restr,cell-miss,,0
Q0215,standard,,F_PAY:E_F_PAY,gt,idpdm,FA,2,5,,G07-00774,0,withhold,0,0,C1,cell-miss(FA),,0
Q0216,standard,,F_PAY:E_F_PAY,gt,ungoverned,FA,2,5,,G07-00813,1,withhold,1,0,-,no-governance,,0
Q0216,standard,,F_PAY:E_F_PAY,gt,menu,FA,2,5,,G07-00813,0,withhold,0,0,menu,template-level,,0
Q0216,standard,,F_PAY:E_F_PAY,gt,abac_perm,FA,2,5,,G07-00813,0,withhold,0,0,abac_perm,cell-miss,,0
Q0216,standard,,F_PAY:E_F_PAY,gt,abac_restr,FA,2,5,,G07-00813,0,withhold,0,0,abac_restr,cell-miss,,0
Q0216,standard,,F_PAY:E_F_PAY,gt,idpdm,FA,2,5,,G07-00813,0,withhold,0,0,C1,cell-miss(FA),,0
Q0217,standard,,F_CMP:E_F_CMP,gt,ungoverned,FA,2,5,,G07-00693,1,release,0,0,-,no-governance,,2
Q0217,standard,,F_CMP:E_F_CMP,gt,menu,FA,2,5,,G07-00693,1,release,0,0,menu,template-level,,2
Q0217,standard,,F_CMP:E_F_CMP,gt,abac_perm,FA,2,5,,G07-00693,1,release,0,0,abac_perm,cell-open(≤3) tier-blind,,2
Q0217,standard,,F_CMP:E_F_CMP,gt,abac_restr,FA,2,5,,G07-00693,1,release,0,0,abac_restr,tier 2<=max 3,,2
Q0217,standard,,F_CMP:E_F_CMP,gt,idpdm,FA,2,5,,G07-00693,1,release,0,0,R3,R3:ok,,2
Q0218,standard,,F_CMP:E_F_CMP,gt,ungoverned,FA,2,5,,G07-00741,1,release,0,0,-,no-governance,,2
Q0218,standard,,F_CMP:E_F_CMP,gt,menu,FA,2,5,,G07-00741,1,release,0,0,menu,template-level,,2
Q0218,standard,,F_CMP:E_F_CMP,gt,abac_perm,FA,2,5,,G07-00741,1,release,0,0,abac_perm,cell-open(≤3) tier-blind,,2
Q0218,standard,,F_CMP:E_F_CMP,gt,abac_restr,FA,2,5,,G07-00741,1,release,0,0,abac_restr,tier 2<=max 3,,2
Q0218,standard,,F_CMP:E_F_CMP,gt,idpdm,FA,2,5,,G07-00741,1,release,0,0,R3,R3:ok,,2
Q0219,standard,,F_DW:E_F_DW,gt,ungoverned,SC,1,5,,G12-02475,1,release,0,0,-,no-governance,,1
Q0219,standard,,F_DW:E_F_DW,gt,menu,SC,1,5,,G12-02475,1,release,0,0,menu,template-level,,1
Q0219,standard,,F_DW:E_F_DW,gt,abac_perm,SC,1,5,,G12-02475,1,release,0,0,abac_perm,cell-open(≤3) tier-blind,,1
Q0219,standard,,F_DW:E_F_DW,gt,abac_restr,SC,1,5,,G12-02475,1,release,0,0,abac_restr,tier 1<=max 3,,1
Q0219,standard,,F_DW:E_F_DW,gt,idpdm,SC,1,5,,G12-02475,1,release,0,0,R3,R3:ok,,1
Q0220,standard,,H_HR:E_H_HR,gt,ungoverned,SC,1,5,,G12-02475,1,withhold,1,0,-,no-governance,,0
Q0220,standard,,H_HR:E_H_HR,gt,menu,SC,1,5,,G12-02475,0,withhold,0,0,menu,template-level,,0
Q0220,standard,,H_HR:E_H_HR,gt,abac_perm,SC,1,5,,G12-02475,0,withhold,0,0,abac_perm,cell-miss,,0
Q0220,standard,,H_HR:E_H_HR,gt,abac_restr,SC,1,5,,G12-02475,0,withhold,0,0,abac_restr,cell-miss,,0
Q0220,standard,,H_HR:E_H_HR,gt,idpdm,SC,1,5,,G12-02475,0,withhold,0,0,C1,cell-miss(SC),,0
Q0221,standard,,F_PAY:E_F_PAY,gt,ungoverned,SC,1,5,,G12-02475,1,withhold,1,0,-,no-governance,,0
Q0221,standard,,F_PAY:E_F_PAY,gt,menu,SC,1,5,,G12-02475,0,withhold,0,0,menu,template-level,,0
Q0221,standard,,F_PAY:E_F_PAY,gt,abac_perm,SC,1,5,,G12-02475,0,withhold,0,0,abac_perm,cell-miss,,0
Q0221,standard,,F_PAY:E_F_PAY,gt,abac_restr,SC,1,5,,G12-02475,0,withhold,0,0,abac_restr,cell-miss,,0
Q0221,standard,,F_PAY:E_F_PAY,gt,idpdm,SC,1,5,,G12-02475,0,withhold,0,0,C1,cell-miss(SC),,0
Q0222,standard,,F_CMP:E_F_CMP,gt,ungoverned,SC,1,5,,G12-02475,1,withhold,1,0,-,no-governance,,0
Q0222,standard,,F_CMP:E_F_CMP,gt,menu,SC,1,5,,G12-02475,0,withhold,0,0,menu,template-level,,0
Q0222,standard,,F_CMP:E_F_CMP,gt,abac_perm,SC,1,5,,G12-02475,0,withhold,0,0,abac_perm,cell-miss,,0
Q0222,standard,,F_CMP:E_F_CMP,gt,abac_restr,SC,1,5,,G12-02475,0,withhold,0,0,abac_restr,cell-miss,,0
Q0222,standard,,F_CMP:E_F_CMP,gt,idpdm,SC,1,5,,G12-02475,0,withhold,0,0,C1,cell-miss(SC),,0
Q0223,standard,,F_DW:E_F_DW,gt,ungoverned,SC,2,5,,G12-02486,1,release,0,0,-,no-governance,,2
Q0223,standard,,F_DW:E_F_DW,gt,menu,SC,2,5,,G12-02486,1,release,0,0,menu,template-level,,2
Q0223,standard,,F_DW:E_F_DW,gt,abac_perm,SC,2,5,,G12-02486,1,release,0,0,abac_perm,cell-open(≤3) tier-blind,,2
Q0223,standard,,F_DW:E_F_DW,gt,abac_restr,SC,2,5,,G12-02486,1,release,0,0,abac_restr,tier 2<=max 3,,2
Q0223,standard,,F_DW:E_F_DW,gt,idpdm,SC,2,5,,G12-02486,1,release,0,0,R3,R3:ok,,2
Q0224,standard,,F_DW:E_F_DW,gt,ungoverned,SC,2,5,,G12-02578,1,release,0,0,-,no-governance,,2
Q0224,standard,,F_DW:E_F_DW,gt,menu,SC,2,5,,G12-02578,1,release,0,0,menu,template-level,,2
Q0224,standard,,F_DW:E_F_DW,gt,abac_perm,SC,2,5,,G12-02578,1,release,0,0,abac_perm,cell-open(≤3) tier-blind,,2
Q0224,standard,,F_DW:E_F_DW,gt,abac_restr,SC,2,5,,G12-02578,1,release,0,0,abac_restr,tier 2<=max 3,,2
Q0224,standard,,F_DW:E_F_DW,gt,idpdm,SC,2,5,,G12-02578,1,release,0,0,R3,R3:ok,,2
Q0225,standard,,H_HR:E_H_HR,gt,ungoverned,SC,2,5,,G12-02554,1,withhold,1,0,-,no-governance,,0
Q0225,standard,,H_HR:E_H_HR,gt,menu,SC,2,5,,G12-02554,0,withhold,0,0,menu,template-level,,0
Q0225,standard,,H_HR:E_H_HR,gt,abac_perm,SC,2,5,,G12-02554,0,withhold,0,0,abac_perm,cell-miss,,0
Q0225,standard,,H_HR:E_H_HR,gt,abac_restr,SC,2,5,,G12-02554,0,withhold,0,0,abac_restr,cell-miss,,0
Q0225,standard,,H_HR:E_H_HR,gt,idpdm,SC,2,5,,G12-02554,0,withhold,0,0,C1,cell-miss(SC),,0
Q0226,standard,,H_HR:E_H_HR,gt,ungoverned,SC,2,5,,G12-02589,1,withhold,1,0,-,no-governance,,0
Q0226,standard,,H_HR:E_H_HR,gt,menu,SC,2,5,,G12-02589,0,withhold,0,0,menu,template-level,,0
Q0226,standard,,H_HR:E_H_HR,gt,abac_perm,SC,2,5,,G12-02589,0,withhold,0,0,abac_perm,cell-miss,,0
Q0226,standard,,H_HR:E_H_HR,gt,abac_restr,SC,2,5,,G12-02589,0,withhold,0,0,abac_restr,cell-miss,,0
Q0226,standard,,H_HR:E_H_HR,gt,idpdm,SC,2,5,,G12-02589,0,withhold,0,0,C1,cell-miss(SC),,0
Q0227,standard,,F_PAY:E_F_PAY,gt,ungoverned,SC,2,5,,G12-02539,1,withhold,1,0,-,no-governance,,0
Q0227,standard,,F_PAY:E_F_PAY,gt,menu,SC,2,5,,G12-02539,0,withhold,0,0,menu,template-level,,0
Q0227,standard,,F_PAY:E_F_PAY,gt,abac_perm,SC,2,5,,G12-02539,0,withhold,0,0,abac_perm,cell-miss,,0
Q0227,standard,,F_PAY:E_F_PAY,gt,abac_restr,SC,2,5,,G12-02539,0,withhold,0,0,abac_restr,cell-miss,,0
Q0227,standard,,F_PAY:E_F_PAY,gt,idpdm,SC,2,5,,G12-02539,0,withhold,0,0,C1,cell-miss(SC),,0
Q0228,standard,,F_PAY:E_F_PAY,gt,ungoverned,SC,2,5,,G12-02507,1,withhold,1,0,-,no-governance,,0
Q0228,standard,,F_PAY:E_F_PAY,gt,menu,SC,2,5,,G12-02507,0,withhold,0,0,menu,template-level,,0
Q0228,standard,,F_PAY:E_F_PAY,gt,abac_perm,SC,2,5,,G12-02507,0,withhold,0,0,abac_perm,cell-miss,,0
Q0228,standard,,F_PAY:E_F_PAY,gt,abac_restr,SC,2,5,,G12-02507,0,withhold,0,0,abac_restr,cell-miss,,0
Q0228,standard,,F_PAY:E_F_PAY,gt,idpdm,SC,2,5,,G12-02507,0,withhold,0,0,C1,cell-miss(SC),,0
Q0229,standard,,F_CMP:E_F_CMP,gt,ungoverned,SC,2,5,,G12-02476,1,withhold,1,0,-,no-governance,,0
Q0229,standard,,F_CMP:E_F_CMP,gt,menu,SC,2,5,,G12-02476,0,withhold,0,0,menu,template-level,,0
Q0229,standard,,F_CMP:E_F_CMP,gt,abac_perm,SC,2,5,,G12-02476,0,withhold,0,0,abac_perm,cell-miss,,0
Q0229,standard,,F_CMP:E_F_CMP,gt,abac_restr,SC,2,5,,G12-02476,0,withhold,0,0,abac_restr,cell-miss,,0
Q0229,standard,,F_CMP:E_F_CMP,gt,idpdm,SC,2,5,,G12-02476,0,withhold,0,0,C1,cell-miss(SC),,0
Q0230,standard,,F_CMP:E_F_CMP,gt,ungoverned,SC,2,5,,G12-02512,1,withhold,1,0,-,no-governance,,0
Q0230,standard,,F_CMP:E_F_CMP,gt,menu,SC,2,5,,G12-02512,0,withhold,0,0,menu,template-level,,0
Q0230,standard,,F_CMP:E_F_CMP,gt,abac_perm,SC,2,5,,G12-02512,0,withhold,0,0,abac_perm,cell-miss,,0
Q0230,standard,,F_CMP:E_F_CMP,gt,abac_restr,SC,2,5,,G12-02512,0,withhold,0,0,abac_restr,cell-miss,,0
Q0230,standard,,F_CMP:E_F_CMP,gt,idpdm,SC,2,5,,G12-02512,0,withhold,0,0,C1,cell-miss(SC),,0
P0231,paraphrase,polite,H_HR:E_H_HR,gt,ungoverned,PB,2,5,,G09-00602,1,release,0,0,-,no-governance,,2
P0231,paraphrase,polite,H_HR:E_H_HR,gt,menu,PB,2,5,,G09-00602,1,release,0,0,menu,template-level,,2
P0231,paraphrase,polite,H_HR:E_H_HR,gt,abac_perm,PB,2,5,,G09-00602,1,release,0,0,abac_perm,cell-open(≤3) tier-blind,,2
P0231,paraphrase,polite,H_HR:E_H_HR,gt,abac_restr,PB,2,5,,G09-00602,1,release,0,0,abac_restr,tier 2<=max 3,,2
P0231,paraphrase,polite,H_HR:E_H_HR,gt,idpdm,PB,2,5,,G09-00602,1,release,0,0,R3,R3:ok,,2
P0232,paraphrase,reorder,H_HR:E_H_HR,gt,ungoverned,PB,2,5,,G09-00602,1,release,0,0,-,no-governance,,2
P0232,paraphrase,reorder,H_HR:E_H_HR,gt,menu,PB,2,5,,G09-00602,1,release,0,0,menu,template-level,,2
P0232,paraphrase,reorder,H_HR:E_H_HR,gt,abac_perm,PB,2,5,,G09-00602,1,release,0,0,abac_perm,cell-open(≤3) tier-blind,,2
P0232,paraphrase,reorder,H_HR:E_H_HR,gt,abac_restr,PB,2,5,,G09-00602,1,release,0,0,abac_restr,tier 2<=max 3,,2
P0232,paraphrase,reorder,H_HR:E_H_HR,gt,idpdm,PB,2,5,,G09-00602,1,release,0,0,R3,R3:ok,,2
P0233,paraphrase,polite,H_HR:E_H_HR,gt,ungoverned,PB,2,5,,G09-00773,1,release,0,0,-,no-governance,,2
P0233,paraphrase,polite,H_HR:E_H_HR,gt,menu,PB,2,5,,G09-00773,1,release,0,0,menu,template-level,,2
P0233,paraphrase,polite,H_HR:E_H_HR,gt,abac_perm,PB,2,5,,G09-00773,1,release,0,0,abac_perm,cell-open(≤3) tier-blind,,2
P0233,paraphrase,polite,H_HR:E_H_HR,gt,abac_restr,PB,2,5,,G09-00773,1,release,0,0,abac_restr,tier 2<=max 3,,2
P0233,paraphrase,polite,H_HR:E_H_HR,gt,idpdm,PB,2,5,,G09-00773,1,release,0,0,R3,R3:ok,,2
P0234,paraphrase,reorder,H_HR:E_H_HR,gt,ungoverned,PB,2,5,,G09-00773,1,release,0,0,-,no-governance,,2
P0234,paraphrase,reorder,H_HR:E_H_HR,gt,menu,PB,2,5,,G09-00773,1,release,0,0,menu,template-level,,2
P0234,paraphrase,reorder,H_HR:E_H_HR,gt,abac_perm,PB,2,5,,G09-00773,1,release,0,0,abac_perm,cell-open(≤3) tier-blind,,2
P0234,paraphrase,reorder,H_HR:E_H_HR,gt,abac_restr,PB,2,5,,G09-00773,1,release,0,0,abac_restr,tier 2<=max 3,,2
P0234,paraphrase,reorder,H_HR:E_H_HR,gt,idpdm,PB,2,5,,G09-00773,1,release,0,0,R3,R3:ok,,2
P0235,paraphrase,polite,F_PAY:E_F_PAY,gt,ungoverned,PB,2,5,,G09-00752,1,release,0,0,-,no-governance,,2
P0235,paraphrase,polite,F_PAY:E_F_PAY,gt,menu,PB,2,5,,G09-00752,1,release,0,0,menu,template-level,,2
P0235,paraphrase,polite,F_PAY:E_F_PAY,gt,abac_perm,PB,2,5,,G09-00752,1,release,0,0,abac_perm,cell-open(≤3) tier-blind,,2
P0235,paraphrase,polite,F_PAY:E_F_PAY,gt,abac_restr,PB,2,5,,G09-00752,1,release,0,0,abac_restr,tier 2<=max 3,,2
P0235,paraphrase,polite,F_PAY:E_F_PAY,gt,idpdm,PB,2,5,,G09-00752,1,release,0,0,R3,R3:ok,,2
P0236,paraphrase,reorder,F_PAY:E_F_PAY,gt,ungoverned,PB,2,5,,G09-00752,1,release,0,0,-,no-governance,,2
P0236,paraphrase,reorder,F_PAY:E_F_PAY,gt,menu,PB,2,5,,G09-00752,1,release,0,0,menu,template-level,,2
P0236,paraphrase,reorder,F_PAY:E_F_PAY,gt,abac_perm,PB,2,5,,G09-00752,1,release,0,0,abac_perm,cell-open(≤3) tier-blind,,2
P0236,paraphrase,reorder,F_PAY:E_F_PAY,gt,abac_restr,PB,2,5,,G09-00752,1,release,0,0,abac_restr,tier 2<=max 3,,2
P0236,paraphrase,reorder,F_PAY:E_F_PAY,gt,idpdm,PB,2,5,,G09-00752,1,release,0,0,R3,R3:ok,,2
P0237,paraphrase,polite,F_PAY:E_F_PAY,gt,ungoverned,PB,2,5,,G09-00803,1,release,0,0,-,no-governance,,2
P0237,paraphrase,polite,F_PAY:E_F_PAY,gt,menu,PB,2,5,,G09-00803,1,release,0,0,menu,template-level,,2
P0237,paraphrase,polite,F_PAY:E_F_PAY,gt,abac_perm,PB,2,5,,G09-00803,1,release,0,0,abac_perm,cell-open(≤3) tier-blind,,2
P0237,paraphrase,polite,F_PAY:E_F_PAY,gt,abac_restr,PB,2,5,,G09-00803,1,release,0,0,abac_restr,tier 2<=max 3,,2
P0237,paraphrase,polite,F_PAY:E_F_PAY,gt,idpdm,PB,2,5,,G09-00803,1,release,0,0,R3,R3:ok,,2
P0238,paraphrase,reorder,F_PAY:E_F_PAY,gt,ungoverned,PB,2,5,,G09-00803,1,release,0,0,-,no-governance,,2
P0238,paraphrase,reorder,F_PAY:E_F_PAY,gt,menu,PB,2,5,,G09-00803,1,release,0,0,menu,template-level,,2
P0238,paraphrase,reorder,F_PAY:E_F_PAY,gt,abac_perm,PB,2,5,,G09-00803,1,release,0,0,abac_perm,cell-open(≤3) tier-blind,,2
P0238,paraphrase,reorder,F_PAY:E_F_PAY,gt,abac_restr,PB,2,5,,G09-00803,1,release,0,0,abac_restr,tier 2<=max 3,,2
P0238,paraphrase,reorder,F_PAY:E_F_PAY,gt,idpdm,PB,2,5,,G09-00803,1,release,0,0,R3,R3:ok,,2
P0239,paraphrase,polite,F_CMP:E_F_CMP,gt,ungoverned,PB,2,5,,G09-00785,1,release,0,0,-,no-governance,,2
P0239,paraphrase,polite,F_CMP:E_F_CMP,gt,menu,PB,2,5,,G09-00785,1,release,0,0,menu,template-level,,2
P0239,paraphrase,polite,F_CMP:E_F_CMP,gt,abac_perm,PB,2,5,,G09-00785,1,release,0,0,abac_perm,cell-open(≤3) tier-blind,,2
P0239,paraphrase,polite,F_CMP:E_F_CMP,gt,abac_restr,PB,2,5,,G09-00785,1,release,0,0,abac_restr,tier 2<=max 3,,2
P0239,paraphrase,polite,F_CMP:E_F_CMP,gt,idpdm,PB,2,5,,G09-00785,1,release,0,0,R3,R3:ok,,2
P0240,paraphrase,reorder,F_CMP:E_F_CMP,gt,ungoverned,PB,2,5,,G09-00785,1,release,0,0,-,no-governance,,2
P0240,paraphrase,reorder,F_CMP:E_F_CMP,gt,menu,PB,2,5,,G09-00785,1,release,0,0,menu,template-level,,2
P0240,paraphrase,reorder,F_CMP:E_F_CMP,gt,abac_perm,PB,2,5,,G09-00785,1,release,0,0,abac_perm,cell-open(≤3) tier-blind,,2
P0240,paraphrase,reorder,F_CMP:E_F_CMP,gt,abac_restr,PB,2,5,,G09-00785,1,release,0,0,abac_restr,tier 2<=max 3,,2
P0240,paraphrase,reorder,F_CMP:E_F_CMP,gt,idpdm,PB,2,5,,G09-00785,1,release,0,0,R3,R3:ok,,2
P0241,paraphrase,polite,F_CMP:E_F_CMP,gt,ungoverned,PB,2,5,,G09-00599,1,release,0,0,-,no-governance,,2
P0241,paraphrase,polite,F_CMP:E_F_CMP,gt,menu,PB,2,5,,G09-00599,1,release,0,0,menu,template-level,,2
P0241,paraphrase,polite,F_CMP:E_F_CMP,gt,abac_perm,PB,2,5,,G09-00599,1,release,0,0,abac_perm,cell-open(≤3) tier-blind,,2
P0241,paraphrase,polite,F_CMP:E_F_CMP,gt,abac_restr,PB,2,5,,G09-00599,1,release,0,0,abac_restr,tier 2<=max 3,,2
P0241,paraphrase,polite,F_CMP:E_F_CMP,gt,idpdm,PB,2,5,,G09-00599,1,release,0,0,R3,R3:ok,,2
P0242,paraphrase,reorder,F_CMP:E_F_CMP,gt,ungoverned,PB,2,5,,G09-00599,1,release,0,0,-,no-governance,,2
P0242,paraphrase,reorder,F_CMP:E_F_CMP,gt,menu,PB,2,5,,G09-00599,1,release,0,0,menu,template-level,,2
P0242,paraphrase,reorder,F_CMP:E_F_CMP,gt,abac_perm,PB,2,5,,G09-00599,1,release,0,0,abac_perm,cell-open(≤3) tier-blind,,2
P0242,paraphrase,reorder,F_CMP:E_F_CMP,gt,abac_restr,PB,2,5,,G09-00599,1,release,0,0,abac_restr,tier 2<=max 3,,2
P0242,paraphrase,reorder,F_CMP:E_F_CMP,gt,idpdm,PB,2,5,,G09-00599,1,release,0,0,R3,R3:ok,,2
P0243,paraphrase,polite,H_HR:E_H_HR,gt,ungoverned,PB,3,5,,G09-01025,1,release,0,0,-,no-governance,,3
P0243,paraphrase,polite,H_HR:E_H_HR,gt,menu,PB,3,5,,G09-01025,1,release,0,0,menu,template-level,,3
P0243,paraphrase,polite,H_HR:E_H_HR,gt,abac_perm,PB,3,5,,G09-01025,1,release,0,0,abac_perm,cell-open(≤3) tier-blind,,3
P0243,paraphrase,polite,H_HR:E_H_HR,gt,abac_restr,PB,3,5,,G09-01025,1,release,0,0,abac_restr,tier 3<=max 3,,3
P0243,paraphrase,polite,H_HR:E_H_HR,gt,idpdm,PB,3,5,,G09-01025,1,release,0,0,R3,R3:ok,,3
P0244,paraphrase,reorder,H_HR:E_H_HR,gt,ungoverned,PB,3,5,,G09-01025,1,release,0,0,-,no-governance,,3
P0244,paraphrase,reorder,H_HR:E_H_HR,gt,menu,PB,3,5,,G09-01025,1,release,0,0,menu,template-level,,3
P0244,paraphrase,reorder,H_HR:E_H_HR,gt,abac_perm,PB,3,5,,G09-01025,1,release,0,0,abac_perm,cell-open(≤3) tier-blind,,3
P0244,paraphrase,reorder,H_HR:E_H_HR,gt,abac_restr,PB,3,5,,G09-01025,1,release,0,0,abac_restr,tier 3<=max 3,,3
P0244,paraphrase,reorder,H_HR:E_H_HR,gt,idpdm,PB,3,5,,G09-01025,1,release,0,0,R3,R3:ok,,3
P0245,paraphrase,polite,H_HR:E_H_HR,gt,ungoverned,PB,3,5,,G09-01017,1,release,0,0,-,no-governance,,3
P0245,paraphrase,polite,H_HR:E_H_HR,gt,menu,PB,3,5,,G09-01017,1,release,0,0,menu,template-level,,3
P0245,paraphrase,polite,H_HR:E_H_HR,gt,abac_perm,PB,3,5,,G09-01017,1,release,0,0,abac_perm,cell-open(≤3) tier-blind,,3
P0245,paraphrase,polite,H_HR:E_H_HR,gt,abac_restr,PB,3,5,,G09-01017,1,release,0,0,abac_restr,tier 3<=max 3,,3
P0245,paraphrase,polite,H_HR:E_H_HR,gt,idpdm,PB,3,5,,G09-01017,1,release,0,0,R3,R3:ok,,3
P0246,paraphrase,reorder,H_HR:E_H_HR,gt,ungoverned,PB,3,5,,G09-01017,1,release,0,0,-,no-governance,,3
P0246,paraphrase,reorder,H_HR:E_H_HR,gt,menu,PB,3,5,,G09-01017,1,release,0,0,menu,template-level,,3
P0246,paraphrase,reorder,H_HR:E_H_HR,gt,abac_perm,PB,3,5,,G09-01017,1,release,0,0,abac_perm,cell-open(≤3) tier-blind,,3
P0246,paraphrase,reorder,H_HR:E_H_HR,gt,abac_restr,PB,3,5,,G09-01017,1,release,0,0,abac_restr,tier 3<=max 3,,3
P0246,paraphrase,reorder,H_HR:E_H_HR,gt,idpdm,PB,3,5,,G09-01017,1,release,0,0,R3,R3:ok,,3
P0247,paraphrase,polite,F_PAY:E_F_PAY,gt,ungoverned,PB,3,5,,G09-00965,1,release,0,0,-,no-governance,,3
P0247,paraphrase,polite,F_PAY:E_F_PAY,gt,menu,PB,3,5,,G09-00965,1,release,0,0,menu,template-level,,3
P0247,paraphrase,polite,F_PAY:E_F_PAY,gt,abac_perm,PB,3,5,,G09-00965,1,release,0,0,abac_perm,cell-open(≤3) tier-blind,,3
P0247,paraphrase,polite,F_PAY:E_F_PAY,gt,abac_restr,PB,3,5,,G09-00965,1,release,0,0,abac_restr,tier 3<=max 3,,3
P0247,paraphrase,polite,F_PAY:E_F_PAY,gt,idpdm,PB,3,5,,G09-00965,1,release,0,0,R3,R3:ok,,3
P0248,paraphrase,reorder,F_PAY:E_F_PAY,gt,ungoverned,PB,3,5,,G09-00965,1,release,0,0,-,no-governance,,3
P0248,paraphrase,reorder,F_PAY:E_F_PAY,gt,menu,PB,3,5,,G09-00965,1,release,0,0,menu,template-level,,3
P0248,paraphrase,reorder,F_PAY:E_F_PAY,gt,abac_perm,PB,3,5,,G09-00965,1,release,0,0,abac_perm,cell-open(≤3) tier-blind,,3
P0248,paraphrase,reorder,F_PAY:E_F_PAY,gt,abac_restr,PB,3,5,,G09-00965,1,release,0,0,abac_restr,tier 3<=max 3,,3
P0248,paraphrase,reorder,F_PAY:E_F_PAY,gt,idpdm,PB,3,5,,G09-00965,1,release,0,0,R3,R3:ok,,3
P0249,paraphrase,polite,F_PAY:E_F_PAY,gt,ungoverned,PB,3,5,,G09-01005,1,release,0,0,-,no-governance,,3
P0249,paraphrase,polite,F_PAY:E_F_PAY,gt,menu,PB,3,5,,G09-01005,1,release,0,0,menu,template-level,,3
P0249,paraphrase,polite,F_PAY:E_F_PAY,gt,abac_perm,PB,3,5,,G09-01005,1,release,0,0,abac_perm,cell-open(≤3) tier-blind,,3
P0249,paraphrase,polite,F_PAY:E_F_PAY,gt,abac_restr,PB,3,5,,G09-01005,1,release,0,0,abac_restr,tier 3<=max 3,,3
P0249,paraphrase,polite,F_PAY:E_F_PAY,gt,idpdm,PB,3,5,,G09-01005,1,release,0,0,R3,R3:ok,,3
P0250,paraphrase,reorder,F_PAY:E_F_PAY,gt,ungoverned,PB,3,5,,G09-01005,1,release,0,0,-,no-governance,,3
P0250,paraphrase,reorder,F_PAY:E_F_PAY,gt,menu,PB,3,5,,G09-01005,1,release,0,0,menu,template-level,,3
P0250,paraphrase,reorder,F_PAY:E_F_PAY,gt,abac_perm,PB,3,5,,G09-01005,1,release,0,0,abac_perm,cell-open(≤3) tier-blind,,3
P0250,paraphrase,reorder,F_PAY:E_F_PAY,gt,abac_restr,PB,3,5,,G09-01005,1,release,0,0,abac_restr,tier 3<=max 3,,3
P0250,paraphrase,reorder,F_PAY:E_F_PAY,gt,idpdm,PB,3,5,,G09-01005,1,release,0,0,R3,R3:ok,,3
P0251,paraphrase,polite,F_CMP:E_F_CMP,gt,ungoverned,PB,3,5,,G09-01013,1,release,0,0,-,no-governance,,3
P0251,paraphrase,polite,F_CMP:E_F_CMP,gt,menu,PB,3,5,,G09-01013,1,release,0,0,menu,template-level,,3
P0251,paraphrase,polite,F_CMP:E_F_CMP,gt,abac_perm,PB,3,5,,G09-01013,1,release,0,0,abac_perm,cell-open(≤3) tier-blind,,3
P0251,paraphrase,polite,F_CMP:E_F_CMP,gt,abac_restr,PB,3,5,,G09-01013,1,release,0,0,abac_restr,tier 3<=max 3,,3
P0251,paraphrase,polite,F_CMP:E_F_CMP,gt,idpdm,PB,3,5,,G09-01013,1,release,0,0,R3,R3:ok,,3
P0252,paraphrase,reorder,F_CMP:E_F_CMP,gt,ungoverned,PB,3,5,,G09-01013,1,release,0,0,-,no-governance,,3
P0252,paraphrase,reorder,F_CMP:E_F_CMP,gt,menu,PB,3,5,,G09-01013,1,release,0,0,menu,template-level,,3
P0252,paraphrase,reorder,F_CMP:E_F_CMP,gt,abac_perm,PB,3,5,,G09-01013,1,release,0,0,abac_perm,cell-open(≤3) tier-blind,,3
P0252,paraphrase,reorder,F_CMP:E_F_CMP,gt,abac_restr,PB,3,5,,G09-01013,1,release,0,0,abac_restr,tier 3<=max 3,,3
P0252,paraphrase,reorder,F_CMP:E_F_CMP,gt,idpdm,PB,3,5,,G09-01013,1,release,0,0,R3,R3:ok,,3
P0253,paraphrase,polite,F_CMP:E_F_CMP,gt,ungoverned,PB,3,5,,G09-00969,1,release,0,0,-,no-governance,,3
P0253,paraphrase,polite,F_CMP:E_F_CMP,gt,menu,PB,3,5,,G09-00969,1,release,0,0,menu,template-level,,3
P0253,paraphrase,polite,F_CMP:E_F_CMP,gt,abac_perm,PB,3,5,,G09-00969,1,release,0,0,abac_perm,cell-open(≤3) tier-blind,,3
P0253,paraphrase,polite,F_CMP:E_F_CMP,gt,abac_restr,PB,3,5,,G09-00969,1,release,0,0,abac_restr,tier 3<=max 3,,3
P0253,paraphrase,polite,F_CMP:E_F_CMP,gt,idpdm,PB,3,5,,G09-00969,1,release,0,0,R3,R3:ok,,3
P0254,paraphrase,reorder,F_CMP:E_F_CMP,gt,ungoverned,PB,3,5,,G09-00969,1,release,0,0,-,no-governance,,3
P0254,paraphrase,reorder,F_CMP:E_F_CMP,gt,menu,PB,3,5,,G09-00969,1,release,0,0,menu,template-level,,3
P0254,paraphrase,reorder,F_CMP:E_F_CMP,gt,abac_perm,PB,3,5,,G09-00969,1,release,0,0,abac_perm,cell-open(≤3) tier-blind,,3
P0254,paraphrase,reorder,F_CMP:E_F_CMP,gt,abac_restr,PB,3,5,,G09-00969,1,release,0,0,abac_restr,tier 3<=max 3,,3
P0254,paraphrase,reorder,F_CMP:E_F_CMP,gt,idpdm,PB,3,5,,G09-00969,1,release,0,0,R3,R3:ok,,3
P0255,paraphrase,polite,F_CMP:E_F_CMP,gt,ungoverned,ER,2,5,,G08-00601,1,release,0,0,-,no-governance,,2
P0255,paraphrase,polite,F_CMP:E_F_CMP,gt,menu,ER,2,5,,G08-00601,1,release,0,0,menu,template-level,,2
P0255,paraphrase,polite,F_CMP:E_F_CMP,gt,abac_perm,ER,2,5,,G08-00601,1,release,0,0,abac_perm,cell-open(≤3) tier-blind,,2
P0255,paraphrase,polite,F_CMP:E_F_CMP,gt,abac_restr,ER,2,5,,G08-00601,1,release,0,0,abac_restr,tier 2<=max 3,,2
P0255,paraphrase,polite,F_CMP:E_F_CMP,gt,idpdm,ER,2,5,,G08-00601,1,release,0,0,R3,R3:ok,,2
P0256,paraphrase,reorder,F_CMP:E_F_CMP,gt,ungoverned,ER,2,5,,G08-00601,1,release,0,0,-,no-governance,,2
P0256,paraphrase,reorder,F_CMP:E_F_CMP,gt,menu,ER,2,5,,G08-00601,1,release,0,0,menu,template-level,,2
P0256,paraphrase,reorder,F_CMP:E_F_CMP,gt,abac_perm,ER,2,5,,G08-00601,1,release,0,0,abac_perm,cell-open(≤3) tier-blind,,2
P0256,paraphrase,reorder,F_CMP:E_F_CMP,gt,abac_restr,ER,2,5,,G08-00601,1,release,0,0,abac_restr,tier 2<=max 3,,2
P0256,paraphrase,reorder,F_CMP:E_F_CMP,gt,idpdm,ER,2,5,,G08-00601,1,release,0,0,R3,R3:ok,,2
P0257,paraphrase,polite,F_CMP:E_F_CMP,gt,ungoverned,ER,2,5,,G08-00745,1,release,0,0,-,no-governance,,2
P0257,paraphrase,polite,F_CMP:E_F_CMP,gt,menu,ER,2,5,,G08-00745,1,release,0,0,menu,template-level,,2
P0257,paraphrase,polite,F_CMP:E_F_CMP,gt,abac_perm,ER,2,5,,G08-00745,1,release,0,0,abac_perm,cell-open(≤3) tier-blind,,2
P0257,paraphrase,polite,F_CMP:E_F_CMP,gt,abac_restr,ER,2,5,,G08-00745,1,release,0,0,abac_restr,tier 2<=max 3,,2
P0257,paraphrase,polite,F_CMP:E_F_CMP,gt,idpdm,ER,2,5,,G08-00745,1,release,0,0,R3,R3:ok,,2
P0258,paraphrase,reorder,F_CMP:E_F_CMP,gt,ungoverned,ER,2,5,,G08-00745,1,release,0,0,-,no-governance,,2
P0258,paraphrase,reorder,F_CMP:E_F_CMP,gt,menu,ER,2,5,,G08-00745,1,release,0,0,menu,template-level,,2
P0258,paraphrase,reorder,F_CMP:E_F_CMP,gt,abac_perm,ER,2,5,,G08-00745,1,release,0,0,abac_perm,cell-open(≤3) tier-blind,,2
P0258,paraphrase,reorder,F_CMP:E_F_CMP,gt,abac_restr,ER,2,5,,G08-00745,1,release,0,0,abac_restr,tier 2<=max 3,,2
P0258,paraphrase,reorder,F_CMP:E_F_CMP,gt,idpdm,ER,2,5,,G08-00745,1,release,0,0,R3,R3:ok,,2
P0259,paraphrase,polite,H_HR:E_H_HR,gt,ungoverned,ER,2,5,,G08-00601,1,release,0,0,-,no-governance,,2
P0259,paraphrase,polite,H_HR:E_H_HR,gt,menu,ER,2,5,,G08-00601,1,release,0,0,menu,template-level,,2
P0259,paraphrase,polite,H_HR:E_H_HR,gt,abac_perm,ER,2,5,,G08-00601,1,release,0,0,abac_perm,cell-open(≤3) tier-blind,,2
P0259,paraphrase,polite,H_HR:E_H_HR,gt,abac_restr,ER,2,5,,G08-00601,1,release,0,0,abac_restr,tier 2<=max 3,,2
P0259,paraphrase,polite,H_HR:E_H_HR,gt,idpdm,ER,2,5,,G08-00601,1,release,0,0,R3,R3:ok,,2
P0260,paraphrase,reorder,H_HR:E_H_HR,gt,ungoverned,ER,2,5,,G08-00601,1,release,0,0,-,no-governance,,2
P0260,paraphrase,reorder,H_HR:E_H_HR,gt,menu,ER,2,5,,G08-00601,1,release,0,0,menu,template-level,,2
P0260,paraphrase,reorder,H_HR:E_H_HR,gt,abac_perm,ER,2,5,,G08-00601,1,release,0,0,abac_perm,cell-open(≤3) tier-blind,,2
P0260,paraphrase,reorder,H_HR:E_H_HR,gt,abac_restr,ER,2,5,,G08-00601,1,release,0,0,abac_restr,tier 2<=max 3,,2
P0260,paraphrase,reorder,H_HR:E_H_HR,gt,idpdm,ER,2,5,,G08-00601,1,release,0,0,R3,R3:ok,,2
P0261,paraphrase,polite,H_HR:E_H_HR,gt,ungoverned,ER,2,5,,G08-00721,1,release,0,0,-,no-governance,,2
P0261,paraphrase,polite,H_HR:E_H_HR,gt,menu,ER,2,5,,G08-00721,1,release,0,0,menu,template-level,,2
P0261,paraphrase,polite,H_HR:E_H_HR,gt,abac_perm,ER,2,5,,G08-00721,1,release,0,0,abac_perm,cell-open(≤3) tier-blind,,2
P0261,paraphrase,polite,H_HR:E_H_HR,gt,abac_restr,ER,2,5,,G08-00721,1,release,0,0,abac_restr,tier 2<=max 3,,2
P0261,paraphrase,polite,H_HR:E_H_HR,gt,idpdm,ER,2,5,,G08-00721,1,release,0,0,R3,R3:ok,,2
P0262,paraphrase,reorder,H_HR:E_H_HR,gt,ungoverned,ER,2,5,,G08-00721,1,release,0,0,-,no-governance,,2
P0262,paraphrase,reorder,H_HR:E_H_HR,gt,menu,ER,2,5,,G08-00721,1,release,0,0,menu,template-level,,2
P0262,paraphrase,reorder,H_HR:E_H_HR,gt,abac_perm,ER,2,5,,G08-00721,1,release,0,0,abac_perm,cell-open(≤3) tier-blind,,2
P0262,paraphrase,reorder,H_HR:E_H_HR,gt,abac_restr,ER,2,5,,G08-00721,1,release,0,0,abac_restr,tier 2<=max 3,,2
P0262,paraphrase,reorder,H_HR:E_H_HR,gt,idpdm,ER,2,5,,G08-00721,1,release,0,0,R3,R3:ok,,2
P0263,paraphrase,polite,F_PAY:E_F_PAY,gt,ungoverned,ER,2,5,,G08-00736,1,release,0,0,-,no-governance,,2
P0263,paraphrase,polite,F_PAY:E_F_PAY,gt,menu,ER,2,5,,G08-00736,1,release,0,0,menu,template-level,,2
P0263,paraphrase,polite,F_PAY:E_F_PAY,gt,abac_perm,ER,2,5,,G08-00736,1,release,0,0,abac_perm,cell-open(≤3) tier-blind,,2
P0263,paraphrase,polite,F_PAY:E_F_PAY,gt,abac_restr,ER,2,5,,G08-00736,1,release,0,0,abac_restr,tier 2<=max 3,,2
P0263,paraphrase,polite,F_PAY:E_F_PAY,gt,idpdm,ER,2,5,,G08-00736,1,release,0,0,R3,R3:ok,,2
P0264,paraphrase,reorder,F_PAY:E_F_PAY,gt,ungoverned,ER,2,5,,G08-00736,1,release,0,0,-,no-governance,,2
P0264,paraphrase,reorder,F_PAY:E_F_PAY,gt,menu,ER,2,5,,G08-00736,1,release,0,0,menu,template-level,,2
P0264,paraphrase,reorder,F_PAY:E_F_PAY,gt,abac_perm,ER,2,5,,G08-00736,1,release,0,0,abac_perm,cell-open(≤3) tier-blind,,2
P0264,paraphrase,reorder,F_PAY:E_F_PAY,gt,abac_restr,ER,2,5,,G08-00736,1,release,0,0,abac_restr,tier 2<=max 3,,2
P0264,paraphrase,reorder,F_PAY:E_F_PAY,gt,idpdm,ER,2,5,,G08-00736,1,release,0,0,R3,R3:ok,,2
P0265,paraphrase,polite,F_PAY:E_F_PAY,gt,ungoverned,ER,2,5,,G08-00712,1,release,0,0,-,no-governance,,2
P0265,paraphrase,polite,F_PAY:E_F_PAY,gt,menu,ER,2,5,,G08-00712,1,release,0,0,menu,template-level,,2
P0265,paraphrase,polite,F_PAY:E_F_PAY,gt,abac_perm,ER,2,5,,G08-00712,1,release,0,0,abac_perm,cell-open(≤3) tier-blind,,2
P0265,paraphrase,polite,F_PAY:E_F_PAY,gt,abac_restr,ER,2,5,,G08-00712,1,release,0,0,abac_restr,tier 2<=max 3,,2
P0265,paraphrase,polite,F_PAY:E_F_PAY,gt,idpdm,ER,2,5,,G08-00712,1,release,0,0,R3,R3:ok,,2
P0266,paraphrase,reorder,F_PAY:E_F_PAY,gt,ungoverned,ER,2,5,,G08-00712,1,release,0,0,-,no-governance,,2
P0266,paraphrase,reorder,F_PAY:E_F_PAY,gt,menu,ER,2,5,,G08-00712,1,release,0,0,menu,template-level,,2
P0266,paraphrase,reorder,F_PAY:E_F_PAY,gt,abac_perm,ER,2,5,,G08-00712,1,release,0,0,abac_perm,cell-open(≤3) tier-blind,,2
P0266,paraphrase,reorder,F_PAY:E_F_PAY,gt,abac_restr,ER,2,5,,G08-00712,1,release,0,0,abac_restr,tier 2<=max 3,,2
P0266,paraphrase,reorder,F_PAY:E_F_PAY,gt,idpdm,ER,2,5,,G08-00712,1,release,0,0,R3,R3:ok,,2
P0267,paraphrase,polite,F_SEC:E_F_SEC,gt,ungoverned,ER,2,5,,G08-00760,1,release,0,0,-,no-governance,,2
P0267,paraphrase,polite,F_SEC:E_F_SEC,gt,menu,ER,2,5,,G08-00760,1,release,0,0,menu,template-level,,2
P0267,paraphrase,polite,F_SEC:E_F_SEC,gt,abac_perm,ER,2,5,,G08-00760,1,release,0,0,abac_perm,cell-open(≤2) tier-blind,,2
P0267,paraphrase,polite,F_SEC:E_F_SEC,gt,abac_restr,ER,2,5,,G08-00760,1,release,0,0,abac_restr,tier 2<=max 2,,2
P0267,paraphrase,polite,F_SEC:E_F_SEC,gt,idpdm,ER,2,5,,G08-00760,1,release,0,0,R3,R3:ok,,2
P0268,paraphrase,reorder,F_SEC:E_F_SEC,gt,ungoverned,ER,2,5,,G08-00760,1,release,0,0,-,no-governance,,2
P0268,paraphrase,reorder,F_SEC:E_F_SEC,gt,menu,ER,2,5,,G08-00760,1,release,0,0,menu,template-level,,2
P0268,paraphrase,reorder,F_SEC:E_F_SEC,gt,abac_perm,ER,2,5,,G08-00760,1,release,0,0,abac_perm,cell-open(≤2) tier-blind,,2
P0268,paraphrase,reorder,F_SEC:E_F_SEC,gt,abac_restr,ER,2,5,,G08-00760,1,release,0,0,abac_restr,tier 2<=max 2,,2
P0268,paraphrase,reorder,F_SEC:E_F_SEC,gt,idpdm,ER,2,5,,G08-00760,1,release,0,0,R3,R3:ok,,2
P0269,paraphrase,polite,F_SEC:E_F_SEC,gt,ungoverned,ER,2,5,,G08-00691,1,release,0,0,-,no-governance,,2
P0269,paraphrase,polite,F_SEC:E_F_SEC,gt,menu,ER,2,5,,G08-00691,1,release,0,0,menu,template-level,,2
P0269,paraphrase,polite,F_SEC:E_F_SEC,gt,abac_perm,ER,2,5,,G08-00691,1,release,0,0,abac_perm,cell-open(≤2) tier-blind,,2
P0269,paraphrase,polite,F_SEC:E_F_SEC,gt,abac_restr,ER,2,5,,G08-00691,1,release,0,0,abac_restr,tier 2<=max 2,,2
P0269,paraphrase,polite,F_SEC:E_F_SEC,gt,idpdm,ER,2,5,,G08-00691,1,release,0,0,R3,R3:ok,,2
P0270,paraphrase,reorder,F_SEC:E_F_SEC,gt,ungoverned,ER,2,5,,G08-00691,1,release,0,0,-,no-governance,,2
P0270,paraphrase,reorder,F_SEC:E_F_SEC,gt,menu,ER,2,5,,G08-00691,1,release,0,0,menu,template-level,,2
P0270,paraphrase,reorder,F_SEC:E_F_SEC,gt,abac_perm,ER,2,5,,G08-00691,1,release,0,0,abac_perm,cell-open(≤2) tier-blind,,2
P0270,paraphrase,reorder,F_SEC:E_F_SEC,gt,abac_restr,ER,2,5,,G08-00691,1,release,0,0,abac_restr,tier 2<=max 2,,2
P0270,paraphrase,reorder,F_SEC:E_F_SEC,gt,idpdm,ER,2,5,,G08-00691,1,release,0,0,R3,R3:ok,,2
P0271,paraphrase,polite,F_CMP:E_F_CMP,gt,ungoverned,ER,3,5,,G08-01036,1,release,0,0,-,no-governance,,3
P0271,paraphrase,polite,F_CMP:E_F_CMP,gt,menu,ER,3,5,,G08-01036,1,release,0,0,menu,template-level,,3
P0271,paraphrase,polite,F_CMP:E_F_CMP,gt,abac_perm,ER,3,5,,G08-01036,1,release,0,0,abac_perm,cell-open(≤3) tier-blind,,3
P0271,paraphrase,polite,F_CMP:E_F_CMP,gt,abac_restr,ER,3,5,,G08-01036,1,release,0,0,abac_restr,tier 3<=max 3,,3
P0271,paraphrase,polite,F_CMP:E_F_CMP,gt,idpdm,ER,3,5,,G08-01036,1,release,0,0,R3,R3:ok,,3
P0272,paraphrase,reorder,F_CMP:E_F_CMP,gt,ungoverned,ER,3,5,,G08-01036,1,release,0,0,-,no-governance,,3
P0272,paraphrase,reorder,F_CMP:E_F_CMP,gt,menu,ER,3,5,,G08-01036,1,release,0,0,menu,template-level,,3
P0272,paraphrase,reorder,F_CMP:E_F_CMP,gt,abac_perm,ER,3,5,,G08-01036,1,release,0,0,abac_perm,cell-open(≤3) tier-blind,,3
P0272,paraphrase,reorder,F_CMP:E_F_CMP,gt,abac_restr,ER,3,5,,G08-01036,1,release,0,0,abac_restr,tier 3<=max 3,,3
P0272,paraphrase,reorder,F_CMP:E_F_CMP,gt,idpdm,ER,3,5,,G08-01036,1,release,0,0,R3,R3:ok,,3
P0273,paraphrase,polite,F_CMP:E_F_CMP,gt,ungoverned,ER,3,5,,G08-01046,1,release,0,0,-,no-governance,,3
P0273,paraphrase,polite,F_CMP:E_F_CMP,gt,menu,ER,3,5,,G08-01046,1,release,0,0,menu,template-level,,3
P0273,paraphrase,polite,F_CMP:E_F_CMP,gt,abac_perm,ER,3,5,,G08-01046,1,release,0,0,abac_perm,cell-open(≤3) tier-blind,,3
P0273,paraphrase,polite,F_CMP:E_F_CMP,gt,abac_restr,ER,3,5,,G08-01046,1,release,0,0,abac_restr,tier 3<=max 3,,3
P0273,paraphrase,polite,F_CMP:E_F_CMP,gt,idpdm,ER,3,5,,G08-01046,1,release,0,0,R3,R3:ok,,3
P0274,paraphrase,reorder,F_CMP:E_F_CMP,gt,ungoverned,ER,3,5,,G08-01046,1,release,0,0,-,no-governance,,3
P0274,paraphrase,reorder,F_CMP:E_F_CMP,gt,menu,ER,3,5,,G08-01046,1,release,0,0,menu,template-level,,3
P0274,paraphrase,reorder,F_CMP:E_F_CMP,gt,abac_perm,ER,3,5,,G08-01046,1,release,0,0,abac_perm,cell-open(≤3) tier-blind,,3
P0274,paraphrase,reorder,F_CMP:E_F_CMP,gt,abac_restr,ER,3,5,,G08-01046,1,release,0,0,abac_restr,tier 3<=max 3,,3
P0274,paraphrase,reorder,F_CMP:E_F_CMP,gt,idpdm,ER,3,5,,G08-01046,1,release,0,0,R3,R3:ok,,3
P0275,paraphrase,polite,H_HR:E_H_HR,gt,ungoverned,ER,3,5,,G08-00972,1,release,0,0,-,no-governance,,3
P0275,paraphrase,polite,H_HR:E_H_HR,gt,menu,ER,3,5,,G08-00972,1,release,0,0,menu,template-level,,3
P0275,paraphrase,polite,H_HR:E_H_HR,gt,abac_perm,ER,3,5,,G08-00972,1,release,0,0,abac_perm,cell-open(≤3) tier-blind,,3
P0275,paraphrase,polite,H_HR:E_H_HR,gt,abac_restr,ER,3,5,,G08-00972,1,release,0,0,abac_restr,tier 3<=max 3,,3
P0275,paraphrase,polite,H_HR:E_H_HR,gt,idpdm,ER,3,5,,G08-00972,1,release,0,0,R3,R3:ok,,3
P0276,paraphrase,reorder,H_HR:E_H_HR,gt,ungoverned,ER,3,5,,G08-00972,1,release,0,0,-,no-governance,,3
P0276,paraphrase,reorder,H_HR:E_H_HR,gt,menu,ER,3,5,,G08-00972,1,release,0,0,menu,template-level,,3
P0276,paraphrase,reorder,H_HR:E_H_HR,gt,abac_perm,ER,3,5,,G08-00972,1,release,0,0,abac_perm,cell-open(≤3) tier-blind,,3
P0276,paraphrase,reorder,H_HR:E_H_HR,gt,abac_restr,ER,3,5,,G08-00972,1,release,0,0,abac_restr,tier 3<=max 3,,3
P0276,paraphrase,reorder,H_HR:E_H_HR,gt,idpdm,ER,3,5,,G08-00972,1,release,0,0,R3,R3:ok,,3
P0277,paraphrase,polite,H_HR:E_H_HR,gt,ungoverned,ER,3,5,,G08-00940,1,release,0,0,-,no-governance,,3
P0277,paraphrase,polite,H_HR:E_H_HR,gt,menu,ER,3,5,,G08-00940,1,release,0,0,menu,template-level,,3
P0277,paraphrase,polite,H_HR:E_H_HR,gt,abac_perm,ER,3,5,,G08-00940,1,release,0,0,abac_perm,cell-open(≤3) tier-blind,,3
P0277,paraphrase,polite,H_HR:E_H_HR,gt,abac_restr,ER,3,5,,G08-00940,1,release,0,0,abac_restr,tier 3<=max 3,,3
P0277,paraphrase,polite,H_HR:E_H_HR,gt,idpdm,ER,3,5,,G08-00940,1,release,0,0,R3,R3:ok,,3
P0278,paraphrase,reorder,H_HR:E_H_HR,gt,ungoverned,ER,3,5,,G08-00940,1,release,0,0,-,no-governance,,3
P0278,paraphrase,reorder,H_HR:E_H_HR,gt,menu,ER,3,5,,G08-00940,1,release,0,0,menu,template-level,,3
P0278,paraphrase,reorder,H_HR:E_H_HR,gt,abac_perm,ER,3,5,,G08-00940,1,release,0,0,abac_perm,cell-open(≤3) tier-blind,,3
P0278,paraphrase,reorder,H_HR:E_H_HR,gt,abac_restr,ER,3,5,,G08-00940,1,release,0,0,abac_restr,tier 3<=max 3,,3
P0278,paraphrase,reorder,H_HR:E_H_HR,gt,idpdm,ER,3,5,,G08-00940,1,release,0,0,R3,R3:ok,,3
P0279,paraphrase,polite,F_PAY:E_F_PAY,gt,ungoverned,ER,3,5,,G08-01020,1,release,0,0,-,no-governance,,3
P0279,paraphrase,polite,F_PAY:E_F_PAY,gt,menu,ER,3,5,,G08-01020,1,release,0,0,menu,template-level,,3
P0279,paraphrase,polite,F_PAY:E_F_PAY,gt,abac_perm,ER,3,5,,G08-01020,1,release,0,0,abac_perm,cell-open(≤3) tier-blind,,3
P0279,paraphrase,polite,F_PAY:E_F_PAY,gt,abac_restr,ER,3,5,,G08-01020,1,release,0,0,abac_restr,tier 3<=max 3,,3
P0279,paraphrase,polite,F_PAY:E_F_PAY,gt,idpdm,ER,3,5,,G08-01020,1,release,0,0,R3,R3:ok,,3
P0280,paraphrase,reorder,F_PAY:E_F_PAY,gt,ungoverned,ER,3,5,,G08-01020,1,release,0,0,-,no-governance,,3
P0280,paraphrase,reorder,F_PAY:E_F_PAY,gt,menu,ER,3,5,,G08-01020,1,release,0,0,menu,template-level,,3
P0280,paraphrase,reorder,F_PAY:E_F_PAY,gt,abac_perm,ER,3,5,,G08-01020,1,release,0,0,abac_perm,cell-open(≤3) tier-blind,,3
P0280,paraphrase,reorder,F_PAY:E_F_PAY,gt,abac_restr,ER,3,5,,G08-01020,1,release,0,0,abac_restr,tier 3<=max 3,,3
P0280,paraphrase,reorder,F_PAY:E_F_PAY,gt,idpdm,ER,3,5,,G08-01020,1,release,0,0,R3,R3:ok,,3
P0281,paraphrase,polite,F_PAY:E_F_PAY,gt,ungoverned,ER,3,5,,G08-00940,1,release,0,0,-,no-governance,,3
P0281,paraphrase,polite,F_PAY:E_F_PAY,gt,menu,ER,3,5,,G08-00940,1,release,0,0,menu,template-level,,3
P0281,paraphrase,polite,F_PAY:E_F_PAY,gt,abac_perm,ER,3,5,,G08-00940,1,release,0,0,abac_perm,cell-open(≤3) tier-blind,,3
P0281,paraphrase,polite,F_PAY:E_F_PAY,gt,abac_restr,ER,3,5,,G08-00940,1,release,0,0,abac_restr,tier 3<=max 3,,3
P0281,paraphrase,polite,F_PAY:E_F_PAY,gt,idpdm,ER,3,5,,G08-00940,1,release,0,0,R3,R3:ok,,3
P0282,paraphrase,reorder,F_PAY:E_F_PAY,gt,ungoverned,ER,3,5,,G08-00940,1,release,0,0,-,no-governance,,3
P0282,paraphrase,reorder,F_PAY:E_F_PAY,gt,menu,ER,3,5,,G08-00940,1,release,0,0,menu,template-level,,3
P0282,paraphrase,reorder,F_PAY:E_F_PAY,gt,abac_perm,ER,3,5,,G08-00940,1,release,0,0,abac_perm,cell-open(≤3) tier-blind,,3
P0282,paraphrase,reorder,F_PAY:E_F_PAY,gt,abac_restr,ER,3,5,,G08-00940,1,release,0,0,abac_restr,tier 3<=max 3,,3
P0282,paraphrase,reorder,F_PAY:E_F_PAY,gt,idpdm,ER,3,5,,G08-00940,1,release,0,0,R3,R3:ok,,3
P0283,paraphrase,polite,F_SAL:E_F_SAL,gt,ungoverned,LN,2,5,,G05-00208,1,release,0,0,-,no-governance,,2
P0283,paraphrase,polite,F_SAL:E_F_SAL,gt,menu,LN,2,5,,G05-00208,1,release,0,0,menu,template-level,,2
P0283,paraphrase,polite,F_SAL:E_F_SAL,gt,abac_perm,LN,2,5,,G05-00208,1,release,0,0,abac_perm,cell-open(≤2) tier-blind,,2
P0283,paraphrase,polite,F_SAL:E_F_SAL,gt,abac_restr,LN,2,5,,G05-00208,1,release,0,0,abac_restr,tier 2<=max 2,,2
P0283,paraphrase,polite,F_SAL:E_F_SAL,gt,idpdm,LN,2,5,,G05-00208,1,release,0,0,R3,R3:ok,,2
P0284,paraphrase,reorder,F_SAL:E_F_SAL,gt,ungoverned,LN,2,5,,G05-00208,1,release,0,0,-,no-governance,,2
P0284,paraphrase,reorder,F_SAL:E_F_SAL,gt,menu,LN,2,5,,G05-00208,1,release,0,0,menu,template-level,,2
P0284,paraphrase,reorder,F_SAL:E_F_SAL,gt,abac_perm,LN,2,5,,G05-00208,1,release,0,0,abac_perm,cell-open(≤2) tier-blind,,2
P0284,paraphrase,reorder,F_SAL:E_F_SAL,gt,abac_restr,LN,2,5,,G05-00208,1,release,0,0,abac_restr,tier 2<=max 2,,2
P0284,paraphrase,reorder,F_SAL:E_F_SAL,gt,idpdm,LN,2,5,,G05-00208,1,release,0,0,R3,R3:ok,,2
P0285,paraphrase,polite,F_SAL:E_F_SAL,gt,ungoverned,LN,2,5,,G05-00318,1,release,0,0,-,no-governance,,2
P0285,paraphrase,polite,F_SAL:E_F_SAL,gt,menu,LN,2,5,,G05-00318,1,release,0,0,menu,template-level,,2
P0285,paraphrase,polite,F_SAL:E_F_SAL,gt,abac_perm,LN,2,5,,G05-00318,1,release,0,0,abac_perm,cell-open(≤2) tier-blind,,2
P0285,paraphrase,polite,F_SAL:E_F_SAL,gt,abac_restr,LN,2,5,,G05-00318,1,release,0,0,abac_restr,tier 2<=max 2,,2
P0285,paraphrase,polite,F_SAL:E_F_SAL,gt,idpdm,LN,2,5,,G05-00318,1,release,0,0,R3,R3:ok,,2
P0286,paraphrase,reorder,F_SAL:E_F_SAL,gt,ungoverned,LN,2,5,,G05-00318,1,release,0,0,-,no-governance,,2
P0286,paraphrase,reorder,F_SAL:E_F_SAL,gt,menu,LN,2,5,,G05-00318,1,release,0,0,menu,template-level,,2
P0286,paraphrase,reorder,F_SAL:E_F_SAL,gt,abac_perm,LN,2,5,,G05-00318,1,release,0,0,abac_perm,cell-open(≤2) tier-blind,,2
P0286,paraphrase,reorder,F_SAL:E_F_SAL,gt,abac_restr,LN,2,5,,G05-00318,1,release,0,0,abac_restr,tier 2<=max 2,,2
P0286,paraphrase,reorder,F_SAL:E_F_SAL,gt,idpdm,LN,2,5,,G05-00318,1,release,0,0,R3,R3:ok,,2
P0287,paraphrase,polite,F_CMP:E_F_CMP,gt,ungoverned,LN,2,5,,G05-00148,1,release,0,0,-,no-governance,,2
P0287,paraphrase,polite,F_CMP:E_F_CMP,gt,menu,LN,2,5,,G05-00148,1,release,0,0,menu,template-level,,2
P0287,paraphrase,polite,F_CMP:E_F_CMP,gt,abac_perm,LN,2,5,,G05-00148,1,release,0,0,abac_perm,cell-open(≤3) tier-blind,,2
P0287,paraphrase,polite,F_CMP:E_F_CMP,gt,abac_restr,LN,2,5,,G05-00148,1,release,0,0,abac_restr,tier 2<=max 3,,2
P0287,paraphrase,polite,F_CMP:E_F_CMP,gt,idpdm,LN,2,5,,G05-00148,1,release,0,0,R3,R3:ok,,2
P0288,paraphrase,reorder,F_CMP:E_F_CMP,gt,ungoverned,LN,2,5,,G05-00148,1,release,0,0,-,no-governance,,2
P0288,paraphrase,reorder,F_CMP:E_F_CMP,gt,menu,LN,2,5,,G05-00148,1,release,0,0,menu,template-level,,2
P0288,paraphrase,reorder,F_CMP:E_F_CMP,gt,abac_perm,LN,2,5,,G05-00148,1,release,0,0,abac_perm,cell-open(≤3) tier-blind,,2
P0288,paraphrase,reorder,F_CMP:E_F_CMP,gt,abac_restr,LN,2,5,,G05-00148,1,release,0,0,abac_restr,tier 2<=max 3,,2
P0288,paraphrase,reorder,F_CMP:E_F_CMP,gt,idpdm,LN,2,5,,G05-00148,1,release,0,0,R3,R3:ok,,2
P0289,paraphrase,polite,F_CMP:E_F_CMP,gt,ungoverned,LN,2,5,,G05-00143,1,release,0,0,-,no-governance,,2
P0289,paraphrase,polite,F_CMP:E_F_CMP,gt,menu,LN,2,5,,G05-00143,1,release,0,0,menu,template-level,,2
P0289,paraphrase,polite,F_CMP:E_F_CMP,gt,abac_perm,LN,2,5,,G05-00143,1,release,0,0,abac_perm,cell-open(≤3) tier-blind,,2
P0289,paraphrase,polite,F_CMP:E_F_CMP,gt,abac_restr,LN,2,5,,G05-00143,1,release,0,0,abac_restr,tier 2<=max 3,,2
P0289,paraphrase,polite,F_CMP:E_F_CMP,gt,idpdm,LN,2,5,,G05-00143,1,release,0,0,R3,R3:ok,,2
P0290,paraphrase,reorder,F_CMP:E_F_CMP,gt,ungoverned,LN,2,5,,G05-00143,1,release,0,0,-,no-governance,,2
P0290,paraphrase,reorder,F_CMP:E_F_CMP,gt,menu,LN,2,5,,G05-00143,1,release,0,0,menu,template-level,,2
P0290,paraphrase,reorder,F_CMP:E_F_CMP,gt,abac_perm,LN,2,5,,G05-00143,1,release,0,0,abac_perm,cell-open(≤3) tier-blind,,2
P0290,paraphrase,reorder,F_CMP:E_F_CMP,gt,abac_restr,LN,2,5,,G05-00143,1,release,0,0,abac_restr,tier 2<=max 3,,2
P0290,paraphrase,reorder,F_CMP:E_F_CMP,gt,idpdm,LN,2,5,,G05-00143,1,release,0,0,R3,R3:ok,,2
P0291,paraphrase,polite,F_CMP:E_F_CMP,gt,ungoverned,LN,3,5,,G05-00555,1,release,0,0,-,no-governance,,3
P0291,paraphrase,polite,F_CMP:E_F_CMP,gt,menu,LN,3,5,,G05-00555,1,release,0,0,menu,template-level,,3
P0291,paraphrase,polite,F_CMP:E_F_CMP,gt,abac_perm,LN,3,5,,G05-00555,1,release,0,0,abac_perm,cell-open(≤3) tier-blind,,3
P0291,paraphrase,polite,F_CMP:E_F_CMP,gt,abac_restr,LN,3,5,,G05-00555,1,release,0,0,abac_restr,tier 3<=max 3,,3
P0291,paraphrase,polite,F_CMP:E_F_CMP,gt,idpdm,LN,3,5,,G05-00555,1,release,0,0,R3,R3:ok,,3
P0292,paraphrase,reorder,F_CMP:E_F_CMP,gt,ungoverned,LN,3,5,,G05-00555,1,release,0,0,-,no-governance,,3
P0292,paraphrase,reorder,F_CMP:E_F_CMP,gt,menu,LN,3,5,,G05-00555,1,release,0,0,menu,template-level,,3
P0292,paraphrase,reorder,F_CMP:E_F_CMP,gt,abac_perm,LN,3,5,,G05-00555,1,release,0,0,abac_perm,cell-open(≤3) tier-blind,,3
P0292,paraphrase,reorder,F_CMP:E_F_CMP,gt,abac_restr,LN,3,5,,G05-00555,1,release,0,0,abac_restr,tier 3<=max 3,,3
P0292,paraphrase,reorder,F_CMP:E_F_CMP,gt,idpdm,LN,3,5,,G05-00555,1,release,0,0,R3,R3:ok,,3
P0293,paraphrase,polite,F_CMP:E_F_CMP,gt,ungoverned,LN,3,5,,G05-00537,1,release,0,0,-,no-governance,,3
P0293,paraphrase,polite,F_CMP:E_F_CMP,gt,menu,LN,3,5,,G05-00537,1,release,0,0,menu,template-level,,3
P0293,paraphrase,polite,F_CMP:E_F_CMP,gt,abac_perm,LN,3,5,,G05-00537,1,release,0,0,abac_perm,cell-open(≤3) tier-blind,,3
P0293,paraphrase,polite,F_CMP:E_F_CMP,gt,abac_restr,LN,3,5,,G05-00537,1,release,0,0,abac_restr,tier 3<=max 3,,3
P0293,paraphrase,polite,F_CMP:E_F_CMP,gt,idpdm,LN,3,5,,G05-00537,1,release,0,0,R3,R3:ok,,3
P0294,paraphrase,reorder,F_CMP:E_F_CMP,gt,ungoverned,LN,3,5,,G05-00537,1,release,0,0,-,no-governance,,3
P0294,paraphrase,reorder,F_CMP:E_F_CMP,gt,menu,LN,3,5,,G05-00537,1,release,0,0,menu,template-level,,3
P0294,paraphrase,reorder,F_CMP:E_F_CMP,gt,abac_perm,LN,3,5,,G05-00537,1,release,0,0,abac_perm,cell-open(≤3) tier-blind,,3
P0294,paraphrase,reorder,F_CMP:E_F_CMP,gt,abac_restr,LN,3,5,,G05-00537,1,release,0,0,abac_restr,tier 3<=max 3,,3
P0294,paraphrase,reorder,F_CMP:E_F_CMP,gt,idpdm,LN,3,5,,G05-00537,1,release,0,0,R3,R3:ok,,3
P0295,paraphrase,polite,C_CC:E_C_CC,gt,ungoverned,CP,2,5,,G02-00177,1,release,0,0,-,no-governance,,2
P0295,paraphrase,polite,C_CC:E_C_CC,gt,menu,CP,2,5,,G02-00177,1,release,0,0,menu,template-level,,2
P0295,paraphrase,polite,C_CC:E_C_CC,gt,abac_perm,CP,2,5,,G02-00177,1,release,0,0,abac_perm,cell-open(≤3) tier-blind,,2
P0295,paraphrase,polite,C_CC:E_C_CC,gt,abac_restr,CP,2,5,,G02-00177,1,release,0,0,abac_restr,tier 2<=max 3,,2
P0295,paraphrase,polite,C_CC:E_C_CC,gt,idpdm,CP,2,5,,G02-00177,1,release,0,0,R3,R3:ok,,2
P0296,paraphrase,reorder,C_CC:E_C_CC,gt,ungoverned,CP,2,5,,G02-00177,1,release,0,0,-,no-governance,,2
P0296,paraphrase,reorder,C_CC:E_C_CC,gt,menu,CP,2,5,,G02-00177,1,release,0,0,menu,template-level,,2
P0296,paraphrase,reorder,C_CC:E_C_CC,gt,abac_perm,CP,2,5,,G02-00177,1,release,0,0,abac_perm,cell-open(≤3) tier-blind,,2
P0296,paraphrase,reorder,C_CC:E_C_CC,gt,abac_restr,CP,2,5,,G02-00177,1,release,0,0,abac_restr,tier 2<=max 3,,2
P0296,paraphrase,reorder,C_CC:E_C_CC,gt,idpdm,CP,2,5,,G02-00177,1,release,0,0,R3,R3:ok,,2
P0297,paraphrase,polite,C_CC:E_C_CC,gt,ungoverned,CP,2,5,,G02-00252,1,release,0,0,-,no-governance,,2
P0297,paraphrase,polite,C_CC:E_C_CC,gt,menu,CP,2,5,,G02-00252,1,release,0,0,menu,template-level,,2
P0297,paraphrase,polite,C_CC:E_C_CC,gt,abac_perm,CP,2,5,,G02-00252,1,release,0,0,abac_perm,cell-open(≤3) tier-blind,,2
P0297,paraphrase,polite,C_CC:E_C_CC,gt,abac_restr,CP,2,5,,G02-00252,1,release,0,0,abac_restr,tier 2<=max 3,,2
P0297,paraphrase,polite,C_CC:E_C_CC,gt,idpdm,CP,2,5,,G02-00252,1,release,0,0,R3,R3:ok,,2
P0298,paraphrase,reorder,C_CC:E_C_CC,gt,ungoverned,CP,2,5,,G02-00252,1,release,0,0,-,no-governance,,2
P0298,paraphrase,reorder,C_CC:E_C_CC,gt,menu,CP,2,5,,G02-00252,1,release,0,0,menu,template-level,,2
P0298,paraphrase,reorder,C_CC:E_C_CC,gt,abac_perm,CP,2,5,,G02-00252,1,release,0,0,abac_perm,cell-open(≤3) tier-blind,,2
P0298,paraphrase,reorder,C_CC:E_C_CC,gt,abac_restr,CP,2,5,,G02-00252,1,release,0,0,abac_restr,tier 2<=max 3,,2
P0298,paraphrase,reorder,C_CC:E_C_CC,gt,idpdm,CP,2,5,,G02-00252,1,release,0,0,R3,R3:ok,,2
P0299,paraphrase,polite,F_CMP:E_F_CMP,gt,ungoverned,CP,2,5,,G02-00217,1,release,0,0,-,no-governance,,2
P0299,paraphrase,polite,F_CMP:E_F_CMP,gt,menu,CP,2,5,,G02-00217,1,release,0,0,menu,template-level,,2
P0299,paraphrase,polite,F_CMP:E_F_CMP,gt,abac_perm,CP,2,5,,G02-00217,1,release,0,0,abac_perm,cell-open(≤3) tier-blind,,2
P0299,paraphrase,polite,F_CMP:E_F_CMP,gt,abac_restr,CP,2,5,,G02-00217,1,release,0,0,abac_restr,tier 2<=max 3,,2
P0299,paraphrase,polite,F_CMP:E_F_CMP,gt,idpdm,CP,2,5,,G02-00217,1,release,0,0,R3,R3:ok,,2
P0300,paraphrase,reorder,F_CMP:E_F_CMP,gt,ungoverned,CP,2,5,,G02-00217,1,release,0,0,-,no-governance,,2
P0300,paraphrase,reorder,F_CMP:E_F_CMP,gt,menu,CP,2,5,,G02-00217,1,release,0,0,menu,template-level,,2
P0300,paraphrase,reorder,F_CMP:E_F_CMP,gt,abac_perm,CP,2,5,,G02-00217,1,release,0,0,abac_perm,cell-open(≤3) tier-blind,,2
P0300,paraphrase,reorder,F_CMP:E_F_CMP,gt,abac_restr,CP,2,5,,G02-00217,1,release,0,0,abac_restr,tier 2<=max 3,,2
P0300,paraphrase,reorder,F_CMP:E_F_CMP,gt,idpdm,CP,2,5,,G02-00217,1,release,0,0,R3,R3:ok,,2
P0301,paraphrase,polite,F_CMP:E_F_CMP,gt,ungoverned,CP,2,5,,G02-00082,1,release,0,0,-,no-governance,,2
P0301,paraphrase,polite,F_CMP:E_F_CMP,gt,menu,CP,2,5,,G02-00082,1,release,0,0,menu,template-level,,2
P0301,paraphrase,polite,F_CMP:E_F_CMP,gt,abac_perm,CP,2,5,,G02-00082,1,release,0,0,abac_perm,cell-open(≤3) tier-blind,,2
P0301,paraphrase,polite,F_CMP:E_F_CMP,gt,abac_restr,CP,2,5,,G02-00082,1,release,0,0,abac_restr,tier 2<=max 3,,2
P0301,paraphrase,polite,F_CMP:E_F_CMP,gt,idpdm,CP,2,5,,G02-00082,1,release,0,0,R3,R3:ok,,2
P0302,paraphrase,reorder,F_CMP:E_F_CMP,gt,ungoverned,CP,2,5,,G02-00082,1,release,0,0,-,no-governance,,2
P0302,paraphrase,reorder,F_CMP:E_F_CMP,gt,menu,CP,2,5,,G02-00082,1,release,0,0,menu,template-level,,2
P0302,paraphrase,reorder,F_CMP:E_F_CMP,gt,abac_perm,CP,2,5,,G02-00082,1,release,0,0,abac_perm,cell-open(≤3) tier-blind,,2
P0302,paraphrase,reorder,F_CMP:E_F_CMP,gt,abac_restr,CP,2,5,,G02-00082,1,release,0,0,abac_restr,tier 2<=max 3,,2
P0302,paraphrase,reorder,F_CMP:E_F_CMP,gt,idpdm,CP,2,5,,G02-00082,1,release,0,0,R3,R3:ok,,2
P0303,paraphrase,polite,F_CMP:E_F_CMP,gt,ungoverned,CP,3,5,,G02-00523,1,release,0,0,-,no-governance,,3
P0303,paraphrase,polite,F_CMP:E_F_CMP,gt,menu,CP,3,5,,G02-00523,1,release,0,0,menu,template-level,,3
P0303,paraphrase,polite,F_CMP:E_F_CMP,gt,abac_perm,CP,3,5,,G02-00523,1,release,0,0,abac_perm,cell-open(≤3) tier-blind,,3
P0303,paraphrase,polite,F_CMP:E_F_CMP,gt,abac_restr,CP,3,5,,G02-00523,1,release,0,0,abac_restr,tier 3<=max 3,,3
P0303,paraphrase,polite,F_CMP:E_F_CMP,gt,idpdm,CP,3,5,,G02-00523,1,release,0,0,R3,R3:ok,,3
P0304,paraphrase,reorder,F_CMP:E_F_CMP,gt,ungoverned,CP,3,5,,G02-00523,1,release,0,0,-,no-governance,,3
P0304,paraphrase,reorder,F_CMP:E_F_CMP,gt,menu,CP,3,5,,G02-00523,1,release,0,0,menu,template-level,,3
P0304,paraphrase,reorder,F_CMP:E_F_CMP,gt,abac_perm,CP,3,5,,G02-00523,1,release,0,0,abac_perm,cell-open(≤3) tier-blind,,3
P0304,paraphrase,reorder,F_CMP:E_F_CMP,gt,abac_restr,CP,3,5,,G02-00523,1,release,0,0,abac_restr,tier 3<=max 3,,3
P0304,paraphrase,reorder,F_CMP:E_F_CMP,gt,idpdm,CP,3,5,,G02-00523,1,release,0,0,R3,R3:ok,,3
P0305,paraphrase,polite,F_CMP:E_F_CMP,gt,ungoverned,CP,3,5,,G02-00510,1,release,0,0,-,no-governance,,3
P0305,paraphrase,polite,F_CMP:E_F_CMP,gt,menu,CP,3,5,,G02-00510,1,release,0,0,menu,template-level,,3
P0305,paraphrase,polite,F_CMP:E_F_CMP,gt,abac_perm,CP,3,5,,G02-00510,1,release,0,0,abac_perm,cell-open(≤3) tier-blind,,3
P0305,paraphrase,polite,F_CMP:E_F_CMP,gt,abac_restr,CP,3,5,,G02-00510,1,release,0,0,abac_restr,tier 3<=max 3,,3
P0305,paraphrase,polite,F_CMP:E_F_CMP,gt,idpdm,CP,3,5,,G02-00510,1,release,0,0,R3,R3:ok,,3
P0306,paraphrase,reorder,F_CMP:E_F_CMP,gt,ungoverned,CP,3,5,,G02-00510,1,release,0,0,-,no-governance,,3
P0306,paraphrase,reorder,F_CMP:E_F_CMP,gt,menu,CP,3,5,,G02-00510,1,release,0,0,menu,template-level,,3
P0306,paraphrase,reorder,F_CMP:E_F_CMP,gt,abac_perm,CP,3,5,,G02-00510,1,release,0,0,abac_perm,cell-open(≤3) tier-blind,,3
P0306,paraphrase,reorder,F_CMP:E_F_CMP,gt,abac_restr,CP,3,5,,G02-00510,1,release,0,0,abac_restr,tier 3<=max 3,,3
P0306,paraphrase,reorder,F_CMP:E_F_CMP,gt,idpdm,CP,3,5,,G02-00510,1,release,0,0,R3,R3:ok,,3
P0307,paraphrase,polite,S_ACC:E_S_ACC,gt,ungoverned,RS,1,5,,G01-00000,1,release,0,0,-,no-governance,,1
P0307,paraphrase,polite,S_ACC:E_S_ACC,gt,menu,RS,1,5,,G01-00000,1,release,0,0,menu,template-level,,1
P0307,paraphrase,polite,S_ACC:E_S_ACC,gt,abac_perm,RS,1,5,,G01-00000,1,release,0,0,abac_perm,cell-open(≤2) tier-blind,,1
P0307,paraphrase,polite,S_ACC:E_S_ACC,gt,abac_restr,RS,1,5,,G01-00000,1,release,0,0,abac_restr,tier 1<=max 2,,1
P0307,paraphrase,polite,S_ACC:E_S_ACC,gt,idpdm,RS,1,5,,G01-00000,1,release,0,0,R3,R3:ok,,1
P0308,paraphrase,reorder,S_ACC:E_S_ACC,gt,ungoverned,RS,1,5,,G01-00000,1,release,0,0,-,no-governance,,1
P0308,paraphrase,reorder,S_ACC:E_S_ACC,gt,menu,RS,1,5,,G01-00000,1,release,0,0,menu,template-level,,1
P0308,paraphrase,reorder,S_ACC:E_S_ACC,gt,abac_perm,RS,1,5,,G01-00000,1,release,0,0,abac_perm,cell-open(≤2) tier-blind,,1
P0308,paraphrase,reorder,S_ACC:E_S_ACC,gt,abac_restr,RS,1,5,,G01-00000,1,release,0,0,abac_restr,tier 1<=max 2,,1
P0308,paraphrase,reorder,S_ACC:E_S_ACC,gt,idpdm,RS,1,5,,G01-00000,1,release,0,0,R3,R3:ok,,1
P0309,paraphrase,polite,B_BR:E_B_BR,gt,ungoverned,RS,1,5,,G01-00000,1,release,0,0,-,no-governance,,1
P0309,paraphrase,polite,B_BR:E_B_BR,gt,menu,RS,1,5,,G01-00000,1,release,0,0,menu,template-level,,1
P0309,paraphrase,polite,B_BR:E_B_BR,gt,abac_perm,RS,1,5,,G01-00000,1,release,0,0,abac_perm,cell-open(≤2) tier-blind,,1
P0309,paraphrase,polite,B_BR:E_B_BR,gt,abac_restr,RS,1,5,,G01-00000,1,release,0,0,abac_restr,tier 1<=max 2,,1
P0309,paraphrase,polite,B_BR:E_B_BR,gt,idpdm,RS,1,5,,G01-00000,1,release,0,0,R3,R3:ok,,1
P0310,paraphrase,reorder,B_BR:E_B_BR,gt,ungoverned,RS,1,5,,G01-00000,1,release,0,0,-,no-governance,,1
P0310,paraphrase,reorder,B_BR:E_B_BR,gt,menu,RS,1,5,,G01-00000,1,release,0,0,menu,template-level,,1
P0310,paraphrase,reorder,B_BR:E_B_BR,gt,abac_perm,RS,1,5,,G01-00000,1,release,0,0,abac_perm,cell-open(≤2) tier-blind,,1
P0310,paraphrase,reorder,B_BR:E_B_BR,gt,abac_restr,RS,1,5,,G01-00000,1,release,0,0,abac_restr,tier 1<=max 2,,1
P0310,paraphrase,reorder,B_BR:E_B_BR,gt,idpdm,RS,1,5,,G01-00000,1,release,0,0,R3,R3:ok,,1
P0311,paraphrase,polite,H_HR:E_H_HR,gt,ungoverned,RS,1,5,,G01-00000,1,release,0,0,-,no-governance,,1
P0311,paraphrase,polite,H_HR:E_H_HR,gt,menu,RS,1,5,,G01-00000,1,release,0,0,menu,template-level,,1
P0311,paraphrase,polite,H_HR:E_H_HR,gt,abac_perm,RS,1,5,,G01-00000,1,release,0,0,abac_perm,cell-open(≤2) tier-blind,,1
P0311,paraphrase,polite,H_HR:E_H_HR,gt,abac_restr,RS,1,5,,G01-00000,1,release,0,0,abac_restr,tier 1<=max 2,,1
P0311,paraphrase,polite,H_HR:E_H_HR,gt,idpdm,RS,1,5,,G01-00000,1,release,0,0,R3,R3:ok,,1
P0312,paraphrase,reorder,H_HR:E_H_HR,gt,ungoverned,RS,1,5,,G01-00000,1,release,0,0,-,no-governance,,1
P0312,paraphrase,reorder,H_HR:E_H_HR,gt,menu,RS,1,5,,G01-00000,1,release,0,0,menu,template-level,,1
P0312,paraphrase,reorder,H_HR:E_H_HR,gt,abac_perm,RS,1,5,,G01-00000,1,release,0,0,abac_perm,cell-open(≤2) tier-blind,,1
P0312,paraphrase,reorder,H_HR:E_H_HR,gt,abac_restr,RS,1,5,,G01-00000,1,release,0,0,abac_restr,tier 1<=max 2,,1
P0312,paraphrase,reorder,H_HR:E_H_HR,gt,idpdm,RS,1,5,,G01-00000,1,release,0,0,R3,R3:ok,,1
P0313,paraphrase,polite,F_PAY:E_F_PAY,gt,ungoverned,RS,1,5,,G01-00000,1,release,0,0,-,no-governance,,1
P0313,paraphrase,polite,F_PAY:E_F_PAY,gt,menu,RS,1,5,,G01-00000,1,release,0,0,menu,template-level,,1
P0313,paraphrase,polite,F_PAY:E_F_PAY,gt,abac_perm,RS,1,5,,G01-00000,1,release,0,0,abac_perm,cell-open(≤2) tier-blind,,1
P0313,paraphrase,polite,F_PAY:E_F_PAY,gt,abac_restr,RS,1,5,,G01-00000,1,release,0,0,abac_restr,tier 1<=max 2,,1
P0313,paraphrase,polite,F_PAY:E_F_PAY,gt,idpdm,RS,1,5,,G01-00000,1,release,0,0,R3,R3:ok,,1
P0314,paraphrase,reorder,F_PAY:E_F_PAY,gt,ungoverned,RS,1,5,,G01-00000,1,release,0,0,-,no-governance,,1
P0314,paraphrase,reorder,F_PAY:E_F_PAY,gt,menu,RS,1,5,,G01-00000,1,release,0,0,menu,template-level,,1
P0314,paraphrase,reorder,F_PAY:E_F_PAY,gt,abac_perm,RS,1,5,,G01-00000,1,release,0,0,abac_perm,cell-open(≤2) tier-blind,,1
P0314,paraphrase,reorder,F_PAY:E_F_PAY,gt,abac_restr,RS,1,5,,G01-00000,1,release,0,0,abac_restr,tier 1<=max 2,,1
P0314,paraphrase,reorder,F_PAY:E_F_PAY,gt,idpdm,RS,1,5,,G01-00000,1,release,0,0,R3,R3:ok,,1
P0315,paraphrase,polite,F_CMP:E_F_CMP,gt,ungoverned,RS,1,5,,G01-00000,1,release,0,0,-,no-governance,,1
P0315,paraphrase,polite,F_CMP:E_F_CMP,gt,menu,RS,1,5,,G01-00000,1,release,0,0,menu,template-level,,1
P0315,paraphrase,polite,F_CMP:E_F_CMP,gt,abac_perm,RS,1,5,,G01-00000,1,release,0,0,abac_perm,cell-open(≤2) tier-blind,,1
P0315,paraphrase,polite,F_CMP:E_F_CMP,gt,abac_restr,RS,1,5,,G01-00000,1,release,0,0,abac_restr,tier 1<=max 2,,1
P0315,paraphrase,polite,F_CMP:E_F_CMP,gt,idpdm,RS,1,5,,G01-00000,1,release,0,0,R3,R3:ok,,1
P0316,paraphrase,reorder,F_CMP:E_F_CMP,gt,ungoverned,RS,1,5,,G01-00000,1,release,0,0,-,no-governance,,1
P0316,paraphrase,reorder,F_CMP:E_F_CMP,gt,menu,RS,1,5,,G01-00000,1,release,0,0,menu,template-level,,1
P0316,paraphrase,reorder,F_CMP:E_F_CMP,gt,abac_perm,RS,1,5,,G01-00000,1,release,0,0,abac_perm,cell-open(≤2) tier-blind,,1
P0316,paraphrase,reorder,F_CMP:E_F_CMP,gt,abac_restr,RS,1,5,,G01-00000,1,release,0,0,abac_restr,tier 1<=max 2,,1
P0316,paraphrase,reorder,F_CMP:E_F_CMP,gt,idpdm,RS,1,5,,G01-00000,1,release,0,0,R3,R3:ok,,1
P0317,paraphrase,polite,S_ACC:E_S_ACC,gt,ungoverned,RS,2,5,,G01-00028,1,release,0,0,-,no-governance,,2
P0317,paraphrase,polite,S_ACC:E_S_ACC,gt,menu,RS,2,5,,G01-00028,1,release,0,0,menu,template-level,,2
P0317,paraphrase,polite,S_ACC:E_S_ACC,gt,abac_perm,RS,2,5,,G01-00028,1,release,0,0,abac_perm,cell-open(≤2) tier-blind,,2
P0317,paraphrase,polite,S_ACC:E_S_ACC,gt,abac_restr,RS,2,5,,G01-00028,1,release,0,0,abac_restr,tier 2<=max 2,,2
P0317,paraphrase,polite,S_ACC:E_S_ACC,gt,idpdm,RS,2,5,,G01-00028,1,release,0,0,R3,R3:ok,,2
P0318,paraphrase,reorder,S_ACC:E_S_ACC,gt,ungoverned,RS,2,5,,G01-00028,1,release,0,0,-,no-governance,,2
P0318,paraphrase,reorder,S_ACC:E_S_ACC,gt,menu,RS,2,5,,G01-00028,1,release,0,0,menu,template-level,,2
P0318,paraphrase,reorder,S_ACC:E_S_ACC,gt,abac_perm,RS,2,5,,G01-00028,1,release,0,0,abac_perm,cell-open(≤2) tier-blind,,2
P0318,paraphrase,reorder,S_ACC:E_S_ACC,gt,abac_restr,RS,2,5,,G01-00028,1,release,0,0,abac_restr,tier 2<=max 2,,2
P0318,paraphrase,reorder,S_ACC:E_S_ACC,gt,idpdm,RS,2,5,,G01-00028,1,release,0,0,R3,R3:ok,,2
P0319,paraphrase,polite,S_ACC:E_S_ACC,gt,ungoverned,RS,2,5,,G01-00053,1,release,0,0,-,no-governance,,2
P0319,paraphrase,polite,S_ACC:E_S_ACC,gt,menu,RS,2,5,,G01-00053,1,release,0,0,menu,template-level,,2
P0319,paraphrase,polite,S_ACC:E_S_ACC,gt,abac_perm,RS,2,5,,G01-00053,1,release,0,0,abac_perm,cell-open(≤2) tier-blind,,2
P0319,paraphrase,polite,S_ACC:E_S_ACC,gt,abac_restr,RS,2,5,,G01-00053,1,release,0,0,abac_restr,tier 2<=max 2,,2
P0319,paraphrase,polite,S_ACC:E_S_ACC,gt,idpdm,RS,2,5,,G01-00053,1,release,0,0,R3,R3:ok,,2
P0320,paraphrase,reorder,S_ACC:E_S_ACC,gt,ungoverned,RS,2,5,,G01-00053,1,release,0,0,-,no-governance,,2
P0320,paraphrase,reorder,S_ACC:E_S_ACC,gt,menu,RS,2,5,,G01-00053,1,release,0,0,menu,template-level,,2
P0320,paraphrase,reorder,S_ACC:E_S_ACC,gt,abac_perm,RS,2,5,,G01-00053,1,release,0,0,abac_perm,cell-open(≤2) tier-blind,,2
P0320,paraphrase,reorder,S_ACC:E_S_ACC,gt,abac_restr,RS,2,5,,G01-00053,1,release,0,0,abac_restr,tier 2<=max 2,,2
P0320,paraphrase,reorder,S_ACC:E_S_ACC,gt,idpdm,RS,2,5,,G01-00053,1,release,0,0,R3,R3:ok,,2
P0321,paraphrase,polite,B_RHQ:E_B_RHQ,gt,ungoverned,RS,2,5,,G01-00029,1,release,0,0,-,no-governance,,2
P0321,paraphrase,polite,B_RHQ:E_B_RHQ,gt,menu,RS,2,5,,G01-00029,1,release,0,0,menu,template-level,,2
P0321,paraphrase,polite,B_RHQ:E_B_RHQ,gt,abac_perm,RS,2,5,,G01-00029,1,release,0,0,abac_perm,cell-open(≤2) tier-blind,,2
P0321,paraphrase,polite,B_RHQ:E_B_RHQ,gt,abac_restr,RS,2,5,,G01-00029,1,release,0,0,abac_restr,tier 2<=max 2,,2
P0321,paraphrase,polite,B_RHQ:E_B_RHQ,gt,idpdm,RS,2,5,,G01-00029,1,release,0,0,R3,R3:ok,,2
P0322,paraphrase,reorder,B_RHQ:E_B_RHQ,gt,ungoverned,RS,2,5,,G01-00029,1,release,0,0,-,no-governance,,2
P0322,paraphrase,reorder,B_RHQ:E_B_RHQ,gt,menu,RS,2,5,,G01-00029,1,release,0,0,menu,template-level,,2
P0322,paraphrase,reorder,B_RHQ:E_B_RHQ,gt,abac_perm,RS,2,5,,G01-00029,1,release,0,0,abac_perm,cell-open(≤2) tier-blind,,2
P0322,paraphrase,reorder,B_RHQ:E_B_RHQ,gt,abac_restr,RS,2,5,,G01-00029,1,release,0,0,abac_restr,tier 2<=max 2,,2
P0322,paraphrase,reorder,B_RHQ:E_B_RHQ,gt,idpdm,RS,2,5,,G01-00029,1,release,0,0,R3,R3:ok,,2
P0323,paraphrase,polite,B_RHQ:E_B_RHQ,gt,ungoverned,RS,2,5,,G01-00007,1,release,0,0,-,no-governance,,2
P0323,paraphrase,polite,B_RHQ:E_B_RHQ,gt,menu,RS,2,5,,G01-00007,1,release,0,0,menu,template-level,,2
P0323,paraphrase,polite,B_RHQ:E_B_RHQ,gt,abac_perm,RS,2,5,,G01-00007,1,release,0,0,abac_perm,cell-open(≤2) tier-blind,,2
P0323,paraphrase,polite,B_RHQ:E_B_RHQ,gt,abac_restr,RS,2,5,,G01-00007,1,release,0,0,abac_restr,tier 2<=max 2,,2
P0323,paraphrase,polite,B_RHQ:E_B_RHQ,gt,idpdm,RS,2,5,,G01-00007,1,release,0,0,R3,R3:ok,,2
P0324,paraphrase,reorder,B_RHQ:E_B_RHQ,gt,ungoverned,RS,2,5,,G01-00007,1,release,0,0,-,no-governance,,2
P0324,paraphrase,reorder,B_RHQ:E_B_RHQ,gt,menu,RS,2,5,,G01-00007,1,release,0,0,menu,template-level,,2
P0324,paraphrase,reorder,B_RHQ:E_B_RHQ,gt,abac_perm,RS,2,5,,G01-00007,1,release,0,0,abac_perm,cell-open(≤2) tier-blind,,2
P0324,paraphrase,reorder,B_RHQ:E_B_RHQ,gt,abac_restr,RS,2,5,,G01-00007,1,release,0,0,abac_restr,tier 2<=max 2,,2
P0324,paraphrase,reorder,B_RHQ:E_B_RHQ,gt,idpdm,RS,2,5,,G01-00007,1,release,0,0,R3,R3:ok,,2
P0325,paraphrase,polite,H_HR:E_H_HR,gt,ungoverned,RS,2,5,,G01-00004,1,release,0,0,-,no-governance,,2
P0325,paraphrase,polite,H_HR:E_H_HR,gt,menu,RS,2,5,,G01-00004,1,release,0,0,menu,template-level,,2
P0325,paraphrase,polite,H_HR:E_H_HR,gt,abac_perm,RS,2,5,,G01-00004,1,release,0,0,abac_perm,cell-open(≤2) tier-blind,,2
P0325,paraphrase,polite,H_HR:E_H_HR,gt,abac_restr,RS,2,5,,G01-00004,1,release,0,0,abac_restr,tier 2<=max 2,,2
P0325,paraphrase,polite,H_HR:E_H_HR,gt,idpdm,RS,2,5,,G01-00004,1,release,0,0,R3,R3:ok,,2
P0326,paraphrase,reorder,H_HR:E_H_HR,gt,ungoverned,RS,2,5,,G01-00004,1,release,0,0,-,no-governance,,2
P0326,paraphrase,reorder,H_HR:E_H_HR,gt,menu,RS,2,5,,G01-00004,1,release,0,0,menu,template-level,,2
P0326,paraphrase,reorder,H_HR:E_H_HR,gt,abac_perm,RS,2,5,,G01-00004,1,release,0,0,abac_perm,cell-open(≤2) tier-blind,,2
P0326,paraphrase,reorder,H_HR:E_H_HR,gt,abac_restr,RS,2,5,,G01-00004,1,release,0,0,abac_restr,tier 2<=max 2,,2
P0326,paraphrase,reorder,H_HR:E_H_HR,gt,idpdm,RS,2,5,,G01-00004,1,release,0,0,R3,R3:ok,,2
P0327,paraphrase,polite,H_HR:E_H_HR,gt,ungoverned,RS,2,5,,G01-00013,1,release,0,0,-,no-governance,,2
P0327,paraphrase,polite,H_HR:E_H_HR,gt,menu,RS,2,5,,G01-00013,1,release,0,0,menu,template-level,,2
P0327,paraphrase,polite,H_HR:E_H_HR,gt,abac_perm,RS,2,5,,G01-00013,1,release,0,0,abac_perm,cell-open(≤2) tier-blind,,2
P0327,paraphrase,polite,H_HR:E_H_HR,gt,abac_restr,RS,2,5,,G01-00013,1,release,0,0,abac_restr,tier 2<=max 2,,2
P0327,paraphrase,polite,H_HR:E_H_HR,gt,idpdm,RS,2,5,,G01-00013,1,release,0,0,R3,R3:ok,,2
P0328,paraphrase,reorder,H_HR:E_H_HR,gt,ungoverned,RS,2,5,,G01-00013,1,release,0,0,-,no-governance,,2
P0328,paraphrase,reorder,H_HR:E_H_HR,gt,menu,RS,2,5,,G01-00013,1,release,0,0,menu,template-level,,2
P0328,paraphrase,reorder,H_HR:E_H_HR,gt,abac_perm,RS,2,5,,G01-00013,1,release,0,0,abac_perm,cell-open(≤2) tier-blind,,2
P0328,paraphrase,reorder,H_HR:E_H_HR,gt,abac_restr,RS,2,5,,G01-00013,1,release,0,0,abac_restr,tier 2<=max 2,,2
P0328,paraphrase,reorder,H_HR:E_H_HR,gt,idpdm,RS,2,5,,G01-00013,1,release,0,0,R3,R3:ok,,2
P0329,paraphrase,polite,F_PAY:E_F_PAY,gt,ungoverned,RS,2,5,,G01-00044,1,release,0,0,-,no-governance,,2
P0329,paraphrase,polite,F_PAY:E_F_PAY,gt,menu,RS,2,5,,G01-00044,1,release,0,0,menu,template-level,,2
P0329,paraphrase,polite,F_PAY:E_F_PAY,gt,abac_perm,RS,2,5,,G01-00044,1,release,0,0,abac_perm,cell-open(≤2) tier-blind,,2
P0329,paraphrase,polite,F_PAY:E_F_PAY,gt,abac_restr,RS,2,5,,G01-00044,1,release,0,0,abac_restr,tier 2<=max 2,,2
P0329,paraphrase,polite,F_PAY:E_F_PAY,gt,idpdm,RS,2,5,,G01-00044,1,release,0,0,R3,R3:ok,,2
P0330,paraphrase,reorder,F_PAY:E_F_PAY,gt,ungoverned,RS,2,5,,G01-00044,1,release,0,0,-,no-governance,,2
P0330,paraphrase,reorder,F_PAY:E_F_PAY,gt,menu,RS,2,5,,G01-00044,1,release,0,0,menu,template-level,,2
P0330,paraphrase,reorder,F_PAY:E_F_PAY,gt,abac_perm,RS,2,5,,G01-00044,1,release,0,0,abac_perm,cell-open(≤2) tier-blind,,2
P0330,paraphrase,reorder,F_PAY:E_F_PAY,gt,abac_restr,RS,2,5,,G01-00044,1,release,0,0,abac_restr,tier 2<=max 2,,2
P0330,paraphrase,reorder,F_PAY:E_F_PAY,gt,idpdm,RS,2,5,,G01-00044,1,release,0,0,R3,R3:ok,,2
P0331,paraphrase,polite,F_PAY:E_F_PAY,gt,ungoverned,RS,2,5,,G01-00026,1,release,0,0,-,no-governance,,2
P0331,paraphrase,polite,F_PAY:E_F_PAY,gt,menu,RS,2,5,,G01-00026,1,release,0,0,menu,template-level,,2
P0331,paraphrase,polite,F_PAY:E_F_PAY,gt,abac_perm,RS,2,5,,G01-00026,1,release,0,0,abac_perm,cell-open(≤2) tier-blind,,2
P0331,paraphrase,polite,F_PAY:E_F_PAY,gt,abac_restr,RS,2,5,,G01-00026,1,release,0,0,abac_restr,tier 2<=max 2,,2
P0331,paraphrase,polite,F_PAY:E_F_PAY,gt,idpdm,RS,2,5,,G01-00026,1,release,0,0,R3,R3:ok,,2
P0332,paraphrase,reorder,F_PAY:E_F_PAY,gt,ungoverned,RS,2,5,,G01-00026,1,release,0,0,-,no-governance,,2
P0332,paraphrase,reorder,F_PAY:E_F_PAY,gt,menu,RS,2,5,,G01-00026,1,release,0,0,menu,template-level,,2
P0332,paraphrase,reorder,F_PAY:E_F_PAY,gt,abac_perm,RS,2,5,,G01-00026,1,release,0,0,abac_perm,cell-open(≤2) tier-blind,,2
P0332,paraphrase,reorder,F_PAY:E_F_PAY,gt,abac_restr,RS,2,5,,G01-00026,1,release,0,0,abac_restr,tier 2<=max 2,,2
P0332,paraphrase,reorder,F_PAY:E_F_PAY,gt,idpdm,RS,2,5,,G01-00026,1,release,0,0,R3,R3:ok,,2
P0333,paraphrase,polite,F_CMP:E_F_CMP,gt,ungoverned,RS,2,5,,G01-00059,1,release,0,0,-,no-governance,,2
P0333,paraphrase,polite,F_CMP:E_F_CMP,gt,menu,RS,2,5,,G01-00059,1,release,0,0,menu,template-level,,2
P0333,paraphrase,polite,F_CMP:E_F_CMP,gt,abac_perm,RS,2,5,,G01-00059,1,release,0,0,abac_perm,cell-open(≤2) tier-blind,,2
P0333,paraphrase,polite,F_CMP:E_F_CMP,gt,abac_restr,RS,2,5,,G01-00059,1,release,0,0,abac_restr,tier 2<=max 2,,2
P0333,paraphrase,polite,F_CMP:E_F_CMP,gt,idpdm,RS,2,5,,G01-00059,1,release,0,0,R3,R3:ok,,2
P0334,paraphrase,reorder,F_CMP:E_F_CMP,gt,ungoverned,RS,2,5,,G01-00059,1,release,0,0,-,no-governance,,2
P0334,paraphrase,reorder,F_CMP:E_F_CMP,gt,menu,RS,2,5,,G01-00059,1,release,0,0,menu,template-level,,2
P0334,paraphrase,reorder,F_CMP:E_F_CMP,gt,abac_perm,RS,2,5,,G01-00059,1,release,0,0,abac_perm,cell-open(≤2) tier-blind,,2
P0334,paraphrase,reorder,F_CMP:E_F_CMP,gt,abac_restr,RS,2,5,,G01-00059,1,release,0,0,abac_restr,tier 2<=max 2,,2
P0334,paraphrase,reorder,F_CMP:E_F_CMP,gt,idpdm,RS,2,5,,G01-00059,1,release,0,0,R3,R3:ok,,2
P0335,paraphrase,polite,F_CMP:E_F_CMP,gt,ungoverned,RS,2,5,,G01-00022,1,release,0,0,-,no-governance,,2
P0335,paraphrase,polite,F_CMP:E_F_CMP,gt,menu,RS,2,5,,G01-00022,1,release,0,0,menu,template-level,,2
P0335,paraphrase,polite,F_CMP:E_F_CMP,gt,abac_perm,RS,2,5,,G01-00022,1,release,0,0,abac_perm,cell-open(≤2) tier-blind,,2
P0335,paraphrase,polite,F_CMP:E_F_CMP,gt,abac_restr,RS,2,5,,G01-00022,1,release,0,0,abac_restr,tier 2<=max 2,,2
P0335,paraphrase,polite,F_CMP:E_F_CMP,gt,idpdm,RS,2,5,,G01-00022,1,release,0,0,R3,R3:ok,,2
P0336,paraphrase,reorder,F_CMP:E_F_CMP,gt,ungoverned,RS,2,5,,G01-00022,1,release,0,0,-,no-governance,,2
P0336,paraphrase,reorder,F_CMP:E_F_CMP,gt,menu,RS,2,5,,G01-00022,1,release,0,0,menu,template-level,,2
P0336,paraphrase,reorder,F_CMP:E_F_CMP,gt,abac_perm,RS,2,5,,G01-00022,1,release,0,0,abac_perm,cell-open(≤2) tier-blind,,2
P0336,paraphrase,reorder,F_CMP:E_F_CMP,gt,abac_restr,RS,2,5,,G01-00022,1,release,0,0,abac_restr,tier 2<=max 2,,2
P0336,paraphrase,reorder,F_CMP:E_F_CMP,gt,idpdm,RS,2,5,,G01-00022,1,release,0,0,R3,R3:ok,,2
P0337,paraphrase,polite,F_SEC:E_F_SEC,gt,ungoverned,AL,2,5,,G11-02412,1,release,0,0,-,no-governance,,2
P0337,paraphrase,polite,F_SEC:E_F_SEC,gt,menu,AL,2,5,,G11-02412,1,release,0,0,menu,template-level,,2
P0337,paraphrase,polite,F_SEC:E_F_SEC,gt,abac_perm,AL,2,5,,G11-02412,1,release,0,0,abac_perm,cell-open(≤3) tier-blind,,2
P0337,paraphrase,polite,F_SEC:E_F_SEC,gt,abac_restr,AL,2,5,,G11-02412,1,release,0,0,abac_restr,tier 2<=max 3,,2
P0337,paraphrase,polite,F_SEC:E_F_SEC,gt,idpdm,AL,2,5,,G11-02412,1,release,0,0,R3,R3:ok,,2
P0338,paraphrase,reorder,F_SEC:E_F_SEC,gt,ungoverned,AL,2,5,,G11-02412,1,release,0,0,-,no-governance,,2
P0338,paraphrase,reorder,F_SEC:E_F_SEC,gt,menu,AL,2,5,,G11-02412,1,release,0,0,menu,template-level,,2
P0338,paraphrase,reorder,F_SEC:E_F_SEC,gt,abac_perm,AL,2,5,,G11-02412,1,release,0,0,abac_perm,cell-open(≤3) tier-blind,,2
P0338,paraphrase,reorder,F_SEC:E_F_SEC,gt,abac_restr,AL,2,5,,G11-02412,1,release,0,0,abac_restr,tier 2<=max 3,,2
P0338,paraphrase,reorder,F_SEC:E_F_SEC,gt,idpdm,AL,2,5,,G11-02412,1,release,0,0,R3,R3:ok,,2
P0339,paraphrase,polite,F_SEC:E_F_SEC,gt,ungoverned,AL,2,5,,G11-02411,1,release,0,0,-,no-governance,,2
P0339,paraphrase,polite,F_SEC:E_F_SEC,gt,menu,AL,2,5,,G11-02411,1,release,0,0,menu,template-level,,2
P0339,paraphrase,polite,F_SEC:E_F_SEC,gt,abac_perm,AL,2,5,,G11-02411,1,release,0,0,abac_perm,cell-open(≤3) tier-blind,,2
P0339,paraphrase,polite,F_SEC:E_F_SEC,gt,abac_restr,AL,2,5,,G11-02411,1,release,0,0,abac_restr,tier 2<=max 3,,2
P0339,paraphrase,polite,F_SEC:E_F_SEC,gt,idpdm,AL,2,5,,G11-02411,1,release,0,0,R3,R3:ok,,2
P0340,paraphrase,reorder,F_SEC:E_F_SEC,gt,ungoverned,AL,2,5,,G11-02411,1,release,0,0,-,no-governance,,2
P0340,paraphrase,reorder,F_SEC:E_F_SEC,gt,menu,AL,2,5,,G11-02411,1,release,0,0,menu,template-level,,2
P0340,paraphrase,reorder,F_SEC:E_F_SEC,gt,abac_perm,AL,2,5,,G11-02411,1,release,0,0,abac_perm,cell-open(≤3) tier-blind,,2
P0340,paraphrase,reorder,F_SEC:E_F_SEC,gt,abac_restr,AL,2,5,,G11-02411,1,release,0,0,abac_restr,tier 2<=max 3,,2
P0340,paraphrase,reorder,F_SEC:E_F_SEC,gt,idpdm,AL,2,5,,G11-02411,1,release,0,0,R3,R3:ok,,2
P0341,paraphrase,polite,F_CMP:E_F_CMP,gt,ungoverned,AL,2,5,,G11-02444,1,release,0,0,-,no-governance,,2
P0341,paraphrase,polite,F_CMP:E_F_CMP,gt,menu,AL,2,5,,G11-02444,1,release,0,0,menu,template-level,,2
P0341,paraphrase,polite,F_CMP:E_F_CMP,gt,abac_perm,AL,2,5,,G11-02444,1,release,0,0,abac_perm,cell-open(≤3) tier-blind,,2
P0341,paraphrase,polite,F_CMP:E_F_CMP,gt,abac_restr,AL,2,5,,G11-02444,1,release,0,0,abac_restr,tier 2<=max 3,,2
P0341,paraphrase,polite,F_CMP:E_F_CMP,gt,idpdm,AL,2,5,,G11-02444,1,release,0,0,R3,R3:ok,,2
P0342,paraphrase,reorder,F_CMP:E_F_CMP,gt,ungoverned,AL,2,5,,G11-02444,1,release,0,0,-,no-governance,,2
P0342,paraphrase,reorder,F_CMP:E_F_CMP,gt,menu,AL,2,5,,G11-02444,1,release,0,0,menu,template-level,,2
P0342,paraphrase,reorder,F_CMP:E_F_CMP,gt,abac_perm,AL,2,5,,G11-02444,1,release,0,0,abac_perm,cell-open(≤3) tier-blind,,2
P0342,paraphrase,reorder,F_CMP:E_F_CMP,gt,abac_restr,AL,2,5,,G11-02444,1,release,0,0,abac_restr,tier 2<=max 3,,2
P0342,paraphrase,reorder,F_CMP:E_F_CMP,gt,idpdm,AL,2,5,,G11-02444,1,release,0,0,R3,R3:ok,,2
P0343,paraphrase,polite,F_CMP:E_F_CMP,gt,ungoverned,AL,2,5,,G11-02411,1,release,0,0,-,no-governance,,2
P0343,paraphrase,polite,F_CMP:E_F_CMP,gt,menu,AL,2,5,,G11-02411,1,release,0,0,menu,template-level,,2
P0343,paraphrase,polite,F_CMP:E_F_CMP,gt,abac_perm,AL,2,5,,G11-02411,1,release,0,0,abac_perm,cell-open(≤3) tier-blind,,2
P0343,paraphrase,polite,F_CMP:E_F_CMP,gt,abac_restr,AL,2,5,,G11-02411,1,release,0,0,abac_restr,tier 2<=max 3,,2
P0343,paraphrase,polite,F_CMP:E_F_CMP,gt,idpdm,AL,2,5,,G11-02411,1,release,0,0,R3,R3:ok,,2
P0344,paraphrase,reorder,F_CMP:E_F_CMP,gt,ungoverned,AL,2,5,,G11-02411,1,release,0,0,-,no-governance,,2
P0344,paraphrase,reorder,F_CMP:E_F_CMP,gt,menu,AL,2,5,,G11-02411,1,release,0,0,menu,template-level,,2
P0344,paraphrase,reorder,F_CMP:E_F_CMP,gt,abac_perm,AL,2,5,,G11-02411,1,release,0,0,abac_perm,cell-open(≤3) tier-blind,,2
P0344,paraphrase,reorder,F_CMP:E_F_CMP,gt,abac_restr,AL,2,5,,G11-02411,1,release,0,0,abac_restr,tier 2<=max 3,,2
P0344,paraphrase,reorder,F_CMP:E_F_CMP,gt,idpdm,AL,2,5,,G11-02411,1,release,0,0,R3,R3:ok,,2
P0345,paraphrase,polite,F_SEC:E_F_SEC,gt,ungoverned,AL,3,5,,G11-02348,1,release,0,0,-,no-governance,,3
P0345,paraphrase,polite,F_SEC:E_F_SEC,gt,menu,AL,3,5,,G11-02348,1,release,0,0,menu,template-level,,3
P0345,paraphrase,polite,F_SEC:E_F_SEC,gt,abac_perm,AL,3,5,,G11-02348,1,release,0,0,abac_perm,cell-open(≤3) tier-blind,,3
P0345,paraphrase,polite,F_SEC:E_F_SEC,gt,abac_restr,AL,3,5,,G11-02348,1,release,0,0,abac_restr,tier 3<=max 3,,3
P0345,paraphrase,polite,F_SEC:E_F_SEC,gt,idpdm,AL,3,5,,G11-02348,1,release,0,0,R3,R3:ok,,3
P0346,paraphrase,reorder,F_SEC:E_F_SEC,gt,ungoverned,AL,3,5,,G11-02348,1,release,0,0,-,no-governance,,3
P0346,paraphrase,reorder,F_SEC:E_F_SEC,gt,menu,AL,3,5,,G11-02348,1,release,0,0,menu,template-level,,3
P0346,paraphrase,reorder,F_SEC:E_F_SEC,gt,abac_perm,AL,3,5,,G11-02348,1,release,0,0,abac_perm,cell-open(≤3) tier-blind,,3
P0346,paraphrase,reorder,F_SEC:E_F_SEC,gt,abac_restr,AL,3,5,,G11-02348,1,release,0,0,abac_restr,tier 3<=max 3,,3
P0346,paraphrase,reorder,F_SEC:E_F_SEC,gt,idpdm,AL,3,5,,G11-02348,1,release,0,0,R3,R3:ok,,3
P0347,paraphrase,polite,F_SEC:E_F_SEC,gt,ungoverned,AL,3,5,,G11-02321,1,release,0,0,-,no-governance,,3
P0347,paraphrase,polite,F_SEC:E_F_SEC,gt,menu,AL,3,5,,G11-02321,1,release,0,0,menu,template-level,,3
P0347,paraphrase,polite,F_SEC:E_F_SEC,gt,abac_perm,AL,3,5,,G11-02321,1,release,0,0,abac_perm,cell-open(≤3) tier-blind,,3
P0347,paraphrase,polite,F_SEC:E_F_SEC,gt,abac_restr,AL,3,5,,G11-02321,1,release,0,0,abac_restr,tier 3<=max 3,,3
P0347,paraphrase,polite,F_SEC:E_F_SEC,gt,idpdm,AL,3,5,,G11-02321,1,release,0,0,R3,R3:ok,,3
P0348,paraphrase,reorder,F_SEC:E_F_SEC,gt,ungoverned,AL,3,5,,G11-02321,1,release,0,0,-,no-governance,,3
P0348,paraphrase,reorder,F_SEC:E_F_SEC,gt,menu,AL,3,5,,G11-02321,1,release,0,0,menu,template-level,,3
P0348,paraphrase,reorder,F_SEC:E_F_SEC,gt,abac_perm,AL,3,5,,G11-02321,1,release,0,0,abac_perm,cell-open(≤3) tier-blind,,3
P0348,paraphrase,reorder,F_SEC:E_F_SEC,gt,abac_restr,AL,3,5,,G11-02321,1,release,0,0,abac_restr,tier 3<=max 3,,3
P0348,paraphrase,reorder,F_SEC:E_F_SEC,gt,idpdm,AL,3,5,,G11-02321,1,release,0,0,R3,R3:ok,,3
P0349,paraphrase,polite,F_CMP:E_F_CMP,gt,ungoverned,AL,3,5,,G11-02337,1,release,0,0,-,no-governance,,3
P0349,paraphrase,polite,F_CMP:E_F_CMP,gt,menu,AL,3,5,,G11-02337,1,release,0,0,menu,template-level,,3
P0349,paraphrase,polite,F_CMP:E_F_CMP,gt,abac_perm,AL,3,5,,G11-02337,1,release,0,0,abac_perm,cell-open(≤3) tier-blind,,3
P0349,paraphrase,polite,F_CMP:E_F_CMP,gt,abac_restr,AL,3,5,,G11-02337,1,release,0,0,abac_restr,tier 3<=max 3,,3
P0349,paraphrase,polite,F_CMP:E_F_CMP,gt,idpdm,AL,3,5,,G11-02337,1,release,0,0,R3,R3:ok,,3
P0350,paraphrase,reorder,F_CMP:E_F_CMP,gt,ungoverned,AL,3,5,,G11-02337,1,release,0,0,-,no-governance,,3
P0350,paraphrase,reorder,F_CMP:E_F_CMP,gt,menu,AL,3,5,,G11-02337,1,release,0,0,menu,template-level,,3
P0350,paraphrase,reorder,F_CMP:E_F_CMP,gt,abac_perm,AL,3,5,,G11-02337,1,release,0,0,abac_perm,cell-open(≤3) tier-blind,,3
P0350,paraphrase,reorder,F_CMP:E_F_CMP,gt,abac_restr,AL,3,5,,G11-02337,1,release,0,0,abac_restr,tier 3<=max 3,,3
P0350,paraphrase,reorder,F_CMP:E_F_CMP,gt,idpdm,AL,3,5,,G11-02337,1,release,0,0,R3,R3:ok,,3
P0351,paraphrase,polite,F_CMP:E_F_CMP,gt,ungoverned,AL,3,5,,G11-02327,1,release,0,0,-,no-governance,,3
P0351,paraphrase,polite,F_CMP:E_F_CMP,gt,menu,AL,3,5,,G11-02327,1,release,0,0,menu,template-level,,3
P0351,paraphrase,polite,F_CMP:E_F_CMP,gt,abac_perm,AL,3,5,,G11-02327,1,release,0,0,abac_perm,cell-open(≤3) tier-blind,,3
P0351,paraphrase,polite,F_CMP:E_F_CMP,gt,abac_restr,AL,3,5,,G11-02327,1,release,0,0,abac_restr,tier 3<=max 3,,3
P0351,paraphrase,polite,F_CMP:E_F_CMP,gt,idpdm,AL,3,5,,G11-02327,1,release,0,0,R3,R3:ok,,3
P0352,paraphrase,reorder,F_CMP:E_F_CMP,gt,ungoverned,AL,3,5,,G11-02327,1,release,0,0,-,no-governance,,3
P0352,paraphrase,reorder,F_CMP:E_F_CMP,gt,menu,AL,3,5,,G11-02327,1,release,0,0,menu,template-level,,3
P0352,paraphrase,reorder,F_CMP:E_F_CMP,gt,abac_perm,AL,3,5,,G11-02327,1,release,0,0,abac_perm,cell-open(≤3) tier-blind,,3
P0352,paraphrase,reorder,F_CMP:E_F_CMP,gt,abac_restr,AL,3,5,,G11-02327,1,release,0,0,abac_restr,tier 3<=max 3,,3
P0352,paraphrase,reorder,F_CMP:E_F_CMP,gt,idpdm,AL,3,5,,G11-02327,1,release,0,0,R3,R3:ok,,3
P0353,paraphrase,polite,F_SAL:E_F_SAL,gt,ungoverned,RM,1,5,,G06-00081,1,release,0,0,-,no-governance,,1
P0353,paraphrase,polite,F_SAL:E_F_SAL,gt,menu,RM,1,5,,G06-00081,1,release,0,0,menu,template-level,,1
P0353,paraphrase,polite,F_SAL:E_F_SAL,gt,abac_perm,RM,1,5,,G06-00081,1,release,0,0,abac_perm,cell-open(≤2) tier-blind,,1
P0353,paraphrase,polite,F_SAL:E_F_SAL,gt,abac_restr,RM,1,5,,G06-00081,1,release,0,0,abac_restr,tier 1<=max 2,,1
P0353,paraphrase,polite,F_SAL:E_F_SAL,gt,idpdm,RM,1,5,,G06-00081,1,release,0,0,R3,R3:ok,,1
P0354,paraphrase,reorder,F_SAL:E_F_SAL,gt,ungoverned,RM,1,5,,G06-00081,1,release,0,0,-,no-governance,,1
P0354,paraphrase,reorder,F_SAL:E_F_SAL,gt,menu,RM,1,5,,G06-00081,1,release,0,0,menu,template-level,,1
P0354,paraphrase,reorder,F_SAL:E_F_SAL,gt,abac_perm,RM,1,5,,G06-00081,1,release,0,0,abac_perm,cell-open(≤2) tier-blind,,1
P0354,paraphrase,reorder,F_SAL:E_F_SAL,gt,abac_restr,RM,1,5,,G06-00081,1,release,0,0,abac_restr,tier 1<=max 2,,1
P0354,paraphrase,reorder,F_SAL:E_F_SAL,gt,idpdm,RM,1,5,,G06-00081,1,release,0,0,R3,R3:ok,,1
P0355,paraphrase,polite,S_DIV:E_S_DIV,gt,ungoverned,RM,1,5,,G06-00081,1,release,0,0,-,no-governance,,1
P0355,paraphrase,polite,S_DIV:E_S_DIV,gt,menu,RM,1,5,,G06-00081,1,release,0,0,menu,template-level,,1
P0355,paraphrase,polite,S_DIV:E_S_DIV,gt,abac_perm,RM,1,5,,G06-00081,1,release,0,0,abac_perm,cell-open(≤1) tier-blind,,1
P0355,paraphrase,polite,S_DIV:E_S_DIV,gt,abac_restr,RM,1,5,,G06-00081,1,release,0,0,abac_restr,tier 1<=max 1,,1
P0355,paraphrase,polite,S_DIV:E_S_DIV,gt,idpdm,RM,1,5,,G06-00081,1,release,0,0,R3,R3:ok,,1
P0356,paraphrase,reorder,S_DIV:E_S_DIV,gt,ungoverned,RM,1,5,,G06-00081,1,release,0,0,-,no-governance,,1
P0356,paraphrase,reorder,S_DIV:E_S_DIV,gt,menu,RM,1,5,,G06-00081,1,release,0,0,menu,template-level,,1
P0356,paraphrase,reorder,S_DIV:E_S_DIV,gt,abac_perm,RM,1,5,,G06-00081,1,release,0,0,abac_perm,cell-open(≤1) tier-blind,,1
P0356,paraphrase,reorder,S_DIV:E_S_DIV,gt,abac_restr,RM,1,5,,G06-00081,1,release,0,0,abac_restr,tier 1<=max 1,,1
P0356,paraphrase,reorder,S_DIV:E_S_DIV,gt,idpdm,RM,1,5,,G06-00081,1,release,0,0,R3,R3:ok,,1
P0357,paraphrase,polite,F_CMP:E_F_CMP,gt,ungoverned,RM,1,5,,SAR-00001,1,release,0,0,-,no-governance,,1
P0357,paraphrase,polite,F_CMP:E_F_CMP,gt,menu,RM,1,5,,SAR-00001,1,release,0,0,menu,template-level,,1
P0357,paraphrase,polite,F_CMP:E_F_CMP,gt,abac_perm,RM,1,5,,SAR-00001,1,release,0,0,abac_perm,cell-open(≤3) tier-blind,,1
P0357,paraphrase,polite,F_CMP:E_F_CMP,gt,abac_restr,RM,1,5,,SAR-00001,1,release,0,0,abac_restr,tier 1<=max 3,,1
P0357,paraphrase,polite,F_CMP:E_F_CMP,gt,idpdm,RM,1,5,,SAR-00001,1,release,0,0,R3,R3:ok,,1
P0358,paraphrase,reorder,F_CMP:E_F_CMP,gt,ungoverned,RM,1,5,,SAR-00001,1,release,0,0,-,no-governance,,1
P0358,paraphrase,reorder,F_CMP:E_F_CMP,gt,menu,RM,1,5,,SAR-00001,1,release,0,0,menu,template-level,,1
P0358,paraphrase,reorder,F_CMP:E_F_CMP,gt,abac_perm,RM,1,5,,SAR-00001,1,release,0,0,abac_perm,cell-open(≤3) tier-blind,,1
P0358,paraphrase,reorder,F_CMP:E_F_CMP,gt,abac_restr,RM,1,5,,SAR-00001,1,release,0,0,abac_restr,tier 1<=max 3,,1
P0358,paraphrase,reorder,F_CMP:E_F_CMP,gt,idpdm,RM,1,5,,SAR-00001,1,release,0,0,R3,R3:ok,,1
P0359,paraphrase,polite,F_CMP:E_F_CMP,gt,ungoverned,RM,1,5,,G06-00081,1,release,0,0,-,no-governance,,1
P0359,paraphrase,polite,F_CMP:E_F_CMP,gt,menu,RM,1,5,,G06-00081,1,release,0,0,menu,template-level,,1
P0359,paraphrase,polite,F_CMP:E_F_CMP,gt,abac_perm,RM,1,5,,G06-00081,1,release,0,0,abac_perm,cell-open(≤3) tier-blind,,1
P0359,paraphrase,polite,F_CMP:E_F_CMP,gt,abac_restr,RM,1,5,,G06-00081,1,release,0,0,abac_restr,tier 1<=max 3,,1
P0359,paraphrase,polite,F_CMP:E_F_CMP,gt,idpdm,RM,1,5,,G06-00081,1,release,0,0,R3,R3:ok,,1
P0360,paraphrase,reorder,F_CMP:E_F_CMP,gt,ungoverned,RM,1,5,,G06-00081,1,release,0,0,-,no-governance,,1
P0360,paraphrase,reorder,F_CMP:E_F_CMP,gt,menu,RM,1,5,,G06-00081,1,release,0,0,menu,template-level,,1
P0360,paraphrase,reorder,F_CMP:E_F_CMP,gt,abac_perm,RM,1,5,,G06-00081,1,release,0,0,abac_perm,cell-open(≤3) tier-blind,,1
P0360,paraphrase,reorder,F_CMP:E_F_CMP,gt,abac_restr,RM,1,5,,G06-00081,1,release,0,0,abac_restr,tier 1<=max 3,,1
P0360,paraphrase,reorder,F_CMP:E_F_CMP,gt,idpdm,RM,1,5,,G06-00081,1,release,0,0,R3,R3:ok,,1
P0361,paraphrase,polite,F_SAL:E_F_SAL,gt,ungoverned,RM,2,5,,G06-00221,1,release,0,0,-,no-governance,,2
P0361,paraphrase,polite,F_SAL:E_F_SAL,gt,menu,RM,2,5,,G06-00221,1,release,0,0,menu,template-level,,2
P0361,paraphrase,polite,F_SAL:E_F_SAL,gt,abac_perm,RM,2,5,,G06-00221,1,release,0,0,abac_perm,cell-open(≤2) tier-blind,,2
P0361,paraphrase,polite,F_SAL:E_F_SAL,gt,abac_restr,RM,2,5,,G06-00221,1,release,0,0,abac_restr,tier 2<=max 2,,2
P0361,paraphrase,polite,F_SAL:E_F_SAL,gt,idpdm,RM,2,5,,G06-00221,1,release,0,0,R3,R3:ok,,2
P0362,paraphrase,reorder,F_SAL:E_F_SAL,gt,ungoverned,RM,2,5,,G06-00221,1,release,0,0,-,no-governance,,2
P0362,paraphrase,reorder,F_SAL:E_F_SAL,gt,menu,RM,2,5,,G06-00221,1,release,0,0,menu,template-level,,2
P0362,paraphrase,reorder,F_SAL:E_F_SAL,gt,abac_perm,RM,2,5,,G06-00221,1,release,0,0,abac_perm,cell-open(≤2) tier-blind,,2
P0362,paraphrase,reorder,F_SAL:E_F_SAL,gt,abac_restr,RM,2,5,,G06-00221,1,release,0,0,abac_restr,tier 2<=max 2,,2
P0362,paraphrase,reorder,F_SAL:E_F_SAL,gt,idpdm,RM,2,5,,G06-00221,1,release,0,0,R3,R3:ok,,2
P0363,paraphrase,polite,F_SAL:E_F_SAL,gt,ungoverned,RM,2,5,,G06-00116,1,release,0,0,-,no-governance,,2
P0363,paraphrase,polite,F_SAL:E_F_SAL,gt,menu,RM,2,5,,G06-00116,1,release,0,0,menu,template-level,,2
P0363,paraphrase,polite,F_SAL:E_F_SAL,gt,abac_perm,RM,2,5,,G06-00116,1,release,0,0,abac_perm,cell-open(≤2) tier-blind,,2
P0363,paraphrase,polite,F_SAL:E_F_SAL,gt,abac_restr,RM,2,5,,G06-00116,1,release,0,0,abac_restr,tier 2<=max 2,,2
P0363,paraphrase,polite,F_SAL:E_F_SAL,gt,idpdm,RM,2,5,,G06-00116,1,release,0,0,R3,R3:ok,,2
P0364,paraphrase,reorder,F_SAL:E_F_SAL,gt,ungoverned,RM,2,5,,G06-00116,1,release,0,0,-,no-governance,,2
P0364,paraphrase,reorder,F_SAL:E_F_SAL,gt,menu,RM,2,5,,G06-00116,1,release,0,0,menu,template-level,,2
P0364,paraphrase,reorder,F_SAL:E_F_SAL,gt,abac_perm,RM,2,5,,G06-00116,1,release,0,0,abac_perm,cell-open(≤2) tier-blind,,2
P0364,paraphrase,reorder,F_SAL:E_F_SAL,gt,abac_restr,RM,2,5,,G06-00116,1,release,0,0,abac_restr,tier 2<=max 2,,2
P0364,paraphrase,reorder,F_SAL:E_F_SAL,gt,idpdm,RM,2,5,,G06-00116,1,release,0,0,R3,R3:ok,,2
P0365,paraphrase,polite,S_ACC:E_S_ACC,gt,ungoverned,RM,2,5,,G06-00281,1,release,0,0,-,no-governance,,2
P0365,paraphrase,polite,S_ACC:E_S_ACC,gt,menu,RM,2,5,,G06-00281,1,release,0,0,menu,template-level,,2
P0365,paraphrase,polite,S_ACC:E_S_ACC,gt,abac_perm,RM,2,5,,G06-00281,1,release,0,0,abac_perm,cell-open(≤2) tier-blind,,2
P0365,paraphrase,polite,S_ACC:E_S_ACC,gt,abac_restr,RM,2,5,,G06-00281,1,release,0,0,abac_restr,tier 2<=max 2,,2
P0365,paraphrase,polite,S_ACC:E_S_ACC,gt,idpdm,RM,2,5,,G06-00281,1,release,0,0,R3,R3:ok,,2
P0366,paraphrase,reorder,S_ACC:E_S_ACC,gt,ungoverned,RM,2,5,,G06-00281,1,release,0,0,-,no-governance,,2
P0366,paraphrase,reorder,S_ACC:E_S_ACC,gt,menu,RM,2,5,,G06-00281,1,release,0,0,menu,template-level,,2
P0366,paraphrase,reorder,S_ACC:E_S_ACC,gt,abac_perm,RM,2,5,,G06-00281,1,release,0,0,abac_perm,cell-open(≤2) tier-blind,,2
P0366,paraphrase,reorder,S_ACC:E_S_ACC,gt,abac_restr,RM,2,5,,G06-00281,1,release,0,0,abac_restr,tier 2<=max 2,,2
P0366,paraphrase,reorder,S_ACC:E_S_ACC,gt,idpdm,RM,2,5,,G06-00281,1,release,0,0,R3,R3:ok,,2
P0367,paraphrase,polite,S_ACC:E_S_ACC,gt,ungoverned,RM,2,5,,G06-00121,1,release,0,0,-,no-governance,,2
P0367,paraphrase,polite,S_ACC:E_S_ACC,gt,menu,RM,2,5,,G06-00121,1,release,0,0,menu,template-level,,2
P0367,paraphrase,polite,S_ACC:E_S_ACC,gt,abac_perm,RM,2,5,,G06-00121,1,release,0,0,abac_perm,cell-open(≤2) tier-blind,,2
P0367,paraphrase,polite,S_ACC:E_S_ACC,gt,abac_restr,RM,2,5,,G06-00121,1,release,0,0,abac_restr,tier 2<=max 2,,2
P0367,paraphrase,polite,S_ACC:E_S_ACC,gt,idpdm,RM,2,5,,G06-00121,1,release,0,0,R3,R3:ok,,2
P0368,paraphrase,reorder,S_ACC:E_S_ACC,gt,ungoverned,RM,2,5,,G06-00121,1,release,0,0,-,no-governance,,2
P0368,paraphrase,reorder,S_ACC:E_S_ACC,gt,menu,RM,2,5,,G06-00121,1,release,0,0,menu,template-level,,2
P0368,paraphrase,reorder,S_ACC:E_S_ACC,gt,abac_perm,RM,2,5,,G06-00121,1,release,0,0,abac_perm,cell-open(≤2) tier-blind,,2
P0368,paraphrase,reorder,S_ACC:E_S_ACC,gt,abac_restr,RM,2,5,,G06-00121,1,release,0,0,abac_restr,tier 2<=max 2,,2
P0368,paraphrase,reorder,S_ACC:E_S_ACC,gt,idpdm,RM,2,5,,G06-00121,1,release,0,0,R3,R3:ok,,2
P0369,paraphrase,polite,F_CMP:E_F_CMP,gt,ungoverned,RM,2,5,,G06-00141,1,release,0,0,-,no-governance,,2
P0369,paraphrase,polite,F_CMP:E_F_CMP,gt,menu,RM,2,5,,G06-00141,1,release,0,0,menu,template-level,,2
P0369,paraphrase,polite,F_CMP:E_F_CMP,gt,abac_perm,RM,2,5,,G06-00141,1,release,0,0,abac_perm,cell-open(≤3) tier-blind,,2
P0369,paraphrase,polite,F_CMP:E_F_CMP,gt,abac_restr,RM,2,5,,G06-00141,1,release,0,0,abac_restr,tier 2<=max 3,,2
P0369,paraphrase,polite,F_CMP:E_F_CMP,gt,idpdm,RM,2,5,,G06-00141,1,release,0,0,R3,R3:ok,,2
P0370,paraphrase,reorder,F_CMP:E_F_CMP,gt,ungoverned,RM,2,5,,G06-00141,1,release,0,0,-,no-governance,,2
P0370,paraphrase,reorder,F_CMP:E_F_CMP,gt,menu,RM,2,5,,G06-00141,1,release,0,0,menu,template-level,,2
P0370,paraphrase,reorder,F_CMP:E_F_CMP,gt,abac_perm,RM,2,5,,G06-00141,1,release,0,0,abac_perm,cell-open(≤3) tier-blind,,2
P0370,paraphrase,reorder,F_CMP:E_F_CMP,gt,abac_restr,RM,2,5,,G06-00141,1,release,0,0,abac_restr,tier 2<=max 3,,2
P0370,paraphrase,reorder,F_CMP:E_F_CMP,gt,idpdm,RM,2,5,,G06-00141,1,release,0,0,R3,R3:ok,,2
P0371,paraphrase,polite,F_CMP:E_F_CMP,gt,ungoverned,RM,2,5,,G06-00156,1,release,0,0,-,no-governance,,2
P0371,paraphrase,polite,F_CMP:E_F_CMP,gt,menu,RM,2,5,,G06-00156,1,release,0,0,menu,template-level,,2
P0371,paraphrase,polite,F_CMP:E_F_CMP,gt,abac_perm,RM,2,5,,G06-00156,1,release,0,0,abac_perm,cell-open(≤3) tier-blind,,2
P0371,paraphrase,polite,F_CMP:E_F_CMP,gt,abac_restr,RM,2,5,,G06-00156,1,release,0,0,abac_restr,tier 2<=max 3,,2
P0371,paraphrase,polite,F_CMP:E_F_CMP,gt,idpdm,RM,2,5,,G06-00156,1,release,0,0,R3,R3:ok,,2
P0372,paraphrase,reorder,F_CMP:E_F_CMP,gt,ungoverned,RM,2,5,,G06-00156,1,release,0,0,-,no-governance,,2
P0372,paraphrase,reorder,F_CMP:E_F_CMP,gt,menu,RM,2,5,,G06-00156,1,release,0,0,menu,template-level,,2
P0372,paraphrase,reorder,F_CMP:E_F_CMP,gt,abac_perm,RM,2,5,,G06-00156,1,release,0,0,abac_perm,cell-open(≤3) tier-blind,,2
P0372,paraphrase,reorder,F_CMP:E_F_CMP,gt,abac_restr,RM,2,5,,G06-00156,1,release,0,0,abac_restr,tier 2<=max 3,,2
P0372,paraphrase,reorder,F_CMP:E_F_CMP,gt,idpdm,RM,2,5,,G06-00156,1,release,0,0,R3,R3:ok,,2
P0373,paraphrase,polite,C_CC:E_C_CC,gt,ungoverned,TA,2,5,,G03-00285,1,release,0,0,-,no-governance,,2
P0373,paraphrase,polite,C_CC:E_C_CC,gt,menu,TA,2,5,,G03-00285,1,release,0,0,menu,template-level,,2
P0373,paraphrase,polite,C_CC:E_C_CC,gt,abac_perm,TA,2,5,,G03-00285,1,release,0,0,abac_perm,cell-open(≤3) tier-blind,,2
P0373,paraphrase,polite,C_CC:E_C_CC,gt,abac_restr,TA,2,5,,G03-00285,1,release,0,0,abac_restr,tier 2<=max 3,,2
P0373,paraphrase,polite,C_CC:E_C_CC,gt,idpdm,TA,2,5,,G03-00285,1,release,0,0,R3,R3:ok,,2
P0374,paraphrase,reorder,C_CC:E_C_CC,gt,ungoverned,TA,2,5,,G03-00285,1,release,0,0,-,no-governance,,2
P0374,paraphrase,reorder,C_CC:E_C_CC,gt,menu,TA,2,5,,G03-00285,1,release,0,0,menu,template-level,,2
P0374,paraphrase,reorder,C_CC:E_C_CC,gt,abac_perm,TA,2,5,,G03-00285,1,release,0,0,abac_perm,cell-open(≤3) tier-blind,,2
P0374,paraphrase,reorder,C_CC:E_C_CC,gt,abac_restr,TA,2,5,,G03-00285,1,release,0,0,abac_restr,tier 2<=max 3,,2
P0374,paraphrase,reorder,C_CC:E_C_CC,gt,idpdm,TA,2,5,,G03-00285,1,release,0,0,R3,R3:ok,,2
P0375,paraphrase,polite,C_CC:E_C_CC,gt,ungoverned,TA,2,5,,G03-00330,1,release,0,0,-,no-governance,,2
P0375,paraphrase,polite,C_CC:E_C_CC,gt,menu,TA,2,5,,G03-00330,1,release,0,0,menu,template-level,,2
P0375,paraphrase,polite,C_CC:E_C_CC,gt,abac_perm,TA,2,5,,G03-00330,1,release,0,0,abac_perm,cell-open(≤3) tier-blind,,2
P0375,paraphrase,polite,C_CC:E_C_CC,gt,abac_restr,TA,2,5,,G03-00330,1,release,0,0,abac_restr,tier 2<=max 3,,2
P0375,paraphrase,polite,C_CC:E_C_CC,gt,idpdm,TA,2,5,,G03-00330,1,release,0,0,R3,R3:ok,,2
P0376,paraphrase,reorder,C_CC:E_C_CC,gt,ungoverned,TA,2,5,,G03-00330,1,release,0,0,-,no-governance,,2
P0376,paraphrase,reorder,C_CC:E_C_CC,gt,menu,TA,2,5,,G03-00330,1,release,0,0,menu,template-level,,2
P0376,paraphrase,reorder,C_CC:E_C_CC,gt,abac_perm,TA,2,5,,G03-00330,1,release,0,0,abac_perm,cell-open(≤3) tier-blind,,2
P0376,paraphrase,reorder,C_CC:E_C_CC,gt,abac_restr,TA,2,5,,G03-00330,1,release,0,0,abac_restr,tier 2<=max 3,,2
P0376,paraphrase,reorder,C_CC:E_C_CC,gt,idpdm,TA,2,5,,G03-00330,1,release,0,0,R3,R3:ok,,2
P0377,paraphrase,polite,F_CMP:E_F_CMP,gt,ungoverned,TA,2,5,,G03-00260,1,release,0,0,-,no-governance,,2
P0377,paraphrase,polite,F_CMP:E_F_CMP,gt,menu,TA,2,5,,G03-00260,1,release,0,0,menu,template-level,,2
P0377,paraphrase,polite,F_CMP:E_F_CMP,gt,abac_perm,TA,2,5,,G03-00260,1,release,0,0,abac_perm,cell-open(≤3) tier-blind,,2
P0377,paraphrase,polite,F_CMP:E_F_CMP,gt,abac_restr,TA,2,5,,G03-00260,1,release,0,0,abac_restr,tier 2<=max 3,,2
P0377,paraphrase,polite,F_CMP:E_F_CMP,gt,idpdm,TA,2,5,,G03-00260,1,release,0,0,R3,R3:ok,,2
P0378,paraphrase,reorder,F_CMP:E_F_CMP,gt,ungoverned,TA,2,5,,G03-00260,1,release,0,0,-,no-governance,,2
P0378,paraphrase,reorder,F_CMP:E_F_CMP,gt,menu,TA,2,5,,G03-00260,1,release,0,0,menu,template-level,,2
P0378,paraphrase,reorder,F_CMP:E_F_CMP,gt,abac_perm,TA,2,5,,G03-00260,1,release,0,0,abac_perm,cell-open(≤3) tier-blind,,2
P0378,paraphrase,reorder,F_CMP:E_F_CMP,gt,abac_restr,TA,2,5,,G03-00260,1,release,0,0,abac_restr,tier 2<=max 3,,2
P0378,paraphrase,reorder,F_CMP:E_F_CMP,gt,idpdm,TA,2,5,,G03-00260,1,release,0,0,R3,R3:ok,,2
P0379,paraphrase,polite,F_CMP:E_F_CMP,gt,ungoverned,TA,2,5,,G03-00155,1,release,0,0,-,no-governance,,2
P0379,paraphrase,polite,F_CMP:E_F_CMP,gt,menu,TA,2,5,,G03-00155,1,release,0,0,menu,template-level,,2
P0379,paraphrase,polite,F_CMP:E_F_CMP,gt,abac_perm,TA,2,5,,G03-00155,1,release,0,0,abac_perm,cell-open(≤3) tier-blind,,2
P0379,paraphrase,polite,F_CMP:E_F_CMP,gt,abac_restr,TA,2,5,,G03-00155,1,release,0,0,abac_restr,tier 2<=max 3,,2
P0379,paraphrase,polite,F_CMP:E_F_CMP,gt,idpdm,TA,2,5,,G03-00155,1,release,0,0,R3,R3:ok,,2
P0380,paraphrase,reorder,F_CMP:E_F_CMP,gt,ungoverned,TA,2,5,,G03-00155,1,release,0,0,-,no-governance,,2
P0380,paraphrase,reorder,F_CMP:E_F_CMP,gt,menu,TA,2,5,,G03-00155,1,release,0,0,menu,template-level,,2
P0380,paraphrase,reorder,F_CMP:E_F_CMP,gt,abac_perm,TA,2,5,,G03-00155,1,release,0,0,abac_perm,cell-open(≤3) tier-blind,,2
P0380,paraphrase,reorder,F_CMP:E_F_CMP,gt,abac_restr,TA,2,5,,G03-00155,1,release,0,0,abac_restr,tier 2<=max 3,,2
P0380,paraphrase,reorder,F_CMP:E_F_CMP,gt,idpdm,TA,2,5,,G03-00155,1,release,0,0,R3,R3:ok,,2
P0381,paraphrase,polite,F_CMP:E_F_CMP,gt,ungoverned,AB,2,5,,G04-00204,1,release,0,0,-,no-governance,,2
P0381,paraphrase,polite,F_CMP:E_F_CMP,gt,menu,AB,2,5,,G04-00204,1,release,0,0,menu,template-level,,2
P0381,paraphrase,polite,F_CMP:E_F_CMP,gt,abac_perm,AB,2,5,,G04-00204,1,release,0,0,abac_perm,cell-open(≤3) tier-blind,,2
P0381,paraphrase,polite,F_CMP:E_F_CMP,gt,abac_restr,AB,2,5,,G04-00204,1,release,0,0,abac_restr,tier 2<=max 3,,2
P0381,paraphrase,polite,F_CMP:E_F_CMP,gt,idpdm,AB,2,5,,G04-00204,1,release,0,0,R3,R3:ok,,2
P0382,paraphrase,reorder,F_CMP:E_F_CMP,gt,ungoverned,AB,2,5,,G04-00204,1,release,0,0,-,no-governance,,2
P0382,paraphrase,reorder,F_CMP:E_F_CMP,gt,menu,AB,2,5,,G04-00204,1,release,0,0,menu,template-level,,2
P0382,paraphrase,reorder,F_CMP:E_F_CMP,gt,abac_perm,AB,2,5,,G04-00204,1,release,0,0,abac_perm,cell-open(≤3) tier-blind,,2
P0382,paraphrase,reorder,F_CMP:E_F_CMP,gt,abac_restr,AB,2,5,,G04-00204,1,release,0,0,abac_restr,tier 2<=max 3,,2
P0382,paraphrase,reorder,F_CMP:E_F_CMP,gt,idpdm,AB,2,5,,G04-00204,1,release,0,0,R3,R3:ok,,2
P0383,paraphrase,polite,F_CMP:E_F_CMP,gt,ungoverned,AB,2,5,,G04-00229,1,release,0,0,-,no-governance,,2
P0383,paraphrase,polite,F_CMP:E_F_CMP,gt,menu,AB,2,5,,G04-00229,1,release,0,0,menu,template-level,,2
P0383,paraphrase,polite,F_CMP:E_F_CMP,gt,abac_perm,AB,2,5,,G04-00229,1,release,0,0,abac_perm,cell-open(≤3) tier-blind,,2
P0383,paraphrase,polite,F_CMP:E_F_CMP,gt,abac_restr,AB,2,5,,G04-00229,1,release,0,0,abac_restr,tier 2<=max 3,,2
P0383,paraphrase,polite,F_CMP:E_F_CMP,gt,idpdm,AB,2,5,,G04-00229,1,release,0,0,R3,R3:ok,,2
P0384,paraphrase,reorder,F_CMP:E_F_CMP,gt,ungoverned,AB,2,5,,G04-00229,1,release,0,0,-,no-governance,,2
P0384,paraphrase,reorder,F_CMP:E_F_CMP,gt,menu,AB,2,5,,G04-00229,1,release,0,0,menu,template-level,,2
P0384,paraphrase,reorder,F_CMP:E_F_CMP,gt,abac_perm,AB,2,5,,G04-00229,1,release,0,0,abac_perm,cell-open(≤3) tier-blind,,2
P0384,paraphrase,reorder,F_CMP:E_F_CMP,gt,abac_restr,AB,2,5,,G04-00229,1,release,0,0,abac_restr,tier 2<=max 3,,2
P0384,paraphrase,reorder,F_CMP:E_F_CMP,gt,idpdm,AB,2,5,,G04-00229,1,release,0,0,R3,R3:ok,,2
P0385,paraphrase,polite,H_HR:E_H_HR,gt,ungoverned,PH,2,5,,G10-02237,1,release,0,0,-,no-governance,,2
P0385,paraphrase,polite,H_HR:E_H_HR,gt,menu,PH,2,5,,G10-02237,1,release,0,0,menu,template-level,,2
P0385,paraphrase,polite,H_HR:E_H_HR,gt,abac_perm,PH,2,5,,G10-02237,1,release,0,0,abac_perm,cell-open(≤3) tier-blind,,2
P0385,paraphrase,polite,H_HR:E_H_HR,gt,abac_restr,PH,2,5,,G10-02237,1,release,0,0,abac_restr,tier 2<=max 3,,2
P0385,paraphrase,polite,H_HR:E_H_HR,gt,idpdm,PH,2,5,,G10-02237,1,release,0,0,R3,R3:ok,,2
P0386,paraphrase,reorder,H_HR:E_H_HR,gt,ungoverned,PH,2,5,,G10-02237,1,release,0,0,-,no-governance,,2
P0386,paraphrase,reorder,H_HR:E_H_HR,gt,menu,PH,2,5,,G10-02237,1,release,0,0,menu,template-level,,2
P0386,paraphrase,reorder,H_HR:E_H_HR,gt,abac_perm,PH,2,5,,G10-02237,1,release,0,0,abac_perm,cell-open(≤3) tier-blind,,2
P0386,paraphrase,reorder,H_HR:E_H_HR,gt,abac_restr,PH,2,5,,G10-02237,1,release,0,0,abac_restr,tier 2<=max 3,,2
P0386,paraphrase,reorder,H_HR:E_H_HR,gt,idpdm,PH,2,5,,G10-02237,1,release,0,0,R3,R3:ok,,2
P0387,paraphrase,polite,H_HR:E_H_HR,gt,ungoverned,PH,2,5,,G10-02233,1,release,0,0,-,no-governance,,2
P0387,paraphrase,polite,H_HR:E_H_HR,gt,menu,PH,2,5,,G10-02233,1,release,0,0,menu,template-level,,2
P0387,paraphrase,polite,H_HR:E_H_HR,gt,abac_perm,PH,2,5,,G10-02233,1,release,0,0,abac_perm,cell-open(≤3) tier-blind,,2
P0387,paraphrase,polite,H_HR:E_H_HR,gt,abac_restr,PH,2,5,,G10-02233,1,release,0,0,abac_restr,tier 2<=max 3,,2
P0387,paraphrase,polite,H_HR:E_H_HR,gt,idpdm,PH,2,5,,G10-02233,1,release,0,0,R3,R3:ok,,2
P0388,paraphrase,reorder,H_HR:E_H_HR,gt,ungoverned,PH,2,5,,G10-02233,1,release,0,0,-,no-governance,,2
P0388,paraphrase,reorder,H_HR:E_H_HR,gt,menu,PH,2,5,,G10-02233,1,release,0,0,menu,template-level,,2
P0388,paraphrase,reorder,H_HR:E_H_HR,gt,abac_perm,PH,2,5,,G10-02233,1,release,0,0,abac_perm,cell-open(≤3) tier-blind,,2
P0388,paraphrase,reorder,H_HR:E_H_HR,gt,abac_restr,PH,2,5,,G10-02233,1,release,0,0,abac_restr,tier 2<=max 3,,2
P0388,paraphrase,reorder,H_HR:E_H_HR,gt,idpdm,PH,2,5,,G10-02233,1,release,0,0,R3,R3:ok,,2
P0389,paraphrase,polite,F_PAY:E_F_PAY,gt,ungoverned,PH,2,5,,G10-02268,1,release,0,0,-,no-governance,,2
P0389,paraphrase,polite,F_PAY:E_F_PAY,gt,menu,PH,2,5,,G10-02268,1,release,0,0,menu,template-level,,2
P0389,paraphrase,polite,F_PAY:E_F_PAY,gt,abac_perm,PH,2,5,,G10-02268,1,release,0,0,abac_perm,cell-open(≤3) tier-blind,,2
P0389,paraphrase,polite,F_PAY:E_F_PAY,gt,abac_restr,PH,2,5,,G10-02268,1,release,0,0,abac_restr,tier 2<=max 3,,2
P0389,paraphrase,polite,F_PAY:E_F_PAY,gt,idpdm,PH,2,5,,G10-02268,1,release,0,0,R3,R3:ok,,2
P0390,paraphrase,reorder,F_PAY:E_F_PAY,gt,ungoverned,PH,2,5,,G10-02268,1,release,0,0,-,no-governance,,2
P0390,paraphrase,reorder,F_PAY:E_F_PAY,gt,menu,PH,2,5,,G10-02268,1,release,0,0,menu,template-level,,2
P0390,paraphrase,reorder,F_PAY:E_F_PAY,gt,abac_perm,PH,2,5,,G10-02268,1,release,0,0,abac_perm,cell-open(≤3) tier-blind,,2
P0390,paraphrase,reorder,F_PAY:E_F_PAY,gt,abac_restr,PH,2,5,,G10-02268,1,release,0,0,abac_restr,tier 2<=max 3,,2
P0390,paraphrase,reorder,F_PAY:E_F_PAY,gt,idpdm,PH,2,5,,G10-02268,1,release,0,0,R3,R3:ok,,2
P0391,paraphrase,polite,F_PAY:E_F_PAY,gt,ungoverned,PH,2,5,,G10-02235,1,release,0,0,-,no-governance,,2
P0391,paraphrase,polite,F_PAY:E_F_PAY,gt,menu,PH,2,5,,G10-02235,1,release,0,0,menu,template-level,,2
P0391,paraphrase,polite,F_PAY:E_F_PAY,gt,abac_perm,PH,2,5,,G10-02235,1,release,0,0,abac_perm,cell-open(≤3) tier-blind,,2
P0391,paraphrase,polite,F_PAY:E_F_PAY,gt,abac_restr,PH,2,5,,G10-02235,1,release,0,0,abac_restr,tier 2<=max 3,,2
P0391,paraphrase,polite,F_PAY:E_F_PAY,gt,idpdm,PH,2,5,,G10-02235,1,release,0,0,R3,R3:ok,,2
P0392,paraphrase,reorder,F_PAY:E_F_PAY,gt,ungoverned,PH,2,5,,G10-02235,1,release,0,0,-,no-governance,,2
P0392,paraphrase,reorder,F_PAY:E_F_PAY,gt,menu,PH,2,5,,G10-02235,1,release,0,0,menu,template-level,,2
P0392,paraphrase,reorder,F_PAY:E_F_PAY,gt,abac_perm,PH,2,5,,G10-02235,1,release,0,0,abac_perm,cell-open(≤3) tier-blind,,2
P0392,paraphrase,reorder,F_PAY:E_F_PAY,gt,abac_restr,PH,2,5,,G10-02235,1,release,0,0,abac_restr,tier 2<=max 3,,2
P0392,paraphrase,reorder,F_PAY:E_F_PAY,gt,idpdm,PH,2,5,,G10-02235,1,release,0,0,R3,R3:ok,,2
P0393,paraphrase,polite,F_CMP:E_F_CMP,gt,ungoverned,PH,2,5,,G10-02225,1,release,0,0,-,no-governance,,2
P0393,paraphrase,polite,F_CMP:E_F_CMP,gt,menu,PH,2,5,,G10-02225,1,release,0,0,menu,template-level,,2
P0393,paraphrase,polite,F_CMP:E_F_CMP,gt,abac_perm,PH,2,5,,G10-02225,1,release,0,0,abac_perm,cell-open(≤3) tier-blind,,2
P0393,paraphrase,polite,F_CMP:E_F_CMP,gt,abac_restr,PH,2,5,,G10-02225,1,release,0,0,abac_restr,tier 2<=max 3,,2
P0393,paraphrase,polite,F_CMP:E_F_CMP,gt,idpdm,PH,2,5,,G10-02225,1,release,0,0,R3,R3:ok,,2
P0394,paraphrase,reorder,F_CMP:E_F_CMP,gt,ungoverned,PH,2,5,,G10-02225,1,release,0,0,-,no-governance,,2
P0394,paraphrase,reorder,F_CMP:E_F_CMP,gt,menu,PH,2,5,,G10-02225,1,release,0,0,menu,template-level,,2
P0394,paraphrase,reorder,F_CMP:E_F_CMP,gt,abac_perm,PH,2,5,,G10-02225,1,release,0,0,abac_perm,cell-open(≤3) tier-blind,,2
P0394,paraphrase,reorder,F_CMP:E_F_CMP,gt,abac_restr,PH,2,5,,G10-02225,1,release,0,0,abac_restr,tier 2<=max 3,,2
P0394,paraphrase,reorder,F_CMP:E_F_CMP,gt,idpdm,PH,2,5,,G10-02225,1,release,0,0,R3,R3:ok,,2
P0395,paraphrase,polite,F_CMP:E_F_CMP,gt,ungoverned,PH,2,5,,G10-02203,1,release,0,0,-,no-governance,,2
P0395,paraphrase,polite,F_CMP:E_F_CMP,gt,menu,PH,2,5,,G10-02203,1,release,0,0,menu,template-level,,2
P0395,paraphrase,polite,F_CMP:E_F_CMP,gt,abac_perm,PH,2,5,,G10-02203,1,release,0,0,abac_perm,cell-open(≤3) tier-blind,,2
P0395,paraphrase,polite,F_CMP:E_F_CMP,gt,abac_restr,PH,2,5,,G10-02203,1,release,0,0,abac_restr,tier 2<=max 3,,2
P0395,paraphrase,polite,F_CMP:E_F_CMP,gt,idpdm,PH,2,5,,G10-02203,1,release,0,0,R3,R3:ok,,2
P0396,paraphrase,reorder,F_CMP:E_F_CMP,gt,ungoverned,PH,2,5,,G10-02203,1,release,0,0,-,no-governance,,2
P0396,paraphrase,reorder,F_CMP:E_F_CMP,gt,menu,PH,2,5,,G10-02203,1,release,0,0,menu,template-level,,2
P0396,paraphrase,reorder,F_CMP:E_F_CMP,gt,abac_perm,PH,2,5,,G10-02203,1,release,0,0,abac_perm,cell-open(≤3) tier-blind,,2
P0396,paraphrase,reorder,F_CMP:E_F_CMP,gt,abac_restr,PH,2,5,,G10-02203,1,release,0,0,abac_restr,tier 2<=max 3,,2
P0396,paraphrase,reorder,F_CMP:E_F_CMP,gt,idpdm,PH,2,5,,G10-02203,1,release,0,0,R3,R3:ok,,2
P0397,paraphrase,polite,H_HR:E_H_HR,gt,ungoverned,PH,3,5,,G10-02144,1,release,0,0,-,no-governance,,3
P0397,paraphrase,polite,H_HR:E_H_HR,gt,menu,PH,3,5,,G10-02144,1,release,0,0,menu,template-level,,3
P0397,paraphrase,polite,H_HR:E_H_HR,gt,abac_perm,PH,3,5,,G10-02144,1,release,0,0,abac_perm,cell-open(≤3) tier-blind,,3
P0397,paraphrase,polite,H_HR:E_H_HR,gt,abac_restr,PH,3,5,,G10-02144,1,release,0,0,abac_restr,tier 3<=max 3,,3
P0397,paraphrase,polite,H_HR:E_H_HR,gt,idpdm,PH,3,5,,G10-02144,1,release,0,0,R3,R3:ok,,3
P0398,paraphrase,reorder,H_HR:E_H_HR,gt,ungoverned,PH,3,5,,G10-02144,1,release,0,0,-,no-governance,,3
P0398,paraphrase,reorder,H_HR:E_H_HR,gt,menu,PH,3,5,,G10-02144,1,release,0,0,menu,template-level,,3
P0398,paraphrase,reorder,H_HR:E_H_HR,gt,abac_perm,PH,3,5,,G10-02144,1,release,0,0,abac_perm,cell-open(≤3) tier-blind,,3
P0398,paraphrase,reorder,H_HR:E_H_HR,gt,abac_restr,PH,3,5,,G10-02144,1,release,0,0,abac_restr,tier 3<=max 3,,3
P0398,paraphrase,reorder,H_HR:E_H_HR,gt,idpdm,PH,3,5,,G10-02144,1,release,0,0,R3,R3:ok,,3
P0399,paraphrase,polite,H_HR:E_H_HR,gt,ungoverned,PH,3,5,,G10-02134,1,release,0,0,-,no-governance,,3
P0399,paraphrase,polite,H_HR:E_H_HR,gt,menu,PH,3,5,,G10-02134,1,release,0,0,menu,template-level,,3
P0399,paraphrase,polite,H_HR:E_H_HR,gt,abac_perm,PH,3,5,,G10-02134,1,release,0,0,abac_perm,cell-open(≤3) tier-blind,,3
P0399,paraphrase,polite,H_HR:E_H_HR,gt,abac_restr,PH,3,5,,G10-02134,1,release,0,0,abac_restr,tier 3<=max 3,,3
P0399,paraphrase,polite,H_HR:E_H_HR,gt,idpdm,PH,3,5,,G10-02134,1,release,0,0,R3,R3:ok,,3
P0400,paraphrase,reorder,H_HR:E_H_HR,gt,ungoverned,PH,3,5,,G10-02134,1,release,0,0,-,no-governance,,3
P0400,paraphrase,reorder,H_HR:E_H_HR,gt,menu,PH,3,5,,G10-02134,1,release,0,0,menu,template-level,,3
P0400,paraphrase,reorder,H_HR:E_H_HR,gt,abac_perm,PH,3,5,,G10-02134,1,release,0,0,abac_perm,cell-open(≤3) tier-blind,,3
P0400,paraphrase,reorder,H_HR:E_H_HR,gt,abac_restr,PH,3,5,,G10-02134,1,release,0,0,abac_restr,tier 3<=max 3,,3
P0400,paraphrase,reorder,H_HR:E_H_HR,gt,idpdm,PH,3,5,,G10-02134,1,release,0,0,R3,R3:ok,,3
P0401,paraphrase,polite,F_PAY:E_F_PAY,gt,ungoverned,PH,3,5,,G10-02159,1,release,0,0,-,no-governance,,3
P0401,paraphrase,polite,F_PAY:E_F_PAY,gt,menu,PH,3,5,,G10-02159,1,release,0,0,menu,template-level,,3
P0401,paraphrase,polite,F_PAY:E_F_PAY,gt,abac_perm,PH,3,5,,G10-02159,1,release,0,0,abac_perm,cell-open(≤3) tier-blind,,3
P0401,paraphrase,polite,F_PAY:E_F_PAY,gt,abac_restr,PH,3,5,,G10-02159,1,release,0,0,abac_restr,tier 3<=max 3,,3
P0401,paraphrase,polite,F_PAY:E_F_PAY,gt,idpdm,PH,3,5,,G10-02159,1,release,0,0,R3,R3:ok,,3
P0402,paraphrase,reorder,F_PAY:E_F_PAY,gt,ungoverned,PH,3,5,,G10-02159,1,release,0,0,-,no-governance,,3
P0402,paraphrase,reorder,F_PAY:E_F_PAY,gt,menu,PH,3,5,,G10-02159,1,release,0,0,menu,template-level,,3
P0402,paraphrase,reorder,F_PAY:E_F_PAY,gt,abac_perm,PH,3,5,,G10-02159,1,release,0,0,abac_perm,cell-open(≤3) tier-blind,,3
P0402,paraphrase,reorder,F_PAY:E_F_PAY,gt,abac_restr,PH,3,5,,G10-02159,1,release,0,0,abac_restr,tier 3<=max 3,,3
P0402,paraphrase,reorder,F_PAY:E_F_PAY,gt,idpdm,PH,3,5,,G10-02159,1,release,0,0,R3,R3:ok,,3
P0403,paraphrase,polite,F_PAY:E_F_PAY,gt,ungoverned,PH,3,5,,G10-02158,1,release,0,0,-,no-governance,,3
P0403,paraphrase,polite,F_PAY:E_F_PAY,gt,menu,PH,3,5,,G10-02158,1,release,0,0,menu,template-level,,3
P0403,paraphrase,polite,F_PAY:E_F_PAY,gt,abac_perm,PH,3,5,,G10-02158,1,release,0,0,abac_perm,cell-open(≤3) tier-blind,,3
P0403,paraphrase,polite,F_PAY:E_F_PAY,gt,abac_restr,PH,3,5,,G10-02158,1,release,0,0,abac_restr,tier 3<=max 3,,3
P0403,paraphrase,polite,F_PAY:E_F_PAY,gt,idpdm,PH,3,5,,G10-02158,1,release,0,0,R3,R3:ok,,3
P0404,paraphrase,reorder,F_PAY:E_F_PAY,gt,ungoverned,PH,3,5,,G10-02158,1,release,0,0,-,no-governance,,3
P0404,paraphrase,reorder,F_PAY:E_F_PAY,gt,menu,PH,3,5,,G10-02158,1,release,0,0,menu,template-level,,3
P0404,paraphrase,reorder,F_PAY:E_F_PAY,gt,abac_perm,PH,3,5,,G10-02158,1,release,0,0,abac_perm,cell-open(≤3) tier-blind,,3
P0404,paraphrase,reorder,F_PAY:E_F_PAY,gt,abac_restr,PH,3,5,,G10-02158,1,release,0,0,abac_restr,tier 3<=max 3,,3
P0404,paraphrase,reorder,F_PAY:E_F_PAY,gt,idpdm,PH,3,5,,G10-02158,1,release,0,0,R3,R3:ok,,3
P0405,paraphrase,polite,F_CMP:E_F_CMP,gt,ungoverned,PH,3,5,,G10-02149,1,release,0,0,-,no-governance,,3
P0405,paraphrase,polite,F_CMP:E_F_CMP,gt,menu,PH,3,5,,G10-02149,1,release,0,0,menu,template-level,,3
P0405,paraphrase,polite,F_CMP:E_F_CMP,gt,abac_perm,PH,3,5,,G10-02149,1,release,0,0,abac_perm,cell-open(≤3) tier-blind,,3
P0405,paraphrase,polite,F_CMP:E_F_CMP,gt,abac_restr,PH,3,5,,G10-02149,1,release,0,0,abac_restr,tier 3<=max 3,,3
P0405,paraphrase,polite,F_CMP:E_F_CMP,gt,idpdm,PH,3,5,,G10-02149,1,release,0,0,R3,R3:ok,,3
P0406,paraphrase,reorder,F_CMP:E_F_CMP,gt,ungoverned,PH,3,5,,G10-02149,1,release,0,0,-,no-governance,,3
P0406,paraphrase,reorder,F_CMP:E_F_CMP,gt,menu,PH,3,5,,G10-02149,1,release,0,0,menu,template-level,,3
P0406,paraphrase,reorder,F_CMP:E_F_CMP,gt,abac_perm,PH,3,5,,G10-02149,1,release,0,0,abac_perm,cell-open(≤3) tier-blind,,3
P0406,paraphrase,reorder,F_CMP:E_F_CMP,gt,abac_restr,PH,3,5,,G10-02149,1,release,0,0,abac_restr,tier 3<=max 3,,3
P0406,paraphrase,reorder,F_CMP:E_F_CMP,gt,idpdm,PH,3,5,,G10-02149,1,release,0,0,R3,R3:ok,,3
P0407,paraphrase,polite,F_CMP:E_F_CMP,gt,ungoverned,PH,3,5,,G10-02143,1,release,0,0,-,no-governance,,3
P0407,paraphrase,polite,F_CMP:E_F_CMP,gt,menu,PH,3,5,,G10-02143,1,release,0,0,menu,template-level,,3
P0407,paraphrase,polite,F_CMP:E_F_CMP,gt,abac_perm,PH,3,5,,G10-02143,1,release,0,0,abac_perm,cell-open(≤3) tier-blind,,3
P0407,paraphrase,polite,F_CMP:E_F_CMP,gt,abac_restr,PH,3,5,,G10-02143,1,release,0,0,abac_restr,tier 3<=max 3,,3
P0407,paraphrase,polite,F_CMP:E_F_CMP,gt,idpdm,PH,3,5,,G10-02143,1,release,0,0,R3,R3:ok,,3
P0408,paraphrase,reorder,F_CMP:E_F_CMP,gt,ungoverned,PH,3,5,,G10-02143,1,release,0,0,-,no-governance,,3
P0408,paraphrase,reorder,F_CMP:E_F_CMP,gt,menu,PH,3,5,,G10-02143,1,release,0,0,menu,template-level,,3
P0408,paraphrase,reorder,F_CMP:E_F_CMP,gt,abac_perm,PH,3,5,,G10-02143,1,release,0,0,abac_perm,cell-open(≤3) tier-blind,,3
P0408,paraphrase,reorder,F_CMP:E_F_CMP,gt,abac_restr,PH,3,5,,G10-02143,1,release,0,0,abac_restr,tier 3<=max 3,,3
P0408,paraphrase,reorder,F_CMP:E_F_CMP,gt,idpdm,PH,3,5,,G10-02143,1,release,0,0,R3,R3:ok,,3
P0409,paraphrase,polite,S_ACC:E_S_ACC,gt,ungoverned,FA,1,5,,G07-00587,1,release,0,0,-,no-governance,,1
P0409,paraphrase,polite,S_ACC:E_S_ACC,gt,menu,FA,1,5,,G07-00587,1,release,0,0,menu,template-level,,1
P0409,paraphrase,polite,S_ACC:E_S_ACC,gt,abac_perm,FA,1,5,,G07-00587,1,release,0,0,abac_perm,cell-open(≤3) tier-blind,,1
P0409,paraphrase,polite,S_ACC:E_S_ACC,gt,abac_restr,FA,1,5,,G07-00587,1,release,0,0,abac_restr,tier 1<=max 3,,1
P0409,paraphrase,polite,S_ACC:E_S_ACC,gt,idpdm,FA,1,5,,G07-00587,1,release,0,0,R3,R3:ok,,1
P0410,paraphrase,reorder,S_ACC:E_S_ACC,gt,ungoverned,FA,1,5,,G07-00587,1,release,0,0,-,no-governance,,1
P0410,paraphrase,reorder,S_ACC:E_S_ACC,gt,menu,FA,1,5,,G07-00587,1,release,0,0,menu,template-level,,1
P0410,paraphrase,reorder,S_ACC:E_S_ACC,gt,abac_perm,FA,1,5,,G07-00587,1,release,0,0,abac_perm,cell-open(≤3) tier-blind,,1
P0410,paraphrase,reorder,S_ACC:E_S_ACC,gt,abac_restr,FA,1,5,,G07-00587,1,release,0,0,abac_restr,tier 1<=max 3,,1
P0410,paraphrase,reorder,S_ACC:E_S_ACC,gt,idpdm,FA,1,5,,G07-00587,1,release,0,0,R3,R3:ok,,1
H0411,cell-holdout,subtree경계,B_RHQ:E_B_RHQ,gt,ungoverned,LN,3,5,,G05-00470,1,withhold,1,0,-,no-governance,,0
H0411,cell-holdout,subtree경계,B_RHQ:E_B_RHQ,gt,menu,LN,3,5,,G05-00470,1,withhold,1,0,menu,template-level,,0
H0411,cell-holdout,subtree경계,B_RHQ:E_B_RHQ,gt,abac_perm,LN,3,5,,G05-00470,1,withhold,1,0,abac_perm,cell-open(≤2) tier-blind,,0
H0411,cell-holdout,subtree경계,B_RHQ:E_B_RHQ,gt,abac_restr,LN,3,5,,G05-00470,0,withhold,0,0,abac_restr,tier 3<=max 2,,0
H0411,cell-holdout,subtree경계,B_RHQ:E_B_RHQ,gt,idpdm,LN,3,5,,G05-00470,0,withhold,0,0,D_final,tier 3>2,,0
H0412,cell-holdout,n<k소집단,STAFF:E0113,gt,ungoverned,PB,2,5,,G09-00659,1,withhold,1,0,-,no-governance,,0
H0412,cell-holdout,n<k소집단,STAFF:E0113,gt,menu,PB,2,5,,G09-00659,1,withhold,1,0,menu,template-level,,0
H0412,cell-holdout,n<k소집단,STAFF:E0113,gt,abac_perm,PB,2,5,,G09-00659,1,withhold,1,0,abac_perm,cell-open(≤3) tier-blind,,0
H0412,cell-holdout,n<k소집단,STAFF:E0113,gt,abac_restr,PB,2,5,,G09-00659,1,withhold,1,0,abac_restr,tier 2<=max 3,,0
H0412,cell-holdout,n<k소집단,STAFF:E0113,gt,idpdm,PB,2,5,,G09-00659,0,withhold,0,0,R3,R3:row(ownership 본인 단독 아님),,0
H0413,cell-holdout,functional예외,H_HR:E_H_HR,gt,ungoverned,PB,3,5,,G09-00935,1,release,0,0,-,no-governance,,3
H0413,cell-holdout,functional예외,H_HR:E_H_HR,gt,menu,PB,3,5,,G09-00935,1,release,0,0,menu,template-level,,3
H0413,cell-holdout,functional예외,H_HR:E_H_HR,gt,abac_perm,PB,3,5,,G09-00935,1,release,0,0,abac_perm,cell-open(≤3) tier-blind,,3
H0413,cell-holdout,functional예외,H_HR:E_H_HR,gt,abac_restr,PB,3,5,,G09-00935,1,release,0,0,abac_restr,tier 3<=max 3,,3
H0413,cell-holdout,functional예외,H_HR:E_H_HR,gt,idpdm,PB,3,5,,G09-00935,1,release,0,0,R3,R3:ok,,3
H0414,cell-holdout,SUBJECT_DENIED,H_HR:E_H_HR,gt,ungoverned,AL,3,5,,G11-02300,1,withhold,1,0,-,no-governance,,0
H0414,cell-holdout,SUBJECT_DENIED,H_HR:E_H_HR,gt,menu,AL,3,5,,G11-02300,0,withhold,0,0,menu,template-level,,0
H0414,cell-holdout,SUBJECT_DENIED,H_HR:E_H_HR,gt,abac_perm,AL,3,5,,G11-02300,0,withhold,0,0,abac_perm,cell-miss,,0
H0414,cell-holdout,SUBJECT_DENIED,H_HR:E_H_HR,gt,abac_restr,AL,3,5,,G11-02300,0,withhold,0,0,abac_restr,cell-miss,,0
H0414,cell-holdout,SUBJECT_DENIED,H_HR:E_H_HR,gt,idpdm,AL,3,5,,G11-02300,0,withhold,0,0,C1,cell-miss(AL),,0
H0415,cell-holdout,SAR기밀장벽,S_ACC:E_S_ACC,gt,ungoverned,RM,1,5,,SAR-00001,1,withhold,1,0,-,no-governance,,0
H0415,cell-holdout,SAR기밀장벽,S_ACC:E_S_ACC,gt,menu,RM,1,5,,SAR-00001,1,withhold,1,0,menu,template-level,,0
H0415,cell-holdout,SAR기밀장벽,S_ACC:E_S_ACC,gt,abac_perm,RM,1,5,,SAR-00001,1,withhold,1,0,abac_perm,cell-open(≤2) tier-blind,,0
H0415,cell-holdout,SAR기밀장벽,S_ACC:E_S_ACC,gt,abac_restr,RM,1,5,,SAR-00001,1,withhold,1,0,abac_restr,tier 1<=max 2,,0
H0415,cell-holdout,SAR기밀장벽,S_ACC:E_S_ACC,gt,idpdm,RM,1,5,,SAR-00001,0,withhold,0,0,R3,R3:cls 3>1,,0
H0416,cell-holdout,소유권본인,STAFF:E0114,gt,ungoverned,PB,3,5,,G09-01135,1,release,0,0,-,no-governance,,3
H0416,cell-holdout,소유권본인,STAFF:E0114,gt,menu,PB,3,5,,G09-01135,1,release,0,0,menu,template-level,,3
H0416,cell-holdout,소유권본인,STAFF:E0114,gt,abac_perm,PB,3,5,,G09-01135,1,release,0,0,abac_perm,cell-open(≤3) tier-blind,,3
H0416,cell-holdout,소유권본인,STAFF:E0114,gt,abac_restr,PB,3,5,,G09-01135,1,release,0,0,abac_restr,tier 3<=max 3,,3
H0416,cell-holdout,소유권본인,STAFF:E0114,gt,idpdm,PB,3,5,,G09-01135,1,release,0,0,R3,R3:ok,,3
H0417,cell-holdout,소유권동료,STAFF:E0113,gt,ungoverned,PB,3,5,,G09-01135,1,withhold,1,0,-,no-governance,,0
H0417,cell-holdout,소유권동료,STAFF:E0113,gt,menu,PB,3,5,,G09-01135,1,withhold,1,0,menu,template-level,,0
H0417,cell-holdout,소유권동료,STAFF:E0113,gt,abac_perm,PB,3,5,,G09-01135,1,withhold,1,0,abac_perm,cell-open(≤3) tier-blind,,0
H0417,cell-holdout,소유권동료,STAFF:E0113,gt,abac_restr,PB,3,5,,G09-01135,1,withhold,1,0,abac_restr,tier 3<=max 3,,0
H0417,cell-holdout,소유권동료,STAFF:E0113,gt,idpdm,PB,3,5,,G09-01135,0,withhold,0,0,R3,R3:row(ownership 본인 단독 아님),,0
V0418,probe,at-ceiling,B_BR:E_B_BR,gt,ungoverned,CP,3,5,,G02-00491,1,withhold,1,0,-,no-governance,,0
V0418,probe,at-ceiling,B_BR:E_B_BR,gt,menu,CP,3,5,,G02-00491,1,withhold,1,0,menu,template-level,,0
V0418,probe,at-ceiling,B_BR:E_B_BR,gt,abac_perm,CP,3,5,,G02-00491,1,withhold,1,0,abac_perm,cell-open(≤3) tier-blind,,0
V0418,probe,at-ceiling,B_BR:E_B_BR,gt,abac_restr,CP,3,5,,G02-00491,1,withhold,1,0,abac_restr,tier 3<=max 3,,0
V0418,probe,at-ceiling,B_BR:E_B_BR,gt,idpdm,CP,3,5,,G02-00491,0,withhold,0,0,R3,R3:row(hierarchy subtree 밖),,0
V0419,probe,at-ceiling,B_BR:E_B_BR,gt,ungoverned,ER,3,5,,G08-00958,1,withhold,1,0,-,no-governance,,0
V0419,probe,at-ceiling,B_BR:E_B_BR,gt,menu,ER,3,5,,G08-00958,1,withhold,1,0,menu,template-level,,0
V0419,probe,at-ceiling,B_BR:E_B_BR,gt,abac_perm,ER,3,5,,G08-00958,1,withhold,1,0,abac_perm,cell-open(≤3) tier-blind,,0
V0419,probe,at-ceiling,B_BR:E_B_BR,gt,abac_restr,ER,3,5,,G08-00958,1,withhold,1,0,abac_restr,tier 3<=max 3,,0
V0419,probe,at-ceiling,B_BR:E_B_BR,gt,idpdm,ER,3,5,,G08-00958,0,withhold,0,0,R3,R3:row(hierarchy subtree 밖),,0
V0420,probe,at-ceiling,B_BR:E_B_BR,gt,ungoverned,LN,3,5,,G05-00490,1,withhold,1,0,-,no-governance,,0
V0420,probe,at-ceiling,B_BR:E_B_BR,gt,menu,LN,3,5,,G05-00490,1,withhold,1,0,menu,template-level,,0
V0420,probe,at-ceiling,B_BR:E_B_BR,gt,abac_perm,LN,3,5,,G05-00490,1,withhold,1,0,abac_perm,cell-open(≤3) tier-blind,,0
V0420,probe,at-ceiling,B_BR:E_B_BR,gt,abac_restr,LN,3,5,,G05-00490,1,withhold,1,0,abac_restr,tier 3<=max 3,,0
V0420,probe,at-ceiling,B_BR:E_B_BR,gt,idpdm,LN,3,5,,G05-00490,0,withhold,0,0,R3,R3:row(hierarchy subtree 밖),,0
V0421,probe,at-ceiling,B_BR:E_B_BR,gt,ungoverned,PB,3,5,,G09-00967,1,withhold,1,0,-,no-governance,,0
V0421,probe,at-ceiling,B_BR:E_B_BR,gt,menu,PB,3,5,,G09-00967,1,withhold,1,0,menu,template-level,,0
V0421,probe,at-ceiling,B_BR:E_B_BR,gt,abac_perm,PB,3,5,,G09-00967,1,withhold,1,0,abac_perm,cell-open(≤3) tier-blind,,0
V0421,probe,at-ceiling,B_BR:E_B_BR,gt,abac_restr,PB,3,5,,G09-00967,1,withhold,1,0,abac_restr,tier 3<=max 3,,0
V0421,probe,at-ceiling,B_BR:E_B_BR,gt,idpdm,PB,3,5,,G09-00967,0,withhold,0,0,R3,R3:row(ownership 본인 단독 아님),,0
V0422,probe,at-ceiling,B_BR:E_B_BR,gt,ungoverned,PH,3,5,,G10-02127,1,withhold,1,0,-,no-governance,,0
V0422,probe,at-ceiling,B_BR:E_B_BR,gt,menu,PH,3,5,,G10-02127,1,withhold,1,0,menu,template-level,,0
V0422,probe,at-ceiling,B_BR:E_B_BR,gt,abac_perm,PH,3,5,,G10-02127,1,withhold,1,0,abac_perm,cell-open(≤3) tier-blind,,0
V0422,probe,at-ceiling,B_BR:E_B_BR,gt,abac_restr,PH,3,5,,G10-02127,1,withhold,1,0,abac_restr,tier 3<=max 3,,0
V0422,probe,at-ceiling,B_BR:E_B_BR,gt,idpdm,PH,3,5,,G10-02127,0,withhold,0,0,R3,R3:row(ownership 본인 단독 아님),,0
V0423,probe,at-ceiling,B_BR:E_B_BR,gt,ungoverned,RM,2,5,,G06-00161,1,withhold,1,0,-,no-governance,,0
V0423,probe,at-ceiling,B_BR:E_B_BR,gt,menu,RM,2,5,,G06-00161,1,withhold,1,0,menu,template-level,,0
V0423,probe,at-ceiling,B_BR:E_B_BR,gt,abac_perm,RM,2,5,,G06-00161,1,withhold,1,0,abac_perm,cell-open(≤2) tier-blind,,0
V0423,probe,at-ceiling,B_BR:E_B_BR,gt,abac_restr,RM,2,5,,G06-00161,1,withhold,1,0,abac_restr,tier 2<=max 2,,0
V0423,probe,at-ceiling,B_BR:E_B_BR,gt,idpdm,RM,2,5,,G06-00161,0,withhold,0,0,R3,R3:row(hierarchy subtree 밖),,0
V0424,probe,at-ceiling,B_BR:E_B_BR,gt,ungoverned,RS,2,5,,G01-00019,1,release,0,0,-,no-governance,,2
V0424,probe,at-ceiling,B_BR:E_B_BR,gt,menu,RS,2,5,,G01-00019,1,release,0,0,menu,template-level,,2
V0424,probe,at-ceiling,B_BR:E_B_BR,gt,abac_perm,RS,2,5,,G01-00019,1,release,0,0,abac_perm,cell-open(≤2) tier-blind,,2
V0424,probe,at-ceiling,B_BR:E_B_BR,gt,abac_restr,RS,2,5,,G01-00019,1,release,0,0,abac_restr,tier 2<=max 2,,2
V0424,probe,at-ceiling,B_BR:E_B_BR,gt,idpdm,RS,2,5,,G01-00019,1,release,0,0,R3,R3:ok,,2
V0425,probe,at-ceiling,B_RHQ:E_B_RHQ,gt,ungoverned,AB,2,5,,G04-00114,1,withhold,1,0,-,no-governance,,0
V0425,probe,at-ceiling,B_RHQ:E_B_RHQ,gt,menu,AB,2,5,,G04-00114,1,withhold,1,0,menu,template-level,,0
V0425,probe,at-ceiling,B_RHQ:E_B_RHQ,gt,abac_perm,AB,2,5,,G04-00114,1,withhold,1,0,abac_perm,cell-open(≤2) tier-blind,,0
V0425,probe,at-ceiling,B_RHQ:E_B_RHQ,gt,abac_restr,AB,2,5,,G04-00114,1,withhold,1,0,abac_restr,tier 2<=max 2,,0
V0425,probe,at-ceiling,B_RHQ:E_B_RHQ,gt,idpdm,AB,2,5,,G04-00114,0,withhold,0,0,R3,R3:row(hierarchy subtree 밖),,0
V0426,probe,at-ceiling,B_RHQ:E_B_RHQ,gt,ungoverned,CP,2,5,,G02-00132,1,withhold,1,0,-,no-governance,,0
V0426,probe,at-ceiling,B_RHQ:E_B_RHQ,gt,menu,CP,2,5,,G02-00132,1,withhold,1,0,menu,template-level,,0
V0426,probe,at-ceiling,B_RHQ:E_B_RHQ,gt,abac_perm,CP,2,5,,G02-00132,1,withhold,1,0,abac_perm,cell-open(≤2) tier-blind,,0
V0426,probe,at-ceiling,B_RHQ:E_B_RHQ,gt,abac_restr,CP,2,5,,G02-00132,1,withhold,1,0,abac_restr,tier 2<=max 2,,0
V0426,probe,at-ceiling,B_RHQ:E_B_RHQ,gt,idpdm,CP,2,5,,G02-00132,0,withhold,0,0,R3,R3:row(hierarchy subtree 밖),,0
V0427,probe,over-ceiling,B_RHQ:E_B_RHQ,gt,ungoverned,CP,3,5,,G02-00503,1,withhold,1,0,-,no-governance,,0
V0427,probe,over-ceiling,B_RHQ:E_B_RHQ,gt,menu,CP,3,5,,G02-00503,1,withhold,1,0,menu,template-level,,0
V0427,probe,over-ceiling,B_RHQ:E_B_RHQ,gt,abac_perm,CP,3,5,,G02-00503,1,withhold,1,0,abac_perm,cell-open(≤2) tier-blind,,0
V0427,probe,over-ceiling,B_RHQ:E_B_RHQ,gt,abac_restr,CP,3,5,,G02-00503,0,withhold,0,0,abac_restr,tier 3<=max 2,,0
V0427,probe,over-ceiling,B_RHQ:E_B_RHQ,gt,idpdm,CP,3,5,,G02-00503,0,withhold,0,0,D_final,tier 3>2,,0
V0428,probe,at-ceiling,B_RHQ:E_B_RHQ,gt,ungoverned,LN,2,5,,G05-00143,1,withhold,1,0,-,no-governance,,0
V0428,probe,at-ceiling,B_RHQ:E_B_RHQ,gt,menu,LN,2,5,,G05-00143,1,withhold,1,0,menu,template-level,,0
V0428,probe,at-ceiling,B_RHQ:E_B_RHQ,gt,abac_perm,LN,2,5,,G05-00143,1,withhold,1,0,abac_perm,cell-open(≤2) tier-blind,,0
V0428,probe,at-ceiling,B_RHQ:E_B_RHQ,gt,abac_restr,LN,2,5,,G05-00143,1,withhold,1,0,abac_restr,tier 2<=max 2,,0
V0428,probe,at-ceiling,B_RHQ:E_B_RHQ,gt,idpdm,LN,2,5,,G05-00143,0,withhold,0,0,R3,R3:row(hierarchy subtree 밖),,0
V0429,probe,over-ceiling,B_RHQ:E_B_RHQ,gt,ungoverned,LN,3,5,,G05-00472,1,withhold,1,0,-,no-governance,,0
V0429,probe,over-ceiling,B_RHQ:E_B_RHQ,gt,menu,LN,3,5,,G05-00472,1,withhold,1,0,menu,template-level,,0
V0429,probe,over-ceiling,B_RHQ:E_B_RHQ,gt,abac_perm,LN,3,5,,G05-00472,1,withhold,1,0,abac_perm,cell-open(≤2) tier-blind,,0
V0429,probe,over-ceiling,B_RHQ:E_B_RHQ,gt,abac_restr,LN,3,5,,G05-00472,0,withhold,0,0,abac_restr,tier 3<=max 2,,0
V0429,probe,over-ceiling,B_RHQ:E_B_RHQ,gt,idpdm,LN,3,5,,G05-00472,0,withhold,0,0,D_final,tier 3>2,,0
V0430,probe,at-ceiling,B_RHQ:E_B_RHQ,gt,ungoverned,TA,2,5,,G03-00165,1,withhold,1,0,-,no-governance,,0
V0430,probe,at-ceiling,B_RHQ:E_B_RHQ,gt,menu,TA,2,5,,G03-00165,1,withhold,1,0,menu,template-level,,0
V0430,probe,at-ceiling,B_RHQ:E_B_RHQ,gt,abac_perm,TA,2,5,,G03-00165,1,withhold,1,0,abac_perm,cell-open(≤2) tier-blind,,0
V0430,probe,at-ceiling,B_RHQ:E_B_RHQ,gt,abac_restr,TA,2,5,,G03-00165,1,withhold,1,0,abac_restr,tier 2<=max 2,,0
V0430,probe,at-ceiling,B_RHQ:E_B_RHQ,gt,idpdm,TA,2,5,,G03-00165,0,withhold,0,0,R3,R3:row(hierarchy subtree 밖),,0
V0431,probe,at-ceiling,F_CMP:E_F_CMP,gt,ungoverned,AL,3,5,,G11-02317,1,release,0,0,-,no-governance,,3
V0431,probe,at-ceiling,F_CMP:E_F_CMP,gt,menu,AL,3,5,,G11-02317,1,release,0,0,menu,template-level,,3
V0431,probe,at-ceiling,F_CMP:E_F_CMP,gt,abac_perm,AL,3,5,,G11-02317,1,release,0,0,abac_perm,cell-open(≤3) tier-blind,,3
V0431,probe,at-ceiling,F_CMP:E_F_CMP,gt,abac_restr,AL,3,5,,G11-02317,1,release,0,0,abac_restr,tier 3<=max 3,,3
V0431,probe,at-ceiling,F_CMP:E_F_CMP,gt,idpdm,AL,3,5,,G11-02317,1,release,0,0,R3,R3:ok,,3
V0433,probe,at-ceiling,F_SEC:E_F_SEC,gt,ungoverned,ER,2,5,,G08-00622,1,withhold,1,0,-,no-governance,,2
V0433,probe,at-ceiling,F_SEC:E_F_SEC,gt,menu,ER,2,5,,G08-00622,1,withhold,1,0,menu,template-level,,2
V0433,probe,at-ceiling,F_SEC:E_F_SEC,gt,abac_perm,ER,2,5,,G08-00622,1,withhold,1,0,abac_perm,cell-open(≤2) tier-blind,,2
V0433,probe,at-ceiling,F_SEC:E_F_SEC,gt,abac_restr,ER,2,5,,G08-00622,1,withhold,1,0,abac_restr,tier 2<=max 2,,2
V0433,probe,at-ceiling,F_SEC:E_F_SEC,gt,idpdm,ER,2,5,,G08-00622,0,withhold,0,0,R1,R1:t_eff=3>2 (n=1<k=5),,2
V0434,probe,over-ceiling,F_SEC:E_F_SEC,gt,ungoverned,ER,3,5,,G08-00958,1,withhold,1,0,-,no-governance,,0
V0434,probe,over-ceiling,F_SEC:E_F_SEC,gt,menu,ER,3,5,,G08-00958,1,withhold,1,0,menu,template-level,,0
V0434,probe,over-ceiling,F_SEC:E_F_SEC,gt,abac_perm,ER,3,5,,G08-00958,1,withhold,1,0,abac_perm,cell-open(≤2) tier-blind,,0
V0434,probe,over-ceiling,F_SEC:E_F_SEC,gt,abac_restr,ER,3,5,,G08-00958,0,withhold,0,0,abac_restr,tier 3<=max 2,,0
V0434,probe,over-ceiling,F_SEC:E_F_SEC,gt,idpdm,ER,3,5,,G08-00958,0,withhold,0,0,D_final,tier 3>2,,0
V0436,probe,over-ceiling,S_DEP:E_S_DEP,gt,ungoverned,AB,2,5,,G04-00159,1,withhold,1,0,-,no-governance,,0
V0436,probe,over-ceiling,S_DEP:E_S_DEP,gt,menu,AB,2,5,,G04-00159,1,withhold,1,0,menu,template-level,,0
V0436,probe,over-ceiling,S_DEP:E_S_DEP,gt,abac_perm,AB,2,5,,G04-00159,1,withhold,1,0,abac_perm,cell-open(≤1) tier-blind,,0
V0436,probe,over-ceiling,S_DEP:E_S_DEP,gt,abac_restr,AB,2,5,,G04-00159,0,withhold,0,0,abac_restr,tier 2<=max 1,,0
V0436,probe,over-ceiling,S_DEP:E_S_DEP,gt,idpdm,AB,2,5,,G04-00159,0,withhold,0,0,D_final,tier 2>1,,0
V0437,probe,at-ceiling,S_DIV:E_S_DIV,gt,ungoverned,RM,1,5,,G06-00081,1,release,0,0,-,no-governance,,1
V0437,probe,at-ceiling,S_DIV:E_S_DIV,gt,menu,RM,1,5,,G06-00081,1,release,0,0,menu,template-level,,1
V0437,probe,at-ceiling,S_DIV:E_S_DIV,gt,abac_perm,RM,1,5,,G06-00081,1,release,0,0,abac_perm,cell-open(≤1) tier-blind,,1
V0437,probe,at-ceiling,S_DIV:E_S_DIV,gt,abac_restr,RM,1,5,,G06-00081,1,release,0,0,abac_restr,tier 1<=max 1,,1
V0437,probe,at-ceiling,S_DIV:E_S_DIV,gt,idpdm,RM,1,5,,G06-00081,1,release,0,0,R3,R3:ok,,1
V0438,probe,over-ceiling,S_DIV:E_S_DIV,gt,ungoverned,RM,2,5,,G06-00141,1,withhold,1,0,-,no-governance,,0
V0438,probe,over-ceiling,S_DIV:E_S_DIV,gt,menu,RM,2,5,,G06-00141,1,withhold,1,0,menu,template-level,,0
V0438,probe,over-ceiling,S_DIV:E_S_DIV,gt,abac_perm,RM,2,5,,G06-00141,1,withhold,1,0,abac_perm,cell-open(≤1) tier-blind,,0
V0438,probe,over-ceiling,S_DIV:E_S_DIV,gt,abac_restr,RM,2,5,,G06-00141,0,withhold,0,0,abac_restr,tier 2<=max 1,,0
V0438,probe,over-ceiling,S_DIV:E_S_DIV,gt,idpdm,RM,2,5,,G06-00141,0,withhold,0,0,D_final,tier 2>1,,0
A0439,adversarial,F1,S_ACC:E_S_ACC,gt,ungoverned,PB,3,5,,G09-00935,1,withhold,1,0,-,no-governance,,0
A0439,adversarial,F1,S_ACC:E_S_ACC,gt,menu,PB,3,5,,G09-00935,1,withhold,1,0,menu,template-level,,0
A0439,adversarial,F1,S_ACC:E_S_ACC,gt,abac_perm,PB,3,5,,G09-00935,1,withhold,1,0,abac_perm,cell-open(≤3) tier-blind,,0
A0439,adversarial,F1,S_ACC:E_S_ACC,gt,abac_restr,PB,3,5,,G09-00935,1,withhold,1,0,abac_restr,tier 3<=max 3,,0
A0439,adversarial,F1,S_ACC:E_S_ACC,gt,idpdm,PB,3,5,,G09-00935,0,withhold,0,0,R3,R3:row(ownership 본인 단독 아님),,0
A0440,adversarial,F1,B_RHQ:E_B_RHQ,gt,ungoverned,LN,3,5,,G05-00470,1,withhold,1,0,-,no-governance,,0
A0440,adversarial,F1,B_RHQ:E_B_RHQ,gt,menu,LN,3,5,,G05-00470,1,withhold,1,0,menu,template-level,,0
A0440,adversarial,F1,B_RHQ:E_B_RHQ,gt,abac_perm,LN,3,5,,G05-00470,1,withhold,1,0,abac_perm,cell-open(≤2) tier-blind,,0
A0440,adversarial,F1,B_RHQ:E_B_RHQ,gt,abac_restr,LN,3,5,,G05-00470,0,withhold,0,0,abac_restr,tier 3<=max 2,,0
A0440,adversarial,F1,B_RHQ:E_B_RHQ,gt,idpdm,LN,3,5,,G05-00470,0,withhold,0,0,D_final,tier 3>2,,0
A0441,adversarial,F1,C_CC:E_C_CC,gt,ungoverned,AL,3,5,,G11-02300,1,withhold,1,0,-,no-governance,,0
A0441,adversarial,F1,C_CC:E_C_CC,gt,menu,AL,3,5,,G11-02300,0,withhold,0,0,menu,template-level,,0
A0441,adversarial,F1,C_CC:E_C_CC,gt,abac_perm,AL,3,5,,G11-02300,0,withhold,0,0,abac_perm,cell-miss,,0
A0441,adversarial,F1,C_CC:E_C_CC,gt,abac_restr,AL,3,5,,G11-02300,0,withhold,0,0,abac_restr,cell-miss,,0
A0441,adversarial,F1,C_CC:E_C_CC,gt,idpdm,AL,3,5,,G11-02300,0,withhold,0,0,C1,cell-miss(AL),,0
A0442,adversarial,F1,S_DEP:E_S_DEP,gt,ungoverned,AL,3,5,,G11-02300,1,withhold,1,0,-,no-governance,,0
A0442,adversarial,F1,S_DEP:E_S_DEP,gt,menu,AL,3,5,,G11-02300,0,withhold,0,0,menu,template-level,,0
A0442,adversarial,F1,S_DEP:E_S_DEP,gt,abac_perm,AL,3,5,,G11-02300,0,withhold,0,0,abac_perm,cell-miss,,0
A0442,adversarial,F1,S_DEP:E_S_DEP,gt,abac_restr,AL,3,5,,G11-02300,0,withhold,0,0,abac_restr,cell-miss,,0
A0442,adversarial,F1,S_DEP:E_S_DEP,gt,idpdm,AL,3,5,,G11-02300,0,withhold,0,0,C1,cell-miss(AL),,0
A0443,adversarial,F1,C_CC:E_C_CC,gt,ungoverned,PB,3,5,,G09-00935,1,withhold,1,0,-,no-governance,,0
A0443,adversarial,F1,C_CC:E_C_CC,gt,menu,PB,3,5,,G09-00935,1,withhold,1,0,menu,template-level,,0
A0443,adversarial,F1,C_CC:E_C_CC,gt,abac_perm,PB,3,5,,G09-00935,1,withhold,1,0,abac_perm,cell-open(≤3) tier-blind,,0
A0443,adversarial,F1,C_CC:E_C_CC,gt,abac_restr,PB,3,5,,G09-00935,1,withhold,1,0,abac_restr,tier 3<=max 3,,0
A0443,adversarial,F1,C_CC:E_C_CC,gt,idpdm,PB,3,5,,G09-00935,0,withhold,0,0,R3,R3:row(ownership 본인 단독 아님),,0
A0444,adversarial,F1,F_DW:E_F_DW,gt,ungoverned,LN,2,5,,G05-00083,1,withhold,1,0,-,no-governance,,0
A0444,adversarial,F1,F_DW:E_F_DW,gt,menu,LN,2,5,,G05-00083,0,withhold,0,0,menu,template-level,,0
A0444,adversarial,F1,F_DW:E_F_DW,gt,abac_perm,LN,2,5,,G05-00083,0,withhold,0,0,abac_perm,cell-miss,,0
A0444,adversarial,F1,F_DW:E_F_DW,gt,abac_restr,LN,2,5,,G05-00083,0,withhold,0,0,abac_restr,cell-miss,,0
A0444,adversarial,F1,F_DW:E_F_DW,gt,idpdm,LN,2,5,,G05-00083,0,withhold,0,0,C1,cell-miss(LN),,0
A0445,adversarial,F1,H_HRO:E_H_HRO,gt,ungoverned,PB,3,5,,G09-00935,1,withhold,1,0,-,no-governance,,0
A0445,adversarial,F1,H_HRO:E_H_HRO,gt,menu,PB,3,5,,G09-00935,1,withhold,1,0,menu,template-level,,0
A0445,adversarial,F1,H_HRO:E_H_HRO,gt,abac_perm,PB,3,5,,G09-00935,1,withhold,1,0,abac_perm,cell-open(≤3) tier-blind,,0
A0445,adversarial,F1,H_HRO:E_H_HRO,gt,abac_restr,PB,3,5,,G09-00935,1,withhold,1,0,abac_restr,tier 3<=max 3,,0
A0445,adversarial,F1,H_HRO:E_H_HRO,gt,idpdm,PB,3,5,,G09-00935,0,withhold,0,0,R3,R3:row(ownership 본인 단독 아님),,0
A0446,adversarial,F1,S_ACC:E_S_ACC,gt,ungoverned,CP,3,5,,G02-00467,1,withhold,1,0,-,no-governance,,0
A0446,adversarial,F1,S_ACC:E_S_ACC,gt,menu,CP,3,5,,G02-00467,0,withhold,0,0,menu,template-level,,0
A0446,adversarial,F1,S_ACC:E_S_ACC,gt,abac_perm,CP,3,5,,G02-00467,0,withhold,0,0,abac_perm,cell-miss,,0
A0446,adversarial,F1,S_ACC:E_S_ACC,gt,abac_restr,CP,3,5,,G02-00467,0,withhold,0,0,abac_restr,cell-miss,,0
A0446,adversarial,F1,S_ACC:E_S_ACC,gt,idpdm,CP,3,5,,G02-00467,0,withhold,0,0,C1,cell-miss(CP),,0
A0447,adversarial,F1,B_RHQ:E_B_RHQ,gt,ungoverned,CP,3,5,,G02-00467,1,withhold,1,0,-,no-governance,,0
A0447,adversarial,F1,B_RHQ:E_B_RHQ,gt,menu,CP,3,5,,G02-00467,1,withhold,1,0,menu,template-level,,0
A0447,adversarial,F1,B_RHQ:E_B_RHQ,gt,abac_perm,CP,3,5,,G02-00467,1,withhold,1,0,abac_perm,cell-open(≤2) tier-blind,,0
A0447,adversarial,F1,B_RHQ:E_B_RHQ,gt,abac_restr,CP,3,5,,G02-00467,0,withhold,0,0,abac_restr,tier 3<=max 2,,0
A0447,adversarial,F1,B_RHQ:E_B_RHQ,gt,idpdm,CP,3,5,,G02-00467,0,withhold,0,0,D_final,tier 3>2,,0
A0448,adversarial,F1,F_DW:E_F_DW,gt,ungoverned,PB,3,5,,G09-00935,1,withhold,1,0,-,no-governance,,0
A0448,adversarial,F1,F_DW:E_F_DW,gt,menu,PB,3,5,,G09-00935,1,withhold,1,0,menu,template-level,,0
A0448,adversarial,F1,F_DW:E_F_DW,gt,abac_perm,PB,3,5,,G09-00935,1,withhold,1,0,abac_perm,cell-open(≤3) tier-blind,,0
A0448,adversarial,F1,F_DW:E_F_DW,gt,abac_restr,PB,3,5,,G09-00935,1,withhold,1,0,abac_restr,tier 3<=max 3,,0
A0448,adversarial,F1,F_DW:E_F_DW,gt,idpdm,PB,3,5,,G09-00935,0,withhold,0,0,R3,R3:row(ownership 본인 단독 아님),,0
A0449,adversarial,F1,F_SAL:E_F_SAL,gt,ungoverned,LN,3,5,,G05-00470,1,withhold,1,0,-,no-governance,,0
A0449,adversarial,F1,F_SAL:E_F_SAL,gt,menu,LN,3,5,,G05-00470,1,withhold,1,0,menu,template-level,,0
A0449,adversarial,F1,F_SAL:E_F_SAL,gt,abac_perm,LN,3,5,,G05-00470,1,withhold,1,0,abac_perm,cell-open(≤2) tier-blind,,0
A0449,adversarial,F1,F_SAL:E_F_SAL,gt,abac_restr,LN,3,5,,G05-00470,0,withhold,0,0,abac_restr,tier 3<=max 2,,0
A0449,adversarial,F1,F_SAL:E_F_SAL,gt,idpdm,LN,3,5,,G05-00470,0,withhold,0,0,D_final,tier 3>2,,0
A0450,adversarial,F1,F_PAY:E_F_PAY,gt,ungoverned,LN,3,5,,G05-00470,1,withhold,1,0,-,no-governance,,0
A0450,adversarial,F1,F_PAY:E_F_PAY,gt,menu,LN,3,5,,G05-00470,0,withhold,0,0,menu,template-level,,0
A0450,adversarial,F1,F_PAY:E_F_PAY,gt,abac_perm,LN,3,5,,G05-00470,0,withhold,0,0,abac_perm,cell-miss,,0
A0450,adversarial,F1,F_PAY:E_F_PAY,gt,abac_restr,LN,3,5,,G05-00470,0,withhold,0,0,abac_restr,cell-miss,,0
A0450,adversarial,F1,F_PAY:E_F_PAY,gt,idpdm,LN,3,5,,G05-00470,0,withhold,0,0,C1,cell-miss(LN),,0
A0451,adversarial,F1,S_DIV:E_S_DIV,gt,ungoverned,AL,3,5,,G11-02300,1,withhold,1,0,-,no-governance,,0
A0451,adversarial,F1,S_DIV:E_S_DIV,gt,menu,AL,3,5,,G11-02300,0,withhold,0,0,menu,template-level,,0
A0451,adversarial,F1,S_DIV:E_S_DIV,gt,abac_perm,AL,3,5,,G11-02300,0,withhold,0,0,abac_perm,cell-miss,,0
A0451,adversarial,F1,S_DIV:E_S_DIV,gt,abac_restr,AL,3,5,,G11-02300,0,withhold,0,0,abac_restr,cell-miss,,0
A0451,adversarial,F1,S_DIV:E_S_DIV,gt,idpdm,AL,3,5,,G11-02300,0,withhold,0,0,C1,cell-miss(AL),,0
A0452,adversarial,F1,H_GRP:E_H_GRP,gt,ungoverned,CP,3,5,,G02-00467,1,withhold,1,0,-,no-governance,,0
A0452,adversarial,F1,H_GRP:E_H_GRP,gt,menu,CP,3,5,,G02-00467,0,withhold,0,0,menu,template-level,,0
A0452,adversarial,F1,H_GRP:E_H_GRP,gt,abac_perm,CP,3,5,,G02-00467,0,withhold,0,0,abac_perm,cell-miss,,0
A0452,adversarial,F1,H_GRP:E_H_GRP,gt,abac_restr,CP,3,5,,G02-00467,0,withhold,0,0,abac_restr,cell-miss,,0
A0452,adversarial,F1,H_GRP:E_H_GRP,gt,idpdm,CP,3,5,,G02-00467,0,withhold,0,0,C1,cell-miss(CP),,0
A0453,adversarial,F1,F_SEC:E_F_SEC,gt,ungoverned,LN,3,5,,G05-00470,1,withhold,1,0,-,no-governance,,0
A0453,adversarial,F1,F_SEC:E_F_SEC,gt,menu,LN,3,5,,G05-00470,0,withhold,0,0,menu,template-level,,0
A0453,adversarial,F1,F_SEC:E_F_SEC,gt,abac_perm,LN,3,5,,G05-00470,0,withhold,0,0,abac_perm,cell-miss,,0
A0453,adversarial,F1,F_SEC:E_F_SEC,gt,abac_restr,LN,3,5,,G05-00470,0,withhold,0,0,abac_restr,cell-miss,,0
A0453,adversarial,F1,F_SEC:E_F_SEC,gt,idpdm,LN,3,5,,G05-00470,0,withhold,0,0,C1,cell-miss(LN),,0
A0454,adversarial,F1,C_CC:E_C_CC,gt,ungoverned,AB,2,5,,G04-00084,1,withhold,1,0,-,no-governance,,0
A0454,adversarial,F1,C_CC:E_C_CC,gt,menu,AB,2,5,,G04-00084,0,withhold,0,0,menu,template-level,,0
A0454,adversarial,F1,C_CC:E_C_CC,gt,abac_perm,AB,2,5,,G04-00084,0,withhold,0,0,abac_perm,cell-miss,,0
A0454,adversarial,F1,C_CC:E_C_CC,gt,abac_restr,AB,2,5,,G04-00084,0,withhold,0,0,abac_restr,cell-miss,,0
A0454,adversarial,F1,C_CC:E_C_CC,gt,idpdm,AB,2,5,,G04-00084,0,withhold,0,0,C1,cell-miss(AB),,0
A0455,adversarial,F1,S_DEP:E_S_DEP,gt,ungoverned,CP,3,5,,G02-00467,1,withhold,1,0,-,no-governance,,0
A0455,adversarial,F1,S_DEP:E_S_DEP,gt,menu,CP,3,5,,G02-00467,0,withhold,0,0,menu,template-level,,0
A0455,adversarial,F1,S_DEP:E_S_DEP,gt,abac_perm,CP,3,5,,G02-00467,0,withhold,0,0,abac_perm,cell-miss,,0
A0455,adversarial,F1,S_DEP:E_S_DEP,gt,abac_restr,CP,3,5,,G02-00467,0,withhold,0,0,abac_restr,cell-miss,,0
A0455,adversarial,F1,S_DEP:E_S_DEP,gt,idpdm,CP,3,5,,G02-00467,0,withhold,0,0,C1,cell-miss(CP),,0
A0456,adversarial,F1,F_DW:E_F_DW,gt,ungoverned,AL,3,5,,G11-02300,1,withhold,1,0,-,no-governance,,0
A0456,adversarial,F1,F_DW:E_F_DW,gt,menu,AL,3,5,,G11-02300,0,withhold,0,0,menu,template-level,,0
A0456,adversarial,F1,F_DW:E_F_DW,gt,abac_perm,AL,3,5,,G11-02300,0,withhold,0,0,abac_perm,cell-miss,,0
A0456,adversarial,F1,F_DW:E_F_DW,gt,abac_restr,AL,3,5,,G11-02300,0,withhold,0,0,abac_restr,cell-miss,,0
A0456,adversarial,F1,F_DW:E_F_DW,gt,idpdm,AL,3,5,,G11-02300,0,withhold,0,0,C1,cell-miss(AL),,0
A0457,adversarial,F1,H_HRO:E_H_HRO,gt,ungoverned,AL,3,5,,G11-02300,1,withhold,1,0,-,no-governance,,0
A0457,adversarial,F1,H_HRO:E_H_HRO,gt,menu,AL,3,5,,G11-02300,0,withhold,0,0,menu,template-level,,0
A0457,adversarial,F1,H_HRO:E_H_HRO,gt,abac_perm,AL,3,5,,G11-02300,0,withhold,0,0,abac_perm,cell-miss,,0
A0457,adversarial,F1,H_HRO:E_H_HRO,gt,abac_restr,AL,3,5,,G11-02300,0,withhold,0,0,abac_restr,cell-miss,,0
A0457,adversarial,F1,H_HRO:E_H_HRO,gt,idpdm,AL,3,5,,G11-02300,0,withhold,0,0,C1,cell-miss(AL),,0
A0458,adversarial,F1,F_PAY:E_F_PAY,gt,ungoverned,AB,2,5,,G04-00084,1,withhold,1,0,-,no-governance,,0
A0458,adversarial,F1,F_PAY:E_F_PAY,gt,menu,AB,2,5,,G04-00084,0,withhold,0,0,menu,template-level,,0
A0458,adversarial,F1,F_PAY:E_F_PAY,gt,abac_perm,AB,2,5,,G04-00084,0,withhold,0,0,abac_perm,cell-miss,,0
A0458,adversarial,F1,F_PAY:E_F_PAY,gt,abac_restr,AB,2,5,,G04-00084,0,withhold,0,0,abac_restr,cell-miss,,0
A0458,adversarial,F1,F_PAY:E_F_PAY,gt,idpdm,AB,2,5,,G04-00084,0,withhold,0,0,C1,cell-miss(AB),,0
A0459,adversarial,F2,S_ACC:E_S_ACC,gt,ungoverned,PB,3,5,,G09-00935,1,withhold,1,0,-,no-governance,,0
A0459,adversarial,F2,S_ACC:E_S_ACC,gt,menu,PB,3,5,,G09-00935,1,withhold,1,0,menu,template-level,,0
A0459,adversarial,F2,S_ACC:E_S_ACC,gt,abac_perm,PB,3,5,,G09-00935,1,withhold,1,0,abac_perm,cell-open(≤3) tier-blind,,0
A0459,adversarial,F2,S_ACC:E_S_ACC,gt,abac_restr,PB,3,5,,G09-00935,1,withhold,1,0,abac_restr,tier 3<=max 3,,0
A0459,adversarial,F2,S_ACC:E_S_ACC,gt,idpdm,PB,3,5,,G09-00935,0,withhold,0,0,R3,R3:row(ownership 본인 단독 아님),,0
A0460,adversarial,F2,B_RHQ:E_B_RHQ,gt,ungoverned,LN,3,5,,G05-00470,1,withhold,1,0,-,no-governance,,0
A0460,adversarial,F2,B_RHQ:E_B_RHQ,gt,menu,LN,3,5,,G05-00470,1,withhold,1,0,menu,template-level,,0
A0460,adversarial,F2,B_RHQ:E_B_RHQ,gt,abac_perm,LN,3,5,,G05-00470,1,withhold,1,0,abac_perm,cell-open(≤2) tier-blind,,0
A0460,adversarial,F2,B_RHQ:E_B_RHQ,gt,abac_restr,LN,3,5,,G05-00470,0,withhold,0,0,abac_restr,tier 3<=max 2,,0
A0460,adversarial,F2,B_RHQ:E_B_RHQ,gt,idpdm,LN,3,5,,G05-00470,0,withhold,0,0,D_final,tier 3>2,,0
A0461,adversarial,F2,C_CC:E_C_CC,gt,ungoverned,AL,3,5,,G11-02300,1,withhold,1,0,-,no-governance,,0
A0461,adversarial,F2,C_CC:E_C_CC,gt,menu,AL,3,5,,G11-02300,0,withhold,0,0,menu,template-level,,0
A0461,adversarial,F2,C_CC:E_C_CC,gt,abac_perm,AL,3,5,,G11-02300,0,withhold,0,0,abac_perm,cell-miss,,0
A0461,adversarial,F2,C_CC:E_C_CC,gt,abac_restr,AL,3,5,,G11-02300,0,withhold,0,0,abac_restr,cell-miss,,0
A0461,adversarial,F2,C_CC:E_C_CC,gt,idpdm,AL,3,5,,G11-02300,0,withhold,0,0,C1,cell-miss(AL),,0
A0462,adversarial,F2,S_DEP:E_S_DEP,gt,ungoverned,AL,3,5,,G11-02300,1,withhold,1,0,-,no-governance,,0
A0462,adversarial,F2,S_DEP:E_S_DEP,gt,menu,AL,3,5,,G11-02300,0,withhold,0,0,menu,template-level,,0
A0462,adversarial,F2,S_DEP:E_S_DEP,gt,abac_perm,AL,3,5,,G11-02300,0,withhold,0,0,abac_perm,cell-miss,,0
A0462,adversarial,F2,S_DEP:E_S_DEP,gt,abac_restr,AL,3,5,,G11-02300,0,withhold,0,0,abac_restr,cell-miss,,0
A0462,adversarial,F2,S_DEP:E_S_DEP,gt,idpdm,AL,3,5,,G11-02300,0,withhold,0,0,C1,cell-miss(AL),,0
A0463,adversarial,F2,C_CC:E_C_CC,gt,ungoverned,PB,3,5,,G09-00935,1,withhold,1,0,-,no-governance,,0
A0463,adversarial,F2,C_CC:E_C_CC,gt,menu,PB,3,5,,G09-00935,1,withhold,1,0,menu,template-level,,0
A0463,adversarial,F2,C_CC:E_C_CC,gt,abac_perm,PB,3,5,,G09-00935,1,withhold,1,0,abac_perm,cell-open(≤3) tier-blind,,0
A0463,adversarial,F2,C_CC:E_C_CC,gt,abac_restr,PB,3,5,,G09-00935,1,withhold,1,0,abac_restr,tier 3<=max 3,,0
A0463,adversarial,F2,C_CC:E_C_CC,gt,idpdm,PB,3,5,,G09-00935,0,withhold,0,0,R3,R3:row(ownership 본인 단독 아님),,0
A0464,adversarial,F2,F_DW:E_F_DW,gt,ungoverned,LN,2,5,,G05-00083,1,withhold,1,0,-,no-governance,,0
A0464,adversarial,F2,F_DW:E_F_DW,gt,menu,LN,2,5,,G05-00083,0,withhold,0,0,menu,template-level,,0
A0464,adversarial,F2,F_DW:E_F_DW,gt,abac_perm,LN,2,5,,G05-00083,0,withhold,0,0,abac_perm,cell-miss,,0
A0464,adversarial,F2,F_DW:E_F_DW,gt,abac_restr,LN,2,5,,G05-00083,0,withhold,0,0,abac_restr,cell-miss,,0
A0464,adversarial,F2,F_DW:E_F_DW,gt,idpdm,LN,2,5,,G05-00083,0,withhold,0,0,C1,cell-miss(LN),,0
A0465,adversarial,F2,H_HRO:E_H_HRO,gt,ungoverned,PB,3,5,,G09-00935,1,withhold,1,0,-,no-governance,,0
A0465,adversarial,F2,H_HRO:E_H_HRO,gt,menu,PB,3,5,,G09-00935,1,withhold,1,0,menu,template-level,,0
A0465,adversarial,F2,H_HRO:E_H_HRO,gt,abac_perm,PB,3,5,,G09-00935,1,withhold,1,0,abac_perm,cell-open(≤3) tier-blind,,0
A0465,adversarial,F2,H_HRO:E_H_HRO,gt,abac_restr,PB,3,5,,G09-00935,1,withhold,1,0,abac_restr,tier 3<=max 3,,0
A0465,adversarial,F2,H_HRO:E_H_HRO,gt,idpdm,PB,3,5,,G09-00935,0,withhold,0,0,R3,R3:row(ownership 본인 단독 아님),,0
A0466,adversarial,F2,S_ACC:E_S_ACC,gt,ungoverned,CP,3,5,,G02-00467,1,withhold,1,0,-,no-governance,,0
A0466,adversarial,F2,S_ACC:E_S_ACC,gt,menu,CP,3,5,,G02-00467,0,withhold,0,0,menu,template-level,,0
A0466,adversarial,F2,S_ACC:E_S_ACC,gt,abac_perm,CP,3,5,,G02-00467,0,withhold,0,0,abac_perm,cell-miss,,0
A0466,adversarial,F2,S_ACC:E_S_ACC,gt,abac_restr,CP,3,5,,G02-00467,0,withhold,0,0,abac_restr,cell-miss,,0
A0466,adversarial,F2,S_ACC:E_S_ACC,gt,idpdm,CP,3,5,,G02-00467,0,withhold,0,0,C1,cell-miss(CP),,0
A0467,adversarial,F2,B_RHQ:E_B_RHQ,gt,ungoverned,CP,3,5,,G02-00467,1,withhold,1,0,-,no-governance,,0
A0467,adversarial,F2,B_RHQ:E_B_RHQ,gt,menu,CP,3,5,,G02-00467,1,withhold,1,0,menu,template-level,,0
A0467,adversarial,F2,B_RHQ:E_B_RHQ,gt,abac_perm,CP,3,5,,G02-00467,1,withhold,1,0,abac_perm,cell-open(≤2) tier-blind,,0
A0467,adversarial,F2,B_RHQ:E_B_RHQ,gt,abac_restr,CP,3,5,,G02-00467,0,withhold,0,0,abac_restr,tier 3<=max 2,,0
A0467,adversarial,F2,B_RHQ:E_B_RHQ,gt,idpdm,CP,3,5,,G02-00467,0,withhold,0,0,D_final,tier 3>2,,0
A0468,adversarial,F2,F_DW:E_F_DW,gt,ungoverned,PB,3,5,,G09-00935,1,withhold,1,0,-,no-governance,,0
A0468,adversarial,F2,F_DW:E_F_DW,gt,menu,PB,3,5,,G09-00935,1,withhold,1,0,menu,template-level,,0
A0468,adversarial,F2,F_DW:E_F_DW,gt,abac_perm,PB,3,5,,G09-00935,1,withhold,1,0,abac_perm,cell-open(≤3) tier-blind,,0
A0468,adversarial,F2,F_DW:E_F_DW,gt,abac_restr,PB,3,5,,G09-00935,1,withhold,1,0,abac_restr,tier 3<=max 3,,0
A0468,adversarial,F2,F_DW:E_F_DW,gt,idpdm,PB,3,5,,G09-00935,0,withhold,0,0,R3,R3:row(ownership 본인 단독 아님),,0
A0469,adversarial,F2,F_SAL:E_F_SAL,gt,ungoverned,LN,3,5,,G05-00470,1,withhold,1,0,-,no-governance,,0
A0469,adversarial,F2,F_SAL:E_F_SAL,gt,menu,LN,3,5,,G05-00470,1,withhold,1,0,menu,template-level,,0
A0469,adversarial,F2,F_SAL:E_F_SAL,gt,abac_perm,LN,3,5,,G05-00470,1,withhold,1,0,abac_perm,cell-open(≤2) tier-blind,,0
A0469,adversarial,F2,F_SAL:E_F_SAL,gt,abac_restr,LN,3,5,,G05-00470,0,withhold,0,0,abac_restr,tier 3<=max 2,,0
A0469,adversarial,F2,F_SAL:E_F_SAL,gt,idpdm,LN,3,5,,G05-00470,0,withhold,0,0,D_final,tier 3>2,,0
A0470,adversarial,F2,F_PAY:E_F_PAY,gt,ungoverned,LN,3,5,,G05-00470,1,withhold,1,0,-,no-governance,,0
A0470,adversarial,F2,F_PAY:E_F_PAY,gt,menu,LN,3,5,,G05-00470,0,withhold,0,0,menu,template-level,,0
A0470,adversarial,F2,F_PAY:E_F_PAY,gt,abac_perm,LN,3,5,,G05-00470,0,withhold,0,0,abac_perm,cell-miss,,0
A0470,adversarial,F2,F_PAY:E_F_PAY,gt,abac_restr,LN,3,5,,G05-00470,0,withhold,0,0,abac_restr,cell-miss,,0
A0470,adversarial,F2,F_PAY:E_F_PAY,gt,idpdm,LN,3,5,,G05-00470,0,withhold,0,0,C1,cell-miss(LN),,0
A0471,adversarial,F2,S_DIV:E_S_DIV,gt,ungoverned,AL,3,5,,G11-02300,1,withhold,1,0,-,no-governance,,0
A0471,adversarial,F2,S_DIV:E_S_DIV,gt,menu,AL,3,5,,G11-02300,0,withhold,0,0,menu,template-level,,0
A0471,adversarial,F2,S_DIV:E_S_DIV,gt,abac_perm,AL,3,5,,G11-02300,0,withhold,0,0,abac_perm,cell-miss,,0
A0471,adversarial,F2,S_DIV:E_S_DIV,gt,abac_restr,AL,3,5,,G11-02300,0,withhold,0,0,abac_restr,cell-miss,,0
A0471,adversarial,F2,S_DIV:E_S_DIV,gt,idpdm,AL,3,5,,G11-02300,0,withhold,0,0,C1,cell-miss(AL),,0
A0472,adversarial,F2,H_GRP:E_H_GRP,gt,ungoverned,CP,3,5,,G02-00467,1,withhold,1,0,-,no-governance,,0
A0472,adversarial,F2,H_GRP:E_H_GRP,gt,menu,CP,3,5,,G02-00467,0,withhold,0,0,menu,template-level,,0
A0472,adversarial,F2,H_GRP:E_H_GRP,gt,abac_perm,CP,3,5,,G02-00467,0,withhold,0,0,abac_perm,cell-miss,,0
A0472,adversarial,F2,H_GRP:E_H_GRP,gt,abac_restr,CP,3,5,,G02-00467,0,withhold,0,0,abac_restr,cell-miss,,0
A0472,adversarial,F2,H_GRP:E_H_GRP,gt,idpdm,CP,3,5,,G02-00467,0,withhold,0,0,C1,cell-miss(CP),,0
A0473,adversarial,F2,F_SEC:E_F_SEC,gt,ungoverned,LN,3,5,,G05-00470,1,withhold,1,0,-,no-governance,,0
A0473,adversarial,F2,F_SEC:E_F_SEC,gt,menu,LN,3,5,,G05-00470,0,withhold,0,0,menu,template-level,,0
A0473,adversarial,F2,F_SEC:E_F_SEC,gt,abac_perm,LN,3,5,,G05-00470,0,withhold,0,0,abac_perm,cell-miss,,0
A0473,adversarial,F2,F_SEC:E_F_SEC,gt,abac_restr,LN,3,5,,G05-00470,0,withhold,0,0,abac_restr,cell-miss,,0
A0473,adversarial,F2,F_SEC:E_F_SEC,gt,idpdm,LN,3,5,,G05-00470,0,withhold,0,0,C1,cell-miss(LN),,0
A0474,adversarial,F2,C_CC:E_C_CC,gt,ungoverned,AB,2,5,,G04-00084,1,withhold,1,0,-,no-governance,,0
A0474,adversarial,F2,C_CC:E_C_CC,gt,menu,AB,2,5,,G04-00084,0,withhold,0,0,menu,template-level,,0
A0474,adversarial,F2,C_CC:E_C_CC,gt,abac_perm,AB,2,5,,G04-00084,0,withhold,0,0,abac_perm,cell-miss,,0
A0474,adversarial,F2,C_CC:E_C_CC,gt,abac_restr,AB,2,5,,G04-00084,0,withhold,0,0,abac_restr,cell-miss,,0
A0474,adversarial,F2,C_CC:E_C_CC,gt,idpdm,AB,2,5,,G04-00084,0,withhold,0,0,C1,cell-miss(AB),,0
A0475,adversarial,F2,S_DEP:E_S_DEP,gt,ungoverned,CP,3,5,,G02-00467,1,withhold,1,0,-,no-governance,,0
A0475,adversarial,F2,S_DEP:E_S_DEP,gt,menu,CP,3,5,,G02-00467,0,withhold,0,0,menu,template-level,,0
A0475,adversarial,F2,S_DEP:E_S_DEP,gt,abac_perm,CP,3,5,,G02-00467,0,withhold,0,0,abac_perm,cell-miss,,0
A0475,adversarial,F2,S_DEP:E_S_DEP,gt,abac_restr,CP,3,5,,G02-00467,0,withhold,0,0,abac_restr,cell-miss,,0
A0475,adversarial,F2,S_DEP:E_S_DEP,gt,idpdm,CP,3,5,,G02-00467,0,withhold,0,0,C1,cell-miss(CP),,0
A0476,adversarial,F2,F_DW:E_F_DW,gt,ungoverned,AL,3,5,,G11-02300,1,withhold,1,0,-,no-governance,,0
A0476,adversarial,F2,F_DW:E_F_DW,gt,menu,AL,3,5,,G11-02300,0,withhold,0,0,menu,template-level,,0
A0476,adversarial,F2,F_DW:E_F_DW,gt,abac_perm,AL,3,5,,G11-02300,0,withhold,0,0,abac_perm,cell-miss,,0
A0476,adversarial,F2,F_DW:E_F_DW,gt,abac_restr,AL,3,5,,G11-02300,0,withhold,0,0,abac_restr,cell-miss,,0
A0476,adversarial,F2,F_DW:E_F_DW,gt,idpdm,AL,3,5,,G11-02300,0,withhold,0,0,C1,cell-miss(AL),,0
A0477,adversarial,F2,H_HRO:E_H_HRO,gt,ungoverned,AL,3,5,,G11-02300,1,withhold,1,0,-,no-governance,,0
A0477,adversarial,F2,H_HRO:E_H_HRO,gt,menu,AL,3,5,,G11-02300,0,withhold,0,0,menu,template-level,,0
A0477,adversarial,F2,H_HRO:E_H_HRO,gt,abac_perm,AL,3,5,,G11-02300,0,withhold,0,0,abac_perm,cell-miss,,0
A0477,adversarial,F2,H_HRO:E_H_HRO,gt,abac_restr,AL,3,5,,G11-02300,0,withhold,0,0,abac_restr,cell-miss,,0
A0477,adversarial,F2,H_HRO:E_H_HRO,gt,idpdm,AL,3,5,,G11-02300,0,withhold,0,0,C1,cell-miss(AL),,0
A0478,adversarial,F2,F_PAY:E_F_PAY,gt,ungoverned,AB,2,5,,G04-00084,1,withhold,1,0,-,no-governance,,0
A0478,adversarial,F2,F_PAY:E_F_PAY,gt,menu,AB,2,5,,G04-00084,0,withhold,0,0,menu,template-level,,0
A0478,adversarial,F2,F_PAY:E_F_PAY,gt,abac_perm,AB,2,5,,G04-00084,0,withhold,0,0,abac_perm,cell-miss,,0
A0478,adversarial,F2,F_PAY:E_F_PAY,gt,abac_restr,AB,2,5,,G04-00084,0,withhold,0,0,abac_restr,cell-miss,,0
A0478,adversarial,F2,F_PAY:E_F_PAY,gt,idpdm,AB,2,5,,G04-00084,0,withhold,0,0,C1,cell-miss(AB),,0
A0479,adversarial,F3,S_ACC:E_S_ACC,gt,ungoverned,PB,3,5,,G09-00935,1,withhold,1,0,-,no-governance,,0
A0479,adversarial,F3,S_ACC:E_S_ACC,gt,menu,PB,3,5,,G09-00935,1,withhold,1,0,menu,template-level,,0
A0479,adversarial,F3,S_ACC:E_S_ACC,gt,abac_perm,PB,3,5,,G09-00935,1,withhold,1,0,abac_perm,cell-open(≤3) tier-blind,,0
A0479,adversarial,F3,S_ACC:E_S_ACC,gt,abac_restr,PB,3,5,,G09-00935,1,withhold,1,0,abac_restr,tier 3<=max 3,,0
A0479,adversarial,F3,S_ACC:E_S_ACC,gt,idpdm,PB,3,5,,G09-00935,0,withhold,0,0,R3,R3:row(ownership 본인 단독 아님),,0
A0480,adversarial,F3,B_RHQ:E_B_RHQ,gt,ungoverned,LN,3,5,,G05-00470,1,withhold,1,0,-,no-governance,,0
A0480,adversarial,F3,B_RHQ:E_B_RHQ,gt,menu,LN,3,5,,G05-00470,1,withhold,1,0,menu,template-level,,0
A0480,adversarial,F3,B_RHQ:E_B_RHQ,gt,abac_perm,LN,3,5,,G05-00470,1,withhold,1,0,abac_perm,cell-open(≤2) tier-blind,,0
A0480,adversarial,F3,B_RHQ:E_B_RHQ,gt,abac_restr,LN,3,5,,G05-00470,0,withhold,0,0,abac_restr,tier 3<=max 2,,0
A0480,adversarial,F3,B_RHQ:E_B_RHQ,gt,idpdm,LN,3,5,,G05-00470,0,withhold,0,0,D_final,tier 3>2,,0
A0481,adversarial,F3,C_CC:E_C_CC,gt,ungoverned,AL,3,5,,G11-02300,1,withhold,1,0,-,no-governance,,0
A0481,adversarial,F3,C_CC:E_C_CC,gt,menu,AL,3,5,,G11-02300,0,withhold,0,0,menu,template-level,,0
A0481,adversarial,F3,C_CC:E_C_CC,gt,abac_perm,AL,3,5,,G11-02300,0,withhold,0,0,abac_perm,cell-miss,,0
A0481,adversarial,F3,C_CC:E_C_CC,gt,abac_restr,AL,3,5,,G11-02300,0,withhold,0,0,abac_restr,cell-miss,,0
A0481,adversarial,F3,C_CC:E_C_CC,gt,idpdm,AL,3,5,,G11-02300,0,withhold,0,0,C1,cell-miss(AL),,0
A0482,adversarial,F3,S_DEP:E_S_DEP,gt,ungoverned,AL,3,5,,G11-02300,1,withhold,1,0,-,no-governance,,0
A0482,adversarial,F3,S_DEP:E_S_DEP,gt,menu,AL,3,5,,G11-02300,0,withhold,0,0,menu,template-level,,0
A0482,adversarial,F3,S_DEP:E_S_DEP,gt,abac_perm,AL,3,5,,G11-02300,0,withhold,0,0,abac_perm,cell-miss,,0
A0482,adversarial,F3,S_DEP:E_S_DEP,gt,abac_restr,AL,3,5,,G11-02300,0,withhold,0,0,abac_restr,cell-miss,,0
A0482,adversarial,F3,S_DEP:E_S_DEP,gt,idpdm,AL,3,5,,G11-02300,0,withhold,0,0,C1,cell-miss(AL),,0
A0483,adversarial,F3,C_CC:E_C_CC,gt,ungoverned,PB,3,5,,G09-00935,1,withhold,1,0,-,no-governance,,0
A0483,adversarial,F3,C_CC:E_C_CC,gt,menu,PB,3,5,,G09-00935,1,withhold,1,0,menu,template-level,,0
A0483,adversarial,F3,C_CC:E_C_CC,gt,abac_perm,PB,3,5,,G09-00935,1,withhold,1,0,abac_perm,cell-open(≤3) tier-blind,,0
A0483,adversarial,F3,C_CC:E_C_CC,gt,abac_restr,PB,3,5,,G09-00935,1,withhold,1,0,abac_restr,tier 3<=max 3,,0
A0483,adversarial,F3,C_CC:E_C_CC,gt,idpdm,PB,3,5,,G09-00935,0,withhold,0,0,R3,R3:row(ownership 본인 단독 아님),,0
A0484,adversarial,F3,F_DW:E_F_DW,gt,ungoverned,LN,2,5,,G05-00083,1,withhold,1,0,-,no-governance,,0
A0484,adversarial,F3,F_DW:E_F_DW,gt,menu,LN,2,5,,G05-00083,0,withhold,0,0,menu,template-level,,0
A0484,adversarial,F3,F_DW:E_F_DW,gt,abac_perm,LN,2,5,,G05-00083,0,withhold,0,0,abac_perm,cell-miss,,0
A0484,adversarial,F3,F_DW:E_F_DW,gt,abac_restr,LN,2,5,,G05-00083,0,withhold,0,0,abac_restr,cell-miss,,0
A0484,adversarial,F3,F_DW:E_F_DW,gt,idpdm,LN,2,5,,G05-00083,0,withhold,0,0,C1,cell-miss(LN),,0
A0485,adversarial,F3,H_HRO:E_H_HRO,gt,ungoverned,PB,3,5,,G09-00935,1,withhold,1,0,-,no-governance,,0
A0485,adversarial,F3,H_HRO:E_H_HRO,gt,menu,PB,3,5,,G09-00935,1,withhold,1,0,menu,template-level,,0
A0485,adversarial,F3,H_HRO:E_H_HRO,gt,abac_perm,PB,3,5,,G09-00935,1,withhold,1,0,abac_perm,cell-open(≤3) tier-blind,,0
A0485,adversarial,F3,H_HRO:E_H_HRO,gt,abac_restr,PB,3,5,,G09-00935,1,withhold,1,0,abac_restr,tier 3<=max 3,,0
A0485,adversarial,F3,H_HRO:E_H_HRO,gt,idpdm,PB,3,5,,G09-00935,0,withhold,0,0,R3,R3:row(ownership 본인 단독 아님),,0
A0486,adversarial,F3,S_ACC:E_S_ACC,gt,ungoverned,CP,3,5,,G02-00467,1,withhold,1,0,-,no-governance,,0
A0486,adversarial,F3,S_ACC:E_S_ACC,gt,menu,CP,3,5,,G02-00467,0,withhold,0,0,menu,template-level,,0
A0486,adversarial,F3,S_ACC:E_S_ACC,gt,abac_perm,CP,3,5,,G02-00467,0,withhold,0,0,abac_perm,cell-miss,,0
A0486,adversarial,F3,S_ACC:E_S_ACC,gt,abac_restr,CP,3,5,,G02-00467,0,withhold,0,0,abac_restr,cell-miss,,0
A0486,adversarial,F3,S_ACC:E_S_ACC,gt,idpdm,CP,3,5,,G02-00467,0,withhold,0,0,C1,cell-miss(CP),,0
A0487,adversarial,F3,B_RHQ:E_B_RHQ,gt,ungoverned,CP,3,5,,G02-00467,1,withhold,1,0,-,no-governance,,0
A0487,adversarial,F3,B_RHQ:E_B_RHQ,gt,menu,CP,3,5,,G02-00467,1,withhold,1,0,menu,template-level,,0
A0487,adversarial,F3,B_RHQ:E_B_RHQ,gt,abac_perm,CP,3,5,,G02-00467,1,withhold,1,0,abac_perm,cell-open(≤2) tier-blind,,0
A0487,adversarial,F3,B_RHQ:E_B_RHQ,gt,abac_restr,CP,3,5,,G02-00467,0,withhold,0,0,abac_restr,tier 3<=max 2,,0
A0487,adversarial,F3,B_RHQ:E_B_RHQ,gt,idpdm,CP,3,5,,G02-00467,0,withhold,0,0,D_final,tier 3>2,,0
A0488,adversarial,F3,F_DW:E_F_DW,gt,ungoverned,PB,3,5,,G09-00935,1,withhold,1,0,-,no-governance,,0
A0488,adversarial,F3,F_DW:E_F_DW,gt,menu,PB,3,5,,G09-00935,1,withhold,1,0,menu,template-level,,0
A0488,adversarial,F3,F_DW:E_F_DW,gt,abac_perm,PB,3,5,,G09-00935,1,withhold,1,0,abac_perm,cell-open(≤3) tier-blind,,0
A0488,adversarial,F3,F_DW:E_F_DW,gt,abac_restr,PB,3,5,,G09-00935,1,withhold,1,0,abac_restr,tier 3<=max 3,,0
A0488,adversarial,F3,F_DW:E_F_DW,gt,idpdm,PB,3,5,,G09-00935,0,withhold,0,0,R3,R3:row(ownership 본인 단독 아님),,0
A0489,adversarial,F3,F_SAL:E_F_SAL,gt,ungoverned,LN,3,5,,G05-00470,1,withhold,1,0,-,no-governance,,0
A0489,adversarial,F3,F_SAL:E_F_SAL,gt,menu,LN,3,5,,G05-00470,1,withhold,1,0,menu,template-level,,0
A0489,adversarial,F3,F_SAL:E_F_SAL,gt,abac_perm,LN,3,5,,G05-00470,1,withhold,1,0,abac_perm,cell-open(≤2) tier-blind,,0
A0489,adversarial,F3,F_SAL:E_F_SAL,gt,abac_restr,LN,3,5,,G05-00470,0,withhold,0,0,abac_restr,tier 3<=max 2,,0
A0489,adversarial,F3,F_SAL:E_F_SAL,gt,idpdm,LN,3,5,,G05-00470,0,withhold,0,0,D_final,tier 3>2,,0
A0490,adversarial,F3,F_PAY:E_F_PAY,gt,ungoverned,LN,3,5,,G05-00470,1,withhold,1,0,-,no-governance,,0
A0490,adversarial,F3,F_PAY:E_F_PAY,gt,menu,LN,3,5,,G05-00470,0,withhold,0,0,menu,template-level,,0
A0490,adversarial,F3,F_PAY:E_F_PAY,gt,abac_perm,LN,3,5,,G05-00470,0,withhold,0,0,abac_perm,cell-miss,,0
A0490,adversarial,F3,F_PAY:E_F_PAY,gt,abac_restr,LN,3,5,,G05-00470,0,withhold,0,0,abac_restr,cell-miss,,0
A0490,adversarial,F3,F_PAY:E_F_PAY,gt,idpdm,LN,3,5,,G05-00470,0,withhold,0,0,C1,cell-miss(LN),,0
A0491,adversarial,F3,S_DIV:E_S_DIV,gt,ungoverned,AL,3,5,,G11-02300,1,withhold,1,0,-,no-governance,,0
A0491,adversarial,F3,S_DIV:E_S_DIV,gt,menu,AL,3,5,,G11-02300,0,withhold,0,0,menu,template-level,,0
A0491,adversarial,F3,S_DIV:E_S_DIV,gt,abac_perm,AL,3,5,,G11-02300,0,withhold,0,0,abac_perm,cell-miss,,0
A0491,adversarial,F3,S_DIV:E_S_DIV,gt,abac_restr,AL,3,5,,G11-02300,0,withhold,0,0,abac_restr,cell-miss,,0
A0491,adversarial,F3,S_DIV:E_S_DIV,gt,idpdm,AL,3,5,,G11-02300,0,withhold,0,0,C1,cell-miss(AL),,0
A0492,adversarial,F3,H_GRP:E_H_GRP,gt,ungoverned,CP,3,5,,G02-00467,1,withhold,1,0,-,no-governance,,0
A0492,adversarial,F3,H_GRP:E_H_GRP,gt,menu,CP,3,5,,G02-00467,0,withhold,0,0,menu,template-level,,0
A0492,adversarial,F3,H_GRP:E_H_GRP,gt,abac_perm,CP,3,5,,G02-00467,0,withhold,0,0,abac_perm,cell-miss,,0
A0492,adversarial,F3,H_GRP:E_H_GRP,gt,abac_restr,CP,3,5,,G02-00467,0,withhold,0,0,abac_restr,cell-miss,,0
A0492,adversarial,F3,H_GRP:E_H_GRP,gt,idpdm,CP,3,5,,G02-00467,0,withhold,0,0,C1,cell-miss(CP),,0
A0493,adversarial,F3,F_SEC:E_F_SEC,gt,ungoverned,LN,3,5,,G05-00470,1,withhold,1,0,-,no-governance,,0
A0493,adversarial,F3,F_SEC:E_F_SEC,gt,menu,LN,3,5,,G05-00470,0,withhold,0,0,menu,template-level,,0
A0493,adversarial,F3,F_SEC:E_F_SEC,gt,abac_perm,LN,3,5,,G05-00470,0,withhold,0,0,abac_perm,cell-miss,,0
A0493,adversarial,F3,F_SEC:E_F_SEC,gt,abac_restr,LN,3,5,,G05-00470,0,withhold,0,0,abac_restr,cell-miss,,0
A0493,adversarial,F3,F_SEC:E_F_SEC,gt,idpdm,LN,3,5,,G05-00470,0,withhold,0,0,C1,cell-miss(LN),,0
A0494,adversarial,F3,C_CC:E_C_CC,gt,ungoverned,AB,2,5,,G04-00084,1,withhold,1,0,-,no-governance,,0
A0494,adversarial,F3,C_CC:E_C_CC,gt,menu,AB,2,5,,G04-00084,0,withhold,0,0,menu,template-level,,0
A0494,adversarial,F3,C_CC:E_C_CC,gt,abac_perm,AB,2,5,,G04-00084,0,withhold,0,0,abac_perm,cell-miss,,0
A0494,adversarial,F3,C_CC:E_C_CC,gt,abac_restr,AB,2,5,,G04-00084,0,withhold,0,0,abac_restr,cell-miss,,0
A0494,adversarial,F3,C_CC:E_C_CC,gt,idpdm,AB,2,5,,G04-00084,0,withhold,0,0,C1,cell-miss(AB),,0
A0495,adversarial,F3,S_DEP:E_S_DEP,gt,ungoverned,CP,3,5,,G02-00467,1,withhold,1,0,-,no-governance,,0
A0495,adversarial,F3,S_DEP:E_S_DEP,gt,menu,CP,3,5,,G02-00467,0,withhold,0,0,menu,template-level,,0
A0495,adversarial,F3,S_DEP:E_S_DEP,gt,abac_perm,CP,3,5,,G02-00467,0,withhold,0,0,abac_perm,cell-miss,,0
A0495,adversarial,F3,S_DEP:E_S_DEP,gt,abac_restr,CP,3,5,,G02-00467,0,withhold,0,0,abac_restr,cell-miss,,0
A0495,adversarial,F3,S_DEP:E_S_DEP,gt,idpdm,CP,3,5,,G02-00467,0,withhold,0,0,C1,cell-miss(CP),,0
A0496,adversarial,F3,F_DW:E_F_DW,gt,ungoverned,AL,3,5,,G11-02300,1,withhold,1,0,-,no-governance,,0
A0496,adversarial,F3,F_DW:E_F_DW,gt,menu,AL,3,5,,G11-02300,0,withhold,0,0,menu,template-level,,0
A0496,adversarial,F3,F_DW:E_F_DW,gt,abac_perm,AL,3,5,,G11-02300,0,withhold,0,0,abac_perm,cell-miss,,0
A0496,adversarial,F3,F_DW:E_F_DW,gt,abac_restr,AL,3,5,,G11-02300,0,withhold,0,0,abac_restr,cell-miss,,0
A0496,adversarial,F3,F_DW:E_F_DW,gt,idpdm,AL,3,5,,G11-02300,0,withhold,0,0,C1,cell-miss(AL),,0
A0497,adversarial,F3,H_HRO:E_H_HRO,gt,ungoverned,AL,3,5,,G11-02300,1,withhold,1,0,-,no-governance,,0
A0497,adversarial,F3,H_HRO:E_H_HRO,gt,menu,AL,3,5,,G11-02300,0,withhold,0,0,menu,template-level,,0
A0497,adversarial,F3,H_HRO:E_H_HRO,gt,abac_perm,AL,3,5,,G11-02300,0,withhold,0,0,abac_perm,cell-miss,,0
A0497,adversarial,F3,H_HRO:E_H_HRO,gt,abac_restr,AL,3,5,,G11-02300,0,withhold,0,0,abac_restr,cell-miss,,0
A0497,adversarial,F3,H_HRO:E_H_HRO,gt,idpdm,AL,3,5,,G11-02300,0,withhold,0,0,C1,cell-miss(AL),,0
A0498,adversarial,F3,F_PAY:E_F_PAY,gt,ungoverned,AB,2,5,,G04-00084,1,withhold,1,0,-,no-governance,,0
A0498,adversarial,F3,F_PAY:E_F_PAY,gt,menu,AB,2,5,,G04-00084,0,withhold,0,0,menu,template-level,,0
A0498,adversarial,F3,F_PAY:E_F_PAY,gt,abac_perm,AB,2,5,,G04-00084,0,withhold,0,0,abac_perm,cell-miss,,0
A0498,adversarial,F3,F_PAY:E_F_PAY,gt,abac_restr,AB,2,5,,G04-00084,0,withhold,0,0,abac_restr,cell-miss,,0
A0498,adversarial,F3,F_PAY:E_F_PAY,gt,idpdm,AB,2,5,,G04-00084,0,withhold,0,0,C1,cell-miss(AB),,0
A0499,adversarial,F4,S_ACC:E_S_ACC,gt,ungoverned,PB,3,5,,G09-00935,1,withhold,1,0,-,no-governance,,0
A0499,adversarial,F4,S_ACC:E_S_ACC,gt,menu,PB,3,5,,G09-00935,1,withhold,1,0,menu,template-level,,0
A0499,adversarial,F4,S_ACC:E_S_ACC,gt,abac_perm,PB,3,5,,G09-00935,1,withhold,1,0,abac_perm,cell-open(≤3) tier-blind,,0
A0499,adversarial,F4,S_ACC:E_S_ACC,gt,abac_restr,PB,3,5,,G09-00935,1,withhold,1,0,abac_restr,tier 3<=max 3,,0
A0499,adversarial,F4,S_ACC:E_S_ACC,gt,idpdm,PB,3,5,,G09-00935,0,withhold,0,0,R3,R3:row(ownership 본인 단독 아님),,0
A0500,adversarial,F4,B_RHQ:E_B_RHQ,gt,ungoverned,LN,3,5,,G05-00470,1,withhold,1,0,-,no-governance,,0
A0500,adversarial,F4,B_RHQ:E_B_RHQ,gt,menu,LN,3,5,,G05-00470,1,withhold,1,0,menu,template-level,,0
A0500,adversarial,F4,B_RHQ:E_B_RHQ,gt,abac_perm,LN,3,5,,G05-00470,1,withhold,1,0,abac_perm,cell-open(≤2) tier-blind,,0
A0500,adversarial,F4,B_RHQ:E_B_RHQ,gt,abac_restr,LN,3,5,,G05-00470,0,withhold,0,0,abac_restr,tier 3<=max 2,,0
A0500,adversarial,F4,B_RHQ:E_B_RHQ,gt,idpdm,LN,3,5,,G05-00470,0,withhold,0,0,D_final,tier 3>2,,0
A0501,adversarial,F4,C_CC:E_C_CC,gt,ungoverned,AL,3,5,,G11-02300,1,withhold,1,0,-,no-governance,,0
A0501,adversarial,F4,C_CC:E_C_CC,gt,menu,AL,3,5,,G11-02300,0,withhold,0,0,menu,template-level,,0
A0501,adversarial,F4,C_CC:E_C_CC,gt,abac_perm,AL,3,5,,G11-02300,0,withhold,0,0,abac_perm,cell-miss,,0
A0501,adversarial,F4,C_CC:E_C_CC,gt,abac_restr,AL,3,5,,G11-02300,0,withhold,0,0,abac_restr,cell-miss,,0
A0501,adversarial,F4,C_CC:E_C_CC,gt,idpdm,AL,3,5,,G11-02300,0,withhold,0,0,C1,cell-miss(AL),,0
A0502,adversarial,F4,S_DEP:E_S_DEP,gt,ungoverned,AL,3,5,,G11-02300,1,withhold,1,0,-,no-governance,,0
A0502,adversarial,F4,S_DEP:E_S_DEP,gt,menu,AL,3,5,,G11-02300,0,withhold,0,0,menu,template-level,,0
A0502,adversarial,F4,S_DEP:E_S_DEP,gt,abac_perm,AL,3,5,,G11-02300,0,withhold,0,0,abac_perm,cell-miss,,0
A0502,adversarial,F4,S_DEP:E_S_DEP,gt,abac_restr,AL,3,5,,G11-02300,0,withhold,0,0,abac_restr,cell-miss,,0
A0502,adversarial,F4,S_DEP:E_S_DEP,gt,idpdm,AL,3,5,,G11-02300,0,withhold,0,0,C1,cell-miss(AL),,0
A0503,adversarial,F4,C_CC:E_C_CC,gt,ungoverned,PB,3,5,,G09-00935,1,withhold,1,0,-,no-governance,,0
A0503,adversarial,F4,C_CC:E_C_CC,gt,menu,PB,3,5,,G09-00935,1,withhold,1,0,menu,template-level,,0
A0503,adversarial,F4,C_CC:E_C_CC,gt,abac_perm,PB,3,5,,G09-00935,1,withhold,1,0,abac_perm,cell-open(≤3) tier-blind,,0
A0503,adversarial,F4,C_CC:E_C_CC,gt,abac_restr,PB,3,5,,G09-00935,1,withhold,1,0,abac_restr,tier 3<=max 3,,0
A0503,adversarial,F4,C_CC:E_C_CC,gt,idpdm,PB,3,5,,G09-00935,0,withhold,0,0,R3,R3:row(ownership 본인 단독 아님),,0
A0504,adversarial,F4,F_DW:E_F_DW,gt,ungoverned,LN,2,5,,G05-00083,1,withhold,1,0,-,no-governance,,0
A0504,adversarial,F4,F_DW:E_F_DW,gt,menu,LN,2,5,,G05-00083,0,withhold,0,0,menu,template-level,,0
A0504,adversarial,F4,F_DW:E_F_DW,gt,abac_perm,LN,2,5,,G05-00083,0,withhold,0,0,abac_perm,cell-miss,,0
A0504,adversarial,F4,F_DW:E_F_DW,gt,abac_restr,LN,2,5,,G05-00083,0,withhold,0,0,abac_restr,cell-miss,,0
A0504,adversarial,F4,F_DW:E_F_DW,gt,idpdm,LN,2,5,,G05-00083,0,withhold,0,0,C1,cell-miss(LN),,0
A0505,adversarial,F4,H_HRO:E_H_HRO,gt,ungoverned,PB,3,5,,G09-00935,1,withhold,1,0,-,no-governance,,0
A0505,adversarial,F4,H_HRO:E_H_HRO,gt,menu,PB,3,5,,G09-00935,1,withhold,1,0,menu,template-level,,0
A0505,adversarial,F4,H_HRO:E_H_HRO,gt,abac_perm,PB,3,5,,G09-00935,1,withhold,1,0,abac_perm,cell-open(≤3) tier-blind,,0
A0505,adversarial,F4,H_HRO:E_H_HRO,gt,abac_restr,PB,3,5,,G09-00935,1,withhold,1,0,abac_restr,tier 3<=max 3,,0
A0505,adversarial,F4,H_HRO:E_H_HRO,gt,idpdm,PB,3,5,,G09-00935,0,withhold,0,0,R3,R3:row(ownership 본인 단독 아님),,0
A0506,adversarial,F4,S_ACC:E_S_ACC,gt,ungoverned,CP,3,5,,G02-00467,1,withhold,1,0,-,no-governance,,0
A0506,adversarial,F4,S_ACC:E_S_ACC,gt,menu,CP,3,5,,G02-00467,0,withhold,0,0,menu,template-level,,0
A0506,adversarial,F4,S_ACC:E_S_ACC,gt,abac_perm,CP,3,5,,G02-00467,0,withhold,0,0,abac_perm,cell-miss,,0
A0506,adversarial,F4,S_ACC:E_S_ACC,gt,abac_restr,CP,3,5,,G02-00467,0,withhold,0,0,abac_restr,cell-miss,,0
A0506,adversarial,F4,S_ACC:E_S_ACC,gt,idpdm,CP,3,5,,G02-00467,0,withhold,0,0,C1,cell-miss(CP),,0
A0507,adversarial,F4,B_RHQ:E_B_RHQ,gt,ungoverned,CP,3,5,,G02-00467,1,withhold,1,0,-,no-governance,,0
A0507,adversarial,F4,B_RHQ:E_B_RHQ,gt,menu,CP,3,5,,G02-00467,1,withhold,1,0,menu,template-level,,0
A0507,adversarial,F4,B_RHQ:E_B_RHQ,gt,abac_perm,CP,3,5,,G02-00467,1,withhold,1,0,abac_perm,cell-open(≤2) tier-blind,,0
A0507,adversarial,F4,B_RHQ:E_B_RHQ,gt,abac_restr,CP,3,5,,G02-00467,0,withhold,0,0,abac_restr,tier 3<=max 2,,0
A0507,adversarial,F4,B_RHQ:E_B_RHQ,gt,idpdm,CP,3,5,,G02-00467,0,withhold,0,0,D_final,tier 3>2,,0
A0508,adversarial,F4,F_DW:E_F_DW,gt,ungoverned,PB,3,5,,G09-00935,1,withhold,1,0,-,no-governance,,0
A0508,adversarial,F4,F_DW:E_F_DW,gt,menu,PB,3,5,,G09-00935,1,withhold,1,0,menu,template-level,,0
A0508,adversarial,F4,F_DW:E_F_DW,gt,abac_perm,PB,3,5,,G09-00935,1,withhold,1,0,abac_perm,cell-open(≤3) tier-blind,,0
A0508,adversarial,F4,F_DW:E_F_DW,gt,abac_restr,PB,3,5,,G09-00935,1,withhold,1,0,abac_restr,tier 3<=max 3,,0
A0508,adversarial,F4,F_DW:E_F_DW,gt,idpdm,PB,3,5,,G09-00935,0,withhold,0,0,R3,R3:row(ownership 본인 단독 아님),,0
A0509,adversarial,F4,F_SAL:E_F_SAL,gt,ungoverned,LN,3,5,,G05-00470,1,withhold,1,0,-,no-governance,,0
A0509,adversarial,F4,F_SAL:E_F_SAL,gt,menu,LN,3,5,,G05-00470,1,withhold,1,0,menu,template-level,,0
A0509,adversarial,F4,F_SAL:E_F_SAL,gt,abac_perm,LN,3,5,,G05-00470,1,withhold,1,0,abac_perm,cell-open(≤2) tier-blind,,0
A0509,adversarial,F4,F_SAL:E_F_SAL,gt,abac_restr,LN,3,5,,G05-00470,0,withhold,0,0,abac_restr,tier 3<=max 2,,0
A0509,adversarial,F4,F_SAL:E_F_SAL,gt,idpdm,LN,3,5,,G05-00470,0,withhold,0,0,D_final,tier 3>2,,0
A0510,adversarial,F4,F_PAY:E_F_PAY,gt,ungoverned,LN,3,5,,G05-00470,1,withhold,1,0,-,no-governance,,0
A0510,adversarial,F4,F_PAY:E_F_PAY,gt,menu,LN,3,5,,G05-00470,0,withhold,0,0,menu,template-level,,0
A0510,adversarial,F4,F_PAY:E_F_PAY,gt,abac_perm,LN,3,5,,G05-00470,0,withhold,0,0,abac_perm,cell-miss,,0
A0510,adversarial,F4,F_PAY:E_F_PAY,gt,abac_restr,LN,3,5,,G05-00470,0,withhold,0,0,abac_restr,cell-miss,,0
A0510,adversarial,F4,F_PAY:E_F_PAY,gt,idpdm,LN,3,5,,G05-00470,0,withhold,0,0,C1,cell-miss(LN),,0
A0511,adversarial,F4,S_DIV:E_S_DIV,gt,ungoverned,AL,3,5,,G11-02300,1,withhold,1,0,-,no-governance,,0
A0511,adversarial,F4,S_DIV:E_S_DIV,gt,menu,AL,3,5,,G11-02300,0,withhold,0,0,menu,template-level,,0
A0511,adversarial,F4,S_DIV:E_S_DIV,gt,abac_perm,AL,3,5,,G11-02300,0,withhold,0,0,abac_perm,cell-miss,,0
A0511,adversarial,F4,S_DIV:E_S_DIV,gt,abac_restr,AL,3,5,,G11-02300,0,withhold,0,0,abac_restr,cell-miss,,0
A0511,adversarial,F4,S_DIV:E_S_DIV,gt,idpdm,AL,3,5,,G11-02300,0,withhold,0,0,C1,cell-miss(AL),,0
A0512,adversarial,F4,H_GRP:E_H_GRP,gt,ungoverned,CP,3,5,,G02-00467,1,withhold,1,0,-,no-governance,,0
A0512,adversarial,F4,H_GRP:E_H_GRP,gt,menu,CP,3,5,,G02-00467,0,withhold,0,0,menu,template-level,,0
A0512,adversarial,F4,H_GRP:E_H_GRP,gt,abac_perm,CP,3,5,,G02-00467,0,withhold,0,0,abac_perm,cell-miss,,0
A0512,adversarial,F4,H_GRP:E_H_GRP,gt,abac_restr,CP,3,5,,G02-00467,0,withhold,0,0,abac_restr,cell-miss,,0
A0512,adversarial,F4,H_GRP:E_H_GRP,gt,idpdm,CP,3,5,,G02-00467,0,withhold,0,0,C1,cell-miss(CP),,0
A0513,adversarial,F4,F_SEC:E_F_SEC,gt,ungoverned,LN,3,5,,G05-00470,1,withhold,1,0,-,no-governance,,0
A0513,adversarial,F4,F_SEC:E_F_SEC,gt,menu,LN,3,5,,G05-00470,0,withhold,0,0,menu,template-level,,0
A0513,adversarial,F4,F_SEC:E_F_SEC,gt,abac_perm,LN,3,5,,G05-00470,0,withhold,0,0,abac_perm,cell-miss,,0
A0513,adversarial,F4,F_SEC:E_F_SEC,gt,abac_restr,LN,3,5,,G05-00470,0,withhold,0,0,abac_restr,cell-miss,,0
A0513,adversarial,F4,F_SEC:E_F_SEC,gt,idpdm,LN,3,5,,G05-00470,0,withhold,0,0,C1,cell-miss(LN),,0
A0514,adversarial,F4,C_CC:E_C_CC,gt,ungoverned,AB,2,5,,G04-00084,1,withhold,1,0,-,no-governance,,0
A0514,adversarial,F4,C_CC:E_C_CC,gt,menu,AB,2,5,,G04-00084,0,withhold,0,0,menu,template-level,,0
A0514,adversarial,F4,C_CC:E_C_CC,gt,abac_perm,AB,2,5,,G04-00084,0,withhold,0,0,abac_perm,cell-miss,,0
A0514,adversarial,F4,C_CC:E_C_CC,gt,abac_restr,AB,2,5,,G04-00084,0,withhold,0,0,abac_restr,cell-miss,,0
A0514,adversarial,F4,C_CC:E_C_CC,gt,idpdm,AB,2,5,,G04-00084,0,withhold,0,0,C1,cell-miss(AB),,0
A0515,adversarial,F5,S_ACC:E_S_ACC,gt,ungoverned,PB,3,5,,G09-00935,1,withhold,1,0,-,no-governance,,0
A0515,adversarial,F5,S_ACC:E_S_ACC,gt,menu,PB,3,5,,G09-00935,1,withhold,1,0,menu,template-level,,0
A0515,adversarial,F5,S_ACC:E_S_ACC,gt,abac_perm,PB,3,5,,G09-00935,1,withhold,1,0,abac_perm,cell-open(≤3) tier-blind,,0
A0515,adversarial,F5,S_ACC:E_S_ACC,gt,abac_restr,PB,3,5,,G09-00935,1,withhold,1,0,abac_restr,tier 3<=max 3,,0
A0515,adversarial,F5,S_ACC:E_S_ACC,gt,idpdm,PB,3,5,,G09-00935,0,withhold,0,0,R3,R3:row(ownership 본인 단독 아님),,0
A0516,adversarial,F5,B_RHQ:E_B_RHQ,gt,ungoverned,LN,3,5,,G05-00470,1,withhold,1,0,-,no-governance,,0
A0516,adversarial,F5,B_RHQ:E_B_RHQ,gt,menu,LN,3,5,,G05-00470,1,withhold,1,0,menu,template-level,,0
A0516,adversarial,F5,B_RHQ:E_B_RHQ,gt,abac_perm,LN,3,5,,G05-00470,1,withhold,1,0,abac_perm,cell-open(≤2) tier-blind,,0
A0516,adversarial,F5,B_RHQ:E_B_RHQ,gt,abac_restr,LN,3,5,,G05-00470,0,withhold,0,0,abac_restr,tier 3<=max 2,,0
A0516,adversarial,F5,B_RHQ:E_B_RHQ,gt,idpdm,LN,3,5,,G05-00470,0,withhold,0,0,D_final,tier 3>2,,0
A0517,adversarial,F5,C_CC:E_C_CC,gt,ungoverned,AL,3,5,,G11-02300,1,withhold,1,0,-,no-governance,,0
A0517,adversarial,F5,C_CC:E_C_CC,gt,menu,AL,3,5,,G11-02300,0,withhold,0,0,menu,template-level,,0
A0517,adversarial,F5,C_CC:E_C_CC,gt,abac_perm,AL,3,5,,G11-02300,0,withhold,0,0,abac_perm,cell-miss,,0
A0517,adversarial,F5,C_CC:E_C_CC,gt,abac_restr,AL,3,5,,G11-02300,0,withhold,0,0,abac_restr,cell-miss,,0
A0517,adversarial,F5,C_CC:E_C_CC,gt,idpdm,AL,3,5,,G11-02300,0,withhold,0,0,C1,cell-miss(AL),,0
A0518,adversarial,F5,S_DEP:E_S_DEP,gt,ungoverned,AL,3,5,,G11-02300,1,withhold,1,0,-,no-governance,,0
A0518,adversarial,F5,S_DEP:E_S_DEP,gt,menu,AL,3,5,,G11-02300,0,withhold,0,0,menu,template-level,,0
A0518,adversarial,F5,S_DEP:E_S_DEP,gt,abac_perm,AL,3,5,,G11-02300,0,withhold,0,0,abac_perm,cell-miss,,0
A0518,adversarial,F5,S_DEP:E_S_DEP,gt,abac_restr,AL,3,5,,G11-02300,0,withhold,0,0,abac_restr,cell-miss,,0
A0518,adversarial,F5,S_DEP:E_S_DEP,gt,idpdm,AL,3,5,,G11-02300,0,withhold,0,0,C1,cell-miss(AL),,0
A0519,adversarial,F5,C_CC:E_C_CC,gt,ungoverned,PB,3,5,,G09-00935,1,withhold,1,0,-,no-governance,,0
A0519,adversarial,F5,C_CC:E_C_CC,gt,menu,PB,3,5,,G09-00935,1,withhold,1,0,menu,template-level,,0
A0519,adversarial,F5,C_CC:E_C_CC,gt,abac_perm,PB,3,5,,G09-00935,1,withhold,1,0,abac_perm,cell-open(≤3) tier-blind,,0
A0519,adversarial,F5,C_CC:E_C_CC,gt,abac_restr,PB,3,5,,G09-00935,1,withhold,1,0,abac_restr,tier 3<=max 3,,0
A0519,adversarial,F5,C_CC:E_C_CC,gt,idpdm,PB,3,5,,G09-00935,0,withhold,0,0,R3,R3:row(ownership 본인 단독 아님),,0
A0520,adversarial,F5,F_DW:E_F_DW,gt,ungoverned,LN,2,5,,G05-00083,1,withhold,1,0,-,no-governance,,0
A0520,adversarial,F5,F_DW:E_F_DW,gt,menu,LN,2,5,,G05-00083,0,withhold,0,0,menu,template-level,,0
A0520,adversarial,F5,F_DW:E_F_DW,gt,abac_perm,LN,2,5,,G05-00083,0,withhold,0,0,abac_perm,cell-miss,,0
A0520,adversarial,F5,F_DW:E_F_DW,gt,abac_restr,LN,2,5,,G05-00083,0,withhold,0,0,abac_restr,cell-miss,,0
A0520,adversarial,F5,F_DW:E_F_DW,gt,idpdm,LN,2,5,,G05-00083,0,withhold,0,0,C1,cell-miss(LN),,0
A0521,adversarial,F5,H_HRO:E_H_HRO,gt,ungoverned,PB,3,5,,G09-00935,1,withhold,1,0,-,no-governance,,0
A0521,adversarial,F5,H_HRO:E_H_HRO,gt,menu,PB,3,5,,G09-00935,1,withhold,1,0,menu,template-level,,0
A0521,adversarial,F5,H_HRO:E_H_HRO,gt,abac_perm,PB,3,5,,G09-00935,1,withhold,1,0,abac_perm,cell-open(≤3) tier-blind,,0
A0521,adversarial,F5,H_HRO:E_H_HRO,gt,abac_restr,PB,3,5,,G09-00935,1,withhold,1,0,abac_restr,tier 3<=max 3,,0
A0521,adversarial,F5,H_HRO:E_H_HRO,gt,idpdm,PB,3,5,,G09-00935,0,withhold,0,0,R3,R3:row(ownership 본인 단독 아님),,0
A0522,adversarial,F5,S_ACC:E_S_ACC,gt,ungoverned,CP,3,5,,G02-00467,1,withhold,1,0,-,no-governance,,0
A0522,adversarial,F5,S_ACC:E_S_ACC,gt,menu,CP,3,5,,G02-00467,0,withhold,0,0,menu,template-level,,0
A0522,adversarial,F5,S_ACC:E_S_ACC,gt,abac_perm,CP,3,5,,G02-00467,0,withhold,0,0,abac_perm,cell-miss,,0
A0522,adversarial,F5,S_ACC:E_S_ACC,gt,abac_restr,CP,3,5,,G02-00467,0,withhold,0,0,abac_restr,cell-miss,,0
A0522,adversarial,F5,S_ACC:E_S_ACC,gt,idpdm,CP,3,5,,G02-00467,0,withhold,0,0,C1,cell-miss(CP),,0
A0523,adversarial,F5,B_RHQ:E_B_RHQ,gt,ungoverned,CP,3,5,,G02-00467,1,withhold,1,0,-,no-governance,,0
A0523,adversarial,F5,B_RHQ:E_B_RHQ,gt,menu,CP,3,5,,G02-00467,1,withhold,1,0,menu,template-level,,0
A0523,adversarial,F5,B_RHQ:E_B_RHQ,gt,abac_perm,CP,3,5,,G02-00467,1,withhold,1,0,abac_perm,cell-open(≤2) tier-blind,,0
A0523,adversarial,F5,B_RHQ:E_B_RHQ,gt,abac_restr,CP,3,5,,G02-00467,0,withhold,0,0,abac_restr,tier 3<=max 2,,0
A0523,adversarial,F5,B_RHQ:E_B_RHQ,gt,idpdm,CP,3,5,,G02-00467,0,withhold,0,0,D_final,tier 3>2,,0
A0524,adversarial,F5,F_DW:E_F_DW,gt,ungoverned,PB,3,5,,G09-00935,1,withhold,1,0,-,no-governance,,0
A0524,adversarial,F5,F_DW:E_F_DW,gt,menu,PB,3,5,,G09-00935,1,withhold,1,0,menu,template-level,,0
A0524,adversarial,F5,F_DW:E_F_DW,gt,abac_perm,PB,3,5,,G09-00935,1,withhold,1,0,abac_perm,cell-open(≤3) tier-blind,,0
A0524,adversarial,F5,F_DW:E_F_DW,gt,abac_restr,PB,3,5,,G09-00935,1,withhold,1,0,abac_restr,tier 3<=max 3,,0
A0524,adversarial,F5,F_DW:E_F_DW,gt,idpdm,PB,3,5,,G09-00935,0,withhold,0,0,R3,R3:row(ownership 본인 단독 아님),,0
A0525,adversarial,F5,F_SAL:E_F_SAL,gt,ungoverned,LN,3,5,,G05-00470,1,withhold,1,0,-,no-governance,,0
A0525,adversarial,F5,F_SAL:E_F_SAL,gt,menu,LN,3,5,,G05-00470,1,withhold,1,0,menu,template-level,,0
A0525,adversarial,F5,F_SAL:E_F_SAL,gt,abac_perm,LN,3,5,,G05-00470,1,withhold,1,0,abac_perm,cell-open(≤2) tier-blind,,0
A0525,adversarial,F5,F_SAL:E_F_SAL,gt,abac_restr,LN,3,5,,G05-00470,0,withhold,0,0,abac_restr,tier 3<=max 2,,0
A0525,adversarial,F5,F_SAL:E_F_SAL,gt,idpdm,LN,3,5,,G05-00470,0,withhold,0,0,D_final,tier 3>2,,0
A0526,adversarial,F5,F_PAY:E_F_PAY,gt,ungoverned,LN,3,5,,G05-00470,1,withhold,1,0,-,no-governance,,0
A0526,adversarial,F5,F_PAY:E_F_PAY,gt,menu,LN,3,5,,G05-00470,0,withhold,0,0,menu,template-level,,0
A0526,adversarial,F5,F_PAY:E_F_PAY,gt,abac_perm,LN,3,5,,G05-00470,0,withhold,0,0,abac_perm,cell-miss,,0
A0526,adversarial,F5,F_PAY:E_F_PAY,gt,abac_restr,LN,3,5,,G05-00470,0,withhold,0,0,abac_restr,cell-miss,,0
A0526,adversarial,F5,F_PAY:E_F_PAY,gt,idpdm,LN,3,5,,G05-00470,0,withhold,0,0,C1,cell-miss(LN),,0
A0527,adversarial,F5,S_DIV:E_S_DIV,gt,ungoverned,AL,3,5,,G11-02300,1,withhold,1,0,-,no-governance,,0
A0527,adversarial,F5,S_DIV:E_S_DIV,gt,menu,AL,3,5,,G11-02300,0,withhold,0,0,menu,template-level,,0
A0527,adversarial,F5,S_DIV:E_S_DIV,gt,abac_perm,AL,3,5,,G11-02300,0,withhold,0,0,abac_perm,cell-miss,,0
A0527,adversarial,F5,S_DIV:E_S_DIV,gt,abac_restr,AL,3,5,,G11-02300,0,withhold,0,0,abac_restr,cell-miss,,0
A0527,adversarial,F5,S_DIV:E_S_DIV,gt,idpdm,AL,3,5,,G11-02300,0,withhold,0,0,C1,cell-miss(AL),,0
A0528,adversarial,F5,H_GRP:E_H_GRP,gt,ungoverned,CP,3,5,,G02-00467,1,withhold,1,0,-,no-governance,,0
A0528,adversarial,F5,H_GRP:E_H_GRP,gt,menu,CP,3,5,,G02-00467,0,withhold,0,0,menu,template-level,,0
A0528,adversarial,F5,H_GRP:E_H_GRP,gt,abac_perm,CP,3,5,,G02-00467,0,withhold,0,0,abac_perm,cell-miss,,0
A0528,adversarial,F5,H_GRP:E_H_GRP,gt,abac_restr,CP,3,5,,G02-00467,0,withhold,0,0,abac_restr,cell-miss,,0
A0528,adversarial,F5,H_GRP:E_H_GRP,gt,idpdm,CP,3,5,,G02-00467,0,withhold,0,0,C1,cell-miss(CP),,0
A0529,adversarial,F5,F_SEC:E_F_SEC,gt,ungoverned,LN,3,5,,G05-00470,1,withhold,1,0,-,no-governance,,0
A0529,adversarial,F5,F_SEC:E_F_SEC,gt,menu,LN,3,5,,G05-00470,0,withhold,0,0,menu,template-level,,0
A0529,adversarial,F5,F_SEC:E_F_SEC,gt,abac_perm,LN,3,5,,G05-00470,0,withhold,0,0,abac_perm,cell-miss,,0
A0529,adversarial,F5,F_SEC:E_F_SEC,gt,abac_restr,LN,3,5,,G05-00470,0,withhold,0,0,abac_restr,cell-miss,,0
A0529,adversarial,F5,F_SEC:E_F_SEC,gt,idpdm,LN,3,5,,G05-00470,0,withhold,0,0,C1,cell-miss(LN),,0
A0530,adversarial,F5,C_CC:E_C_CC,gt,ungoverned,AB,2,5,,G04-00084,1,withhold,1,0,-,no-governance,,0
A0530,adversarial,F5,C_CC:E_C_CC,gt,menu,AB,2,5,,G04-00084,0,withhold,0,0,menu,template-level,,0
A0530,adversarial,F5,C_CC:E_C_CC,gt,abac_perm,AB,2,5,,G04-00084,0,withhold,0,0,abac_perm,cell-miss,,0
A0530,adversarial,F5,C_CC:E_C_CC,gt,abac_restr,AB,2,5,,G04-00084,0,withhold,0,0,abac_restr,cell-miss,,0
A0530,adversarial,F5,C_CC:E_C_CC,gt,idpdm,AB,2,5,,G04-00084,0,withhold,0,0,C1,cell-miss(AB),,0
A0531,adversarial,F5,S_DEP:E_S_DEP,gt,ungoverned,CP,3,5,,G02-00467,1,withhold,1,0,-,no-governance,,0
A0531,adversarial,F5,S_DEP:E_S_DEP,gt,menu,CP,3,5,,G02-00467,0,withhold,0,0,menu,template-level,,0
A0531,adversarial,F5,S_DEP:E_S_DEP,gt,abac_perm,CP,3,5,,G02-00467,0,withhold,0,0,abac_perm,cell-miss,,0
A0531,adversarial,F5,S_DEP:E_S_DEP,gt,abac_restr,CP,3,5,,G02-00467,0,withhold,0,0,abac_restr,cell-miss,,0
A0531,adversarial,F5,S_DEP:E_S_DEP,gt,idpdm,CP,3,5,,G02-00467,0,withhold,0,0,C1,cell-miss(CP),,0
A0532,adversarial,F5,F_DW:E_F_DW,gt,ungoverned,AL,3,5,,G11-02300,1,withhold,1,0,-,no-governance,,0
A0532,adversarial,F5,F_DW:E_F_DW,gt,menu,AL,3,5,,G11-02300,0,withhold,0,0,menu,template-level,,0
A0532,adversarial,F5,F_DW:E_F_DW,gt,abac_perm,AL,3,5,,G11-02300,0,withhold,0,0,abac_perm,cell-miss,,0
A0532,adversarial,F5,F_DW:E_F_DW,gt,abac_restr,AL,3,5,,G11-02300,0,withhold,0,0,abac_restr,cell-miss,,0
A0532,adversarial,F5,F_DW:E_F_DW,gt,idpdm,AL,3,5,,G11-02300,0,withhold,0,0,C1,cell-miss(AL),,0
A0533,adversarial,F5,H_HRO:E_H_HRO,gt,ungoverned,AL,3,5,,G11-02300,1,withhold,1,0,-,no-governance,,0
A0533,adversarial,F5,H_HRO:E_H_HRO,gt,menu,AL,3,5,,G11-02300,0,withhold,0,0,menu,template-level,,0
A0533,adversarial,F5,H_HRO:E_H_HRO,gt,abac_perm,AL,3,5,,G11-02300,0,withhold,0,0,abac_perm,cell-miss,,0
A0533,adversarial,F5,H_HRO:E_H_HRO,gt,abac_restr,AL,3,5,,G11-02300,0,withhold,0,0,abac_restr,cell-miss,,0
A0533,adversarial,F5,H_HRO:E_H_HRO,gt,idpdm,AL,3,5,,G11-02300,0,withhold,0,0,C1,cell-miss(AL),,0
A0534,adversarial,F5,F_PAY:E_F_PAY,gt,ungoverned,AB,2,5,,G04-00084,1,withhold,1,0,-,no-governance,,0
A0534,adversarial,F5,F_PAY:E_F_PAY,gt,menu,AB,2,5,,G04-00084,0,withhold,0,0,menu,template-level,,0
A0534,adversarial,F5,F_PAY:E_F_PAY,gt,abac_perm,AB,2,5,,G04-00084,0,withhold,0,0,abac_perm,cell-miss,,0
A0534,adversarial,F5,F_PAY:E_F_PAY,gt,abac_restr,AB,2,5,,G04-00084,0,withhold,0,0,abac_restr,cell-miss,,0
A0534,adversarial,F5,F_PAY:E_F_PAY,gt,idpdm,AB,2,5,,G04-00084,0,withhold,0,0,C1,cell-miss(AB),,0
A0535,adversarial,F6,S_ACC:E_S_ACC,gt,ungoverned,PB,3,5,,G09-00935,1,withhold,1,0,-,no-governance,,0
A0535,adversarial,F6,S_ACC:E_S_ACC,gt,menu,PB,3,5,,G09-00935,1,withhold,1,0,menu,template-level,,0
A0535,adversarial,F6,S_ACC:E_S_ACC,gt,abac_perm,PB,3,5,,G09-00935,1,withhold,1,0,abac_perm,cell-open(≤3) tier-blind,,0
A0535,adversarial,F6,S_ACC:E_S_ACC,gt,abac_restr,PB,3,5,,G09-00935,1,withhold,1,0,abac_restr,tier 3<=max 3,,0
A0535,adversarial,F6,S_ACC:E_S_ACC,gt,idpdm,PB,3,5,,G09-00935,0,withhold,0,0,R3,R3:row(ownership 본인 단독 아님),,0
A0536,adversarial,F6,B_RHQ:E_B_RHQ,gt,ungoverned,LN,3,5,,G05-00470,1,withhold,1,0,-,no-governance,,0
A0536,adversarial,F6,B_RHQ:E_B_RHQ,gt,menu,LN,3,5,,G05-00470,1,withhold,1,0,menu,template-level,,0
A0536,adversarial,F6,B_RHQ:E_B_RHQ,gt,abac_perm,LN,3,5,,G05-00470,1,withhold,1,0,abac_perm,cell-open(≤2) tier-blind,,0
A0536,adversarial,F6,B_RHQ:E_B_RHQ,gt,abac_restr,LN,3,5,,G05-00470,0,withhold,0,0,abac_restr,tier 3<=max 2,,0
A0536,adversarial,F6,B_RHQ:E_B_RHQ,gt,idpdm,LN,3,5,,G05-00470,0,withhold,0,0,D_final,tier 3>2,,0
A0537,adversarial,F6,C_CC:E_C_CC,gt,ungoverned,AL,3,5,,G11-02300,1,withhold,1,0,-,no-governance,,0
A0537,adversarial,F6,C_CC:E_C_CC,gt,menu,AL,3,5,,G11-02300,0,withhold,0,0,menu,template-level,,0
A0537,adversarial,F6,C_CC:E_C_CC,gt,abac_perm,AL,3,5,,G11-02300,0,withhold,0,0,abac_perm,cell-miss,,0
A0537,adversarial,F6,C_CC:E_C_CC,gt,abac_restr,AL,3,5,,G11-02300,0,withhold,0,0,abac_restr,cell-miss,,0
A0537,adversarial,F6,C_CC:E_C_CC,gt,idpdm,AL,3,5,,G11-02300,0,withhold,0,0,C1,cell-miss(AL),,0
A0538,adversarial,F6,S_DEP:E_S_DEP,gt,ungoverned,AL,3,5,,G11-02300,1,withhold,1,0,-,no-governance,,0
A0538,adversarial,F6,S_DEP:E_S_DEP,gt,menu,AL,3,5,,G11-02300,0,withhold,0,0,menu,template-level,,0
A0538,adversarial,F6,S_DEP:E_S_DEP,gt,abac_perm,AL,3,5,,G11-02300,0,withhold,0,0,abac_perm,cell-miss,,0
A0538,adversarial,F6,S_DEP:E_S_DEP,gt,abac_restr,AL,3,5,,G11-02300,0,withhold,0,0,abac_restr,cell-miss,,0
A0538,adversarial,F6,S_DEP:E_S_DEP,gt,idpdm,AL,3,5,,G11-02300,0,withhold,0,0,C1,cell-miss(AL),,0
A0539,adversarial,F6,C_CC:E_C_CC,gt,ungoverned,PB,3,5,,G09-00935,1,withhold,1,0,-,no-governance,,0
A0539,adversarial,F6,C_CC:E_C_CC,gt,menu,PB,3,5,,G09-00935,1,withhold,1,0,menu,template-level,,0
A0539,adversarial,F6,C_CC:E_C_CC,gt,abac_perm,PB,3,5,,G09-00935,1,withhold,1,0,abac_perm,cell-open(≤3) tier-blind,,0
A0539,adversarial,F6,C_CC:E_C_CC,gt,abac_restr,PB,3,5,,G09-00935,1,withhold,1,0,abac_restr,tier 3<=max 3,,0
A0539,adversarial,F6,C_CC:E_C_CC,gt,idpdm,PB,3,5,,G09-00935,0,withhold,0,0,R3,R3:row(ownership 본인 단독 아님),,0
A0540,adversarial,F6,F_DW:E_F_DW,gt,ungoverned,LN,2,5,,G05-00083,1,withhold,1,0,-,no-governance,,0
A0540,adversarial,F6,F_DW:E_F_DW,gt,menu,LN,2,5,,G05-00083,0,withhold,0,0,menu,template-level,,0
A0540,adversarial,F6,F_DW:E_F_DW,gt,abac_perm,LN,2,5,,G05-00083,0,withhold,0,0,abac_perm,cell-miss,,0
A0540,adversarial,F6,F_DW:E_F_DW,gt,abac_restr,LN,2,5,,G05-00083,0,withhold,0,0,abac_restr,cell-miss,,0
A0540,adversarial,F6,F_DW:E_F_DW,gt,idpdm,LN,2,5,,G05-00083,0,withhold,0,0,C1,cell-miss(LN),,0
A0541,adversarial,F6,H_HRO:E_H_HRO,gt,ungoverned,PB,3,5,,G09-00935,1,withhold,1,0,-,no-governance,,0
A0541,adversarial,F6,H_HRO:E_H_HRO,gt,menu,PB,3,5,,G09-00935,1,withhold,1,0,menu,template-level,,0
A0541,adversarial,F6,H_HRO:E_H_HRO,gt,abac_perm,PB,3,5,,G09-00935,1,withhold,1,0,abac_perm,cell-open(≤3) tier-blind,,0
A0541,adversarial,F6,H_HRO:E_H_HRO,gt,abac_restr,PB,3,5,,G09-00935,1,withhold,1,0,abac_restr,tier 3<=max 3,,0
A0541,adversarial,F6,H_HRO:E_H_HRO,gt,idpdm,PB,3,5,,G09-00935,0,withhold,0,0,R3,R3:row(ownership 본인 단독 아님),,0
A0542,adversarial,F6,S_ACC:E_S_ACC,gt,ungoverned,CP,3,5,,G02-00467,1,withhold,1,0,-,no-governance,,0
A0542,adversarial,F6,S_ACC:E_S_ACC,gt,menu,CP,3,5,,G02-00467,0,withhold,0,0,menu,template-level,,0
A0542,adversarial,F6,S_ACC:E_S_ACC,gt,abac_perm,CP,3,5,,G02-00467,0,withhold,0,0,abac_perm,cell-miss,,0
A0542,adversarial,F6,S_ACC:E_S_ACC,gt,abac_restr,CP,3,5,,G02-00467,0,withhold,0,0,abac_restr,cell-miss,,0
A0542,adversarial,F6,S_ACC:E_S_ACC,gt,idpdm,CP,3,5,,G02-00467,0,withhold,0,0,C1,cell-miss(CP),,0
A0543,adversarial,F6,B_RHQ:E_B_RHQ,gt,ungoverned,CP,3,5,,G02-00467,1,withhold,1,0,-,no-governance,,0
A0543,adversarial,F6,B_RHQ:E_B_RHQ,gt,menu,CP,3,5,,G02-00467,1,withhold,1,0,menu,template-level,,0
A0543,adversarial,F6,B_RHQ:E_B_RHQ,gt,abac_perm,CP,3,5,,G02-00467,1,withhold,1,0,abac_perm,cell-open(≤2) tier-blind,,0
A0543,adversarial,F6,B_RHQ:E_B_RHQ,gt,abac_restr,CP,3,5,,G02-00467,0,withhold,0,0,abac_restr,tier 3<=max 2,,0
A0543,adversarial,F6,B_RHQ:E_B_RHQ,gt,idpdm,CP,3,5,,G02-00467,0,withhold,0,0,D_final,tier 3>2,,0
A0544,adversarial,F6,F_DW:E_F_DW,gt,ungoverned,PB,3,5,,G09-00935,1,withhold,1,0,-,no-governance,,0
A0544,adversarial,F6,F_DW:E_F_DW,gt,menu,PB,3,5,,G09-00935,1,withhold,1,0,menu,template-level,,0
A0544,adversarial,F6,F_DW:E_F_DW,gt,abac_perm,PB,3,5,,G09-00935,1,withhold,1,0,abac_perm,cell-open(≤3) tier-blind,,0
A0544,adversarial,F6,F_DW:E_F_DW,gt,abac_restr,PB,3,5,,G09-00935,1,withhold,1,0,abac_restr,tier 3<=max 3,,0
A0544,adversarial,F6,F_DW:E_F_DW,gt,idpdm,PB,3,5,,G09-00935,0,withhold,0,0,R3,R3:row(ownership 본인 단독 아님),,0
A0545,adversarial,F6,F_SAL:E_F_SAL,gt,ungoverned,LN,3,5,,G05-00470,1,withhold,1,0,-,no-governance,,0
A0545,adversarial,F6,F_SAL:E_F_SAL,gt,menu,LN,3,5,,G05-00470,1,withhold,1,0,menu,template-level,,0
A0545,adversarial,F6,F_SAL:E_F_SAL,gt,abac_perm,LN,3,5,,G05-00470,1,withhold,1,0,abac_perm,cell-open(≤2) tier-blind,,0
A0545,adversarial,F6,F_SAL:E_F_SAL,gt,abac_restr,LN,3,5,,G05-00470,0,withhold,0,0,abac_restr,tier 3<=max 2,,0
A0545,adversarial,F6,F_SAL:E_F_SAL,gt,idpdm,LN,3,5,,G05-00470,0,withhold,0,0,D_final,tier 3>2,,0
A0546,adversarial,F6,F_PAY:E_F_PAY,gt,ungoverned,LN,3,5,,G05-00470,1,withhold,1,0,-,no-governance,,0
A0546,adversarial,F6,F_PAY:E_F_PAY,gt,menu,LN,3,5,,G05-00470,0,withhold,0,0,menu,template-level,,0
A0546,adversarial,F6,F_PAY:E_F_PAY,gt,abac_perm,LN,3,5,,G05-00470,0,withhold,0,0,abac_perm,cell-miss,,0
A0546,adversarial,F6,F_PAY:E_F_PAY,gt,abac_restr,LN,3,5,,G05-00470,0,withhold,0,0,abac_restr,cell-miss,,0
A0546,adversarial,F6,F_PAY:E_F_PAY,gt,idpdm,LN,3,5,,G05-00470,0,withhold,0,0,C1,cell-miss(LN),,0
